split,sentence1,sentence2,score
train,But other sources close to the sale said Vivendi was keeping the door open to further bids and hoped to see bidders interested in individual assets team up.,But other sources close to the sale said Vivendi was keeping the door open for further bids in the next day or two.,4.0
train,The fines are part of failed Republican efforts to force or entice the Democrats to return.,"Perry said he backs the Senate's efforts, including the fines, to force the Democrats to return.",2.8
train,"The American Anglican Council, which represents Episcopalian conservatives, said it will seek authorization to create a separate group.","The American Anglican Council, which represents Episcopalian conservatives, said it will seek authorization to create a separate province in North America because of last week's actions.",3.4
train,"Amgen shares gained 93 cents, or 1.45 percent, to $65.05 in afternoon trading on Nasdaq.",Shares of Allergan were up 14 cents at $78.40 in late trading on the New York Stock Exchange.,1.333
train,U.S. prosecutors have arrested more than 130 individuals and have seized more than $17 million in a continuing crackdown on Internet fraud and abuse.,More than 130 people have been arrested and $17 million worth of property seized in an Internet fraud sweep announced Friday by three U.S. government agencies.,4.6
train,"Chavez said investigators feel confident they've got ""at least one of the fires resolved in that regard.""","Albuquerque Mayor Martin Chavez said investigators felt confident that with the arrests they had ""at least one of the fires resolved.""",3.8
train,The support will come as a free software upgrade called WebVPN for current customers that have support contracts.,The upgrade will be available as a free download for current customers with SmarNet support in January 2004.,2.6
train,The man accused of using fake grenades to commandeer a Cuban plane that landed in Key West in April was sentenced Friday to 20 years in prison.,A Cuban architect was sentenced to 20 years in prison Friday for using two fake grenades to hijack a passenger plane from Cuba to Florida in April.,4.4
train,"The hearing occurred a day after the Pentagon for the first time singled out an officer, Dallager, for not addressing the scandal.",The hearing came one day after the Pentagon for the first time singled out an officer - Dallager - for failing to address the scandal.,5.0
train,"The Episcopal Church ''is alienating itself from the Anglican Communion,'' said the Very Rev. Peter Karanja, provost of the All Saints Cathedral, in Nairobi.","In Nairobi, the provost of All Saints Cathedral, the Very Reverend Peter Karanja, said the US Episcopal Church was alienating itself from the Anglican Communion.",5.0
train,"Counties with population declines will be Vermillion, Posey and Madison.","Vermillion, Posey and Madison County populations will decline.",5.0
train,"Swartz, indicted in February, had argued that New Hampshire was the wrong place to charge him.","Swartz had sought to have the charges dismissed, saying New Hampshire was the wrong place to charge him.",3.4
train,They were at Raffles Hospital over the weekend for further evaluation.,"They underwent more tests over the weekend, and are now warded at Raffles Hospital.",3.2
train,Plofsky said the commission won't investigate because the three-year statute of limitations has expired.,"The panel will not begin a formal investigation because the statute of limitations has expired, Plofsky said.",4.4
train,"The technology-laced Nasdaq Composite Index was up 7.60 points, or 0.46 percent, at 1,653.62.","The broader Standard & Poor's 500 Index <.SPX> shed 2.38 points, or 0.24 percent, at 995.10.",0.8
train,Hilsenrath and Klarman each were indicted on three counts of securities fraud.,Klarman was charged with 16 counts of wire fraud.,1.4
train,Entrenched interests are positioning themselves to control the network's chokepoints and they are lobbying the FCC to aid and abet them.,"It may be dying because entrenched interests are positioning themselves to control the Internet's choke-points and they are lobbying the FCC to aid and abet them.""",3.2
train,Squyres is principal investigator for the Athena payload - a collection of science instruments carted by each rover.,"Steve Squyres, a Cornell University scientist, is principal investigator for the missions' science instruments.",4.2
train,The new sensor -- dubbed CANARY for ''cellular analysis and notification of antigen risks and yields'' -- hijacks this natural process with two important changes.,"The team has named the sensor Canary, for cellular analysis and notification of antigen risks and yields.",3.6
train,Express Scripts ESRX.O shares fell 3.6 percent to close at $66.89 on the Nasdaq.,Shares of Express Scripts ESRX.O fell about 4 percent to $66.73 on the Nasdaq in late morning trade.,3.0
train,"One, Fort Carson-based Sgt. Ernest Bucklew, 33, had been on his way home to attend his mother's funeral in Pennsylvania.","Sgt. Ernest Bucklew, 33, was coming home from Iraq to bury his mother in Pennsylvania.",3.0
train,Police launched an international hunt for Shevaun Pennington after she ran away with 31-year-old Toby Studabaker Saturday.,Shevaun Pennington disappeared on Saturday morning after arranging to meet 31-year-old Toby Studabaker.,3.0
train,"Lawyers and others familiar with the federal investigation say it remains focused on Campbell, though prosecutors declined to discuss the probe.","While federal prosecutors refuse to discuss the investigation, lawyers and others familiar with it say it remains focused on Campbell.",4.8
train,Boeing said the final agreement is expected to be signed during the next few weeks.,"The Korean Air deal is expected to be finalized ""in the next several weeks,"" Boeing spokesman Bob Saling said.",3.0
train,"Shares in EDS closed on Thursday at $18.51, a gain of 6 cents.","Shares of EDS closed Thursday at $18.51, up 6 cents on the New York Stock Exchange.",3.667
train,"Nationally, the federal Centers for Disease Control and Prevention recorded 4,156 cases of West Nile, including 284 deaths.","There were 293 human cases of West Nile in Indiana in 2002, including 11 deaths statewide.",1.667
train,A divided Supreme Court ruled Monday that Congress can force the nation's public libraries to equip computers with anti-pornography filters.,"The Supreme Court said Monday the government can require public libraries to equip computers with anti-pornography filters, rejecting librarians' complaints that the law amounts to censorship.",3.6
train,The weakness exists in the way that VBA looks at the properties of documents passed to it when the document is opened by a host application.,The vulnerability exists in the way Microsoft's Visual Basic for Applications checks document properties passed to it when a document is opened.,3.8
train,"Of 24 million phoned-in votes, 50.28 percent were for Studdard, putting him 130,000 votes ahead of Aiken.","Of the 24 million phone votes cast, Studdard was only 130,000 votes ahead of Aiken.",3.4
train,Consumers still would have to get a descrambling security card from their cable operator to plug into the set.,"To watch pay television, consumers would insert into the set a security card provided by their cable service.",3.4
train,"The Food and Drug Administration rejected ImClone's 2001 application to sell Erbitux, citing shoddy research.","The U.S. Food and Drug Administration rejected ImClone's original application in December 2001, saying the trial had been sloppily conducted.",2.8
train,"Critics say the law violates civil liberties, something House Judiciary Committee Chairman James Sensenbrenner, R-Wis., says he is sensitive to.","House Judiciary Committee Chairman James Sensenbrenner, R-Wis., says he is sensitive to civil liberties complaints.",3.75
train,"The Dodgers won their sixth consecutive game their longest win streak since 2001 as they edged Colorado, 3-2, Wednesday in front of a crowd of 25,332 at Dodger Stadium.","The Dodgers won their sixth consecutive game and seventh in their last nine as they beat Colorado 3-2 on Wednesday in front of a crowd of 25,332 at Dodger Stadium.",4.4
train,"The 30-year bond US30YT=RR firmed 31/32, taking its yield to 4.16 percent -- another record low -- from 4.22 percent.","The 30-year bond <US30YT=RR> firmed 24/32, taking its yield to 4.18 percent, after hitting another record low of 4.16 percent.",2.75
train,"On Thursday, a Washington Post article argued that a 50 basis point cut from the Fed was more likely, contrary to the Wall Street Journal's line.","On Thursday, a Post article argued that a 50 basis point cut from the Fed was more likely.",3.75
train,Lay had argued that handing over the documents would be a violation of his Fifth Amendment rights against self-incrimination.,"Lay had refused to turn over the papers, asserting his Fifth Amendment right against self-incrimination.",3.8
train,Strayhorn said it was the first time in Texas history a comptroller had not certified the appropriations act.,"In a news release Thursday, Strayhorn said this was the first time a comptroller rejected a budget.",3.2
train,"Excluding the charges, analysts, on average, expected a loss of 11 cents a share.",Analysts polled by Thomson Financial First Call had been expected to see a loss of about 11 cents a share from continuing operations.,3.8
train,Mr Sahel said police had identified the bodies of seven of the 14-strong cell believed to have carried out the five almost simultaneous attacks on Saturday.,He said police had identified the bodies of seven of the 14 bombers who launched five almost simultaneous raids Friday night.,4.0
train,"Only New Jersey now bans holders of learners permits or intermediate licenses from using cell phones, pagers or other wireless devices while driving.","In addition, the NTSB also recommended to NHTSA that state legislation be enacted to prohibit holders of learners permits and intermediate licenses from using mobile phones while driving.",1.4
train,The University of Michigan released today a new admissions policy after the U.S. Supreme Court struck down in June the way it previously admitted undergraduates.,The University of Michigan plans to release a new undergraduate admissions policy Thursday after its acceptance requirements were rejected by the U.S. Supreme Court in June.,4.2
train,Former company chief financial officer Franklyn M. Bergonzi pleaded guilty to one count of conspiracy on June 5 and agreed to cooperate with prosecutors.,"Last week, former chief financial officer Franklyn Bergonzi pleaded guilty to one count of conspiracy and agreed to cooperate with the government's investigation.",4.2
train,The company didn't detail the costs of the replacement and repairs.,But company officials expect the costs of the replacement work to run into the millions of dollars.,2.0
train,"""I felt that if I disagreed with Rosie too much I would lose my job,"" she said.","Cavender did say: ""I felt that if I disagreed with Rosie too much I would lose my job.""",3.25
train,The device plays Internet radio streams and comes with a 30-day trial of RealNetworks' Rhapsody music service.,The product also streams Internet radio and comes with a 30-day free trial for RealNetworks' Rhapsody digital music subscription service.,5.0
train,"The dollar fell as low as $1.1624 per euro from $1.1486 on Friday, and traded at $1.1594 at 10:15 a.m. in London.",The dollar dropped to $1.1564 per euro at 7:30 a.m. in London from $1.1486 on Friday.,3.0
train,"The American decision provoked an angry reaction from the European Commission, which described the move as ""legally unwarranted, economically unfounded and politically unhelpful"".","The European Commission, the EU's powerful executive body, described the move as ""legally unwarranted, economically unfounded and politically unhelpful.""",3.75
train,"Ms. Cripps-Prawak left last Friday, two days after the department introduced a plan to distribute medical marijuana through doctors' offices.","The director of the Office of Medical Access, Cindy Cripps-Prawak, left her job after the department introduced a plan to distribute marijuana through doctors' offices.",4.25
train,"During 2001 and 2002, Morgenthau said, wire transfers from just four of Beacon Hill's 40 accounts totaled more than $3.2 billion.","Wire transfers from four of the 40 accounts open at Beacon Hill totaled more than $3.2 billion from 2001 to 2002, Morgenthau said.",4.75
train,"Last year, he made an unsuccessful bid for the Democratic nomination for governor.","He ran last year for the Democratic nomination for Texas governor, but lost the primary to multimillionaire Tony Sanchez.",3.25
train,"The nation's largest retailer has told its 100 top suppliers they have to start using electronic tags on all pallets of goods by Jan. 25, 2005.","Wal-Mart has told its top 100 suppliers that they'll need to have radio-frequency ID systems in place for tracking pallets of goods through the supply chain by Jan. 25, 2005.",3.75
train,He was taken to a hospital for precautionary X-rays on his neck.,"Harvey was taken to St. Luke's Hospital for precautionary neck X-rays, which came back negative.",3.25
train,"During the hearing, Morales expressed ""sincere regrets and remorse"" for his actions.","Morales, who pleaded guilty in July, expressed ""sincere regret and remorse"" for his crimes.",3.8
train,U.S. District Judge Edmund Sargus ruled that the Akron-based company should have determined that changes at one of its plants would increase overall pollution emissions.,"FirstEnergy Corp. should have determined that modernizing one of its plants would increase overall pollution emissions, U.S. District Judge Edmund Sargus ruled Thursday.",3.6
train,"Site Finder has been visited 65 million times since its introduction, Galvin said.","Through Sunday, Sept. 21, Site Finder has been visited over 65 million times by Internet users.",3.8
train,There are 103 Democrats in the Assembly and 47 Republicans.,Democrats dominate the Assembly while Republicans control the Senate.,2.0
train,"""I came basically to Washington to establish relationships and to make sure that we are getting more federal money to California,"" Schwarzenegger said after meeting with congressional Republicans.","""I came to Washington basically to establish relationships and make sure we are getting more federal money,"" Schwarzenegger said after one meeting.",4.2
train,"The latest snapshot of the labor markets was slightly better than economists were expecting; they were forecasting claims to fall no lower than 410,000 for last week.","Despite problems in the job market, the latest snapshot of the labor markets was slightly better than economists were expecting.",3.4
train,"""They were tossed around like feathers,"" Gordon said.","""The concrete barriers (between lanes) were being tossed around like feathers.""",3.0
train,"Chante Jawan Mallard, 27, went on trial Monday, charged with first-degree murder.","Chante Jawaon Mallard, 27, is charged with murder and tampering with evidence.",3.0
train,"""IT is the only vehicle on which established economies will be able to compete,"" Barrett said.","""IT is the only vehicle on which established economies will be able to compete"" with fast-growing economies such as China and India, Barrett said.",3.25
train,"Linda Saunders pleaded guilty in federal court to six charges, including extortion, money laundering and conspiracy.",Former Phipps aides Linda Saunders and Bobby McLamb have both pleaded guilty to federal charges including extortion.,2.75
train,Vivendi shares closed 3.8 percent up in Paris at 15.78 euros.,Vivendi shares were 0.3 percent up at 15.62 euros in Paris at 0841 GMT.,2.6
train,Microsoft has identified the freely distributed Linux software as one of the biggest threats to its sales.,The company has publicly identified Linux as one of its biggest competitive threats.,3.4
train,"Antonio Monteiro de Castro, 58, currently director of the group’s Latin America & Caribbean operations, will become chief operating officer from the same date.","BAT also said Antonio Monteiro de Castro, director for Latin America and the Caribbean, would become chief operating officer on January 1, 2004.",3.6
train,"On Tuesday, the central bank left interest rates steady, as expected, but also declared that overall risks were weighted toward weakness and warned of deflation risks.","The central bank's policy board left rates steady for now, as widely expected, but surprised the market by declaring that overall risks were weighted toward weakness.",4.0
train,"The new system costs between $1.1 million and $22 million, depending on configuration.","The system is priced from US$1.1 million to $22.4 million, depending on configuration.",3.6
train,Dusty had battled kidney cancer for more than a year.,Dusty had surgery for cancer in 2001 and had a kidney removed.,2.4
train,"Kadyrov was not injured, but four of his bodyguards were among those killed.",But Itar-Tass news agency said four of his bodyguards were among those killed by the bomb.,3.0
train,"The router will be available in the first quarter of 2004 and will cost around $200, the company said.","Netgear prices the WGT634U Super Wireless Media Router, which will be available in the first quarter of 2004, at under $200.",3.0
train,The officials did not say whether U.S. forces crossed into Syrian territory and were vague about how the Syrian border guards became involved.,"U.S. officials did not say whether American forces, who were acting on intelligence, crossed into Syrian territory and were vague about how the Syrian guards were involved.",4.0
train,VeriSign introduced its Site Finder service on Sept. 15.,"The battle around VeriSign""s three-week-old Site Finder service rages on.",1.75
train,"On Monday, as first reported by CNET News.com, the RIAA withdrew a DMCA notice to Penn State University's astronomy and astrophysics department.","Last Thursday, the RIAA sent a stiff copyright warning to Penn State's department of astronomy and astrophysics.",1.75
train,"Druce is still being held at the prison and is now in isolation, she said.",Druce last night was held in isolation at the same prison.,4.5
train,"Their leader, Abu Bakr al-Azdi, turned himself in in June; his deputy was killed in a recent shootout with Saudi forces.","Their leader, Abu Bakr al-Azdi, surrendered in June; his deputy was killed in a shoot-out with Saudi forces recently.",5.0
train,"After Freitas' opening statement, King County Superior Court Judge Charles Mertel recessed trial until after the Thanksgiving weekend.",King County Superior Court Judge Charles Mertel will then recess the trial until Monday.,3.0
train,"Google's investors include prominent VC firms Kleiner Perkins Caufield & Byers and Sequoia Capital, the paper noted.",Google's early stage backers in include California-based Stanford University and VC firms Kleiner Perkins and Sequoia Capital.,2.8
train,July 1st is the sixth anniversary of Hong Kong's return to Chinese rule.,The rally overshadowed ceremonies marking the sixth anniversary of Hong Kong's return to China on 1 July 1997.,2.667
train,"""I'm not going to be sponsoring it because it is not our proposal but I'm not going to be negative about it"".","""I'm not going to be sponsoring it because it's not our proposal, but I'm not responding to it in a negative way,"" he said.",4.4
train,"The government recently shelved peace talks with the MILF, being brokered by Malaysia, after a string of attacks, including three bombings, on Mindanao.","The government recently shelved peace talks being brokered by neighbouring Malaysia after a spate of attacks on Mindanao, including three deadly bombings, that it blamed on the MILF.",4.25
train,"The company posted a profit of $54.3 million, or 22 cents per share, in the year-ago period.","That was up from the year-ago quarter, when the company earned $54.3 million, or 22 cents a share.",4.176
train,"Joining Boston on Monday were the Massachusetts communities of Watertown, Saugus and Framingham.","Along with Boston, Watertown, Saugus and Framingham also are going smoke-free Monday.",3.0
train,He was tracked to Atlanta where he was arrested on Tuesday night.,"He was arrested in Atlanta, Georgia, on Monday night by police acting on a tip-off.",2.5
train,The union had not yet revealed which chain would be targeted.,The union said it would reveal later which chain would be targeted.,4.6
train,"The updated products include Pylon Pro, Pylon Conduit, Pylon Anywhere, and Pylon Application Server.",The new products on the desktop side include the latest versions of Pylon Conduit and Pylon Pro.,2.8
train,Dixon was otherwise the class of the field at Pikes Peak International Raceway.,Scott Dixon eventually made winning the Honda Indy 225 look easy Sunday at Pikes Peak International Raceway.,2.8
train,"In April, it had forecast operating earnings in the range of 60 to 80 cents a share.",Kodak expects earnings of 5 cents to 25 cents a share in the quarter.,1.0
train,"From Florida to Alaska, thousands of revelers vowed to push for more legal rights, including same-sex marriages.","Thousands of revellers, celebrating the decision, vowed to push for more legal rights, including same-sex marriages.",4.2
train,"Others with such a status are Egypt, Israel, and Australia.",Nations like Israel and Australia already have such status.,2.5
train,The findings appear in Wednesday's Journal of the American Medical Association (news - web sites).,The results are to be published in Wednesday's issue of The Journal of the American Medical Association.,3.5
train,"Additionally, the h2210’s cradle has room to charge a second battery.",The cradle for the h2200 has space for recharging a second battery.,4.75
train,"U.S. forces struck dozens of targets on Monday, killing six guerrillas and arresting 21 others, the military said.","U.S. forces struck dozens of targets on Monday, killing six guerrillas and arresting 99 others during 1,729 patrols and 25 raids conducted over 24 hours.",3.0
train,"""Close co-operation between law-enforcement agencies and intelligence services lie at the heart of the ongoing fight against terrorism,"" Mr Howard said.","Close cooperation between regional law enforcement agencies and intelligence services was at the heart of the fight against terrorism, he said.",4.0
train,"In 2006, the group says the market will rebound 29.6 percent to $21.3 billion in sales.","In 2006, Asia Pacific will report growth of 7.9 percent to $81.8 billion.",2.0
train,"They came despite what BA called a ""difficult quarter"", which it said included unofficial industrial action at Heathrow.","BA said the second quarter, which included unofficial industrial action at Heathrow, had been difficult.",3.6
train,This northern autumn US trainers will work with soldiers from four North African countries on patrolling and gathering intelligence.,"Later this year, the command will send trainers with soldiers from four North African nations on patrolling and intelligence gathering missions.",3.8
train,It later emerged that he had broken his right thigh and bones in his right wrist and elbow.,Tour doctors later confirmed that he had broken his right leg near the hip and also sustained wrist and elbow fractures.,4.0
train,The author is one of several defense experts expected to testify.,Spitz is expected to testify later for the defense.,3.0
train,"""The figures are becoming catastrophic,"" said Dr. Patrick Pelloux, the president of the association of emergency room physicians.","This is unacceptable,"" said Patrick Pelloux, the president of France's Association of Emergency Doctors.",2.5
train,"""Whatever has happened to you by way of punishment is certainly more than enough,"" Covello told the 49-year-old, whose family, friends and supporters filled half the courtroom.","""What has happened to you, sir, by way of punishment, is certainly more than enough,"" Covello said.",3.0
train,The mother also alleged in the lawsuit that she was sexually assaulted by one of the guards.,The mother also contended that she was sexually assaulted by one of the guards during the 1998 confrontation.,4.0
train,"The two-year note US2YT=RR fell 5/32 in price, taking its yield to 1.23 percent from 1.16 percent late on Monday.","The benchmark 10-year note US10YT=RR lost 11/32 in price, taking its yield to 3.21 percent from 3.17 percent late on Monday.",2.0
train,As part of a restructuring Peregrine sold its Remedy help desk software unit last year to BMC Software Inc.,Peregrine sold its Remedy business unit to BMC Software in November for $355 million.,3.0
train,"Yes, from today Flash memory purchased from AMD or Fujitsu will be branded Spansion.",Spansion Flash memory solutions are available worldwide from AMD and Fujitsu.,2.625
train,The world's two largest automakers said their U.S. sales declined more than predicted last month as a late summer sales frenzy caused more of an industry backlash than expected.,Domestic sales at both GM and No. 2 Ford Motor Co. declined more than predicted as a late summer sales frenzy prompted a larger-than-expected industry backlash.,3.2
train,"The pressure may well rise on Thursday, with national coverage of the final round planned by ESPN, the cable sports network.","The pressure will intensify today, with national coverage of the final round planned by ESPN and words that are even more difficult.",3.2
train,"Pataki praised Abraham's decision, and LIPA Chairman Richard Kessel said the cable should be kept in operation permanently.","LIPA Chairman Richard Kessel said that meant the cable could be used ""as we see fit.",2.4
train,Dynes came to UC San Diego in 1991 after 22 years as a physicist with AT&T Bell Labs.,"Dynes has been at UC San Diego since 1991 after spending 22 years with AT&T Bell Labs, where he worked on superconductors and other materials.",3.6
train,"Shares in BA were down 1.5 percent at 168 pence by 1420 GMT, off a low of 164p, in a slightly stronger overall London market.","Shares in BA were down three percent at 165-1/4 pence by 0933 GMT, off a low of 164 pence, in a stronger market.",2.4
train,Joining Stern and McEntee on stage was International Union of Painters and Allied Trades President James Williams.,The International Union of Painters and Allied Trades endorsed Mr Dean several weeks ago.,2.6
train,"It exploded in his hands, but the former Italian prime minister was unhurt.",The letter bomb sent to Prodi exploded in his hands but he was unhurt.,3.6
train,"Halabi's military attorney, Air Force Maj. James Key, denied the charges, which could carry a death penalty.","The attorney representing al-Halabi, Air Force Maj. James Key III, denied the charges, according to The Associated Press.",3.2
train,"The House has passed prescription-drug legislation in the last two sessions, but the Senate has failed to do so.","The House has passed bills the past two Congresses, but the Senate has not.",3.4
train,"Once converted, BayStar will own an aggregate of approximately 2.95 million shares of SCO common stock or 17.5 percent of the company's outstanding shares.","The investment gives Larkspur, Calif.-based BayStar more than 2.9 million shares of SCO common stock, or 17.5 percent of the company's outstanding shares.",4.0
train,The elderly and those with weakened immune systems are also urged to protect against mosquito bites.,"But for the elderly and those with weakened immune systems, it can be fatal.",2.6
train,OPEC producers at a meeting on Wednesday are set to pressure independent oil exporters to contribute to the cartel's next supply cut to allow for the return of Iraqi oil.,OPEC this week is set to pressure independent exporters to back the cartel's next supply cut to prevent the resumption of Iraqi exports undercutting oil prices.,2.8
train,"Ms Lafferty's lawyer, Thomas Ezzell, told a Kentucky newspaper: ""My understanding of this is that there is a lower percentage of successful impregnations with frozen.","""My understanding of this is that there is a lower percentage of successful impregnations with frozen,"" Ezzell said.",3.6
train,"The Federal Trade Commission (FTC) asked Congress today for additional authority to fight unwanted Internet spam, which now accounts for up to half of all e-mail traffic.","The Federal Trade Commission asked Congress yesterday for broader powers to attack the rapidly growing problem of spam, which new studies show accounts for half of all e-mail traffic.",5.0
train,"People who have opposed these actions throughout are now trying to find fresh reasons to say this wasn't the right thing to do.""","""What is happening here is that people who have opposed this action throughout are trying to find fresh reasons why it was not the right thing to do.""",4.0
train,"Klarman was arrested by FBI agents in the Hamptons, an exclusive summer resort enclave east of New York City.",Klarman was arrested by FBI agents Monday morning at his home in New York.,4.0
train,"The report also claims that there will be up to 9.3 million visitors to hot spots this year, up again from the meagre 2.5 million in 2002.","There will be 9.3 million visitors to hot spots in 2003, up from 2.5 million in 2002, Gartner said.",4.5
train,"Richard Miller remained hospitalized after undergoing a liver transplant, but his wife has recovered.","Richard Miller, 57, survived a lifesaving liver transplant but remains hospitalized.",3.2
train,Sequent representatives could not immediately be reached for comment on the SCO announcement.,A spokesman for SCO could not be reached for comment this afternoon.,3.8
train,"WORLD No. 2 Lleyton Hewitt has accused the Association of Tennis Professionals of malice, including an alleged attempt last year to dupe him into refusing a drug test.","World No.2 Lleyton Hewitt has accused his professional peers of long-standing malice, including an attempt last year to dupe him into refusing a drug test.",4.0
train,MSN Messenger 6 will be available for download starting at 6 p.m. GMT on Wednesday from http://messenger.msn.com/download/v6preview.asp.,"The MSN Messenger 6 software will be available from 11 a.m. PST on Wednesday, according to Microsoft.",3.25
train,"Families stuck on the highway remained in their cars, and used their cell phones to call home.","Families stuck on the highway were being urged to remain in their cars, and to use their cell phones only in case of emergency.",3.0
train,"A promotional poster, complete with countdown dial, reminds readers of the upcoming release of ""Harry Potter and the Order of the Phoenix.""","The crates are full of hardback copies of ""Harry Potter and the Order of the Phoenix.""",1.5
train,"A spokesman said: ""Since November, we have co-operated fully with the police.","It added it had ""co-operated fully"" with police since November.",4.25
train,"Women who eat potatoes and other tuberous vegetables during pregnancy may be at risk of triggering type 1 diabetes in their children, Melbourne researchers believe.",Australian researchers believe they have found a trigger of type 1 diabetes in children - their mothers eating potatoes and other tuberous vegetables during pregnancy.,4.25
train,"The broad Standard & Poor's 500 Index .SPX inched up 3 points, or 0.32 percent, to 970.","The technology-laced Nasdaq Composite Index .IXIC lost 2 points, or 0.18 percent, to 1,649.",0.75
train,People who once thought their blood pressure was fine actually may be well on their way to hypertension under new U.S. guidelines published on Wednesday.,"People who once thought their blood pressure was fine actually need to start exercising and eating better, according to new U.S. guidelines published on Wednesday.",3.0
train,Amazon also reported that the New York Attorney General's office had settled civil fraud charges with one of the spoofers it identified.,Amazon and the New York attorney general's office have already settled with one of the alleged e-mail forgers.,3.75
train,The leading actress nod went to energetic newcomer Marissa Jaret Winokur as Edna's daughter Tracy.,"Marissa Jaret Winokur, as Tracy, won for best actress in a musical.",4.0
train,"""It appears from our initial report that this was a textbook landing considering the circumstances,"" Burke said.","Said Mr. Burke: ""It was a textbook landing considering the circumstances.""",4.0
train,"Allegiant shares rose $4, or $17.2 percent, to $27.43 in Thursday morning trading on the Nasdaq Stock Market.","Allegiant's stock closed Wednesday at $23.40, up 64 cents, in trading on the Nasdaq market.",2.0
train,"By state law, 911 calls are not public information and were not released.","By law, 911 calls are not public information in Rhode Island.",3.4
train,The ADRs fell 10 cents to $28.95 at 10:06 a.m. in New York Stock Exchange composite trading today.,"Shares of Fox Entertainment Group Inc., News Corp.'s U.S. media and entertainment arm, fell 45 cents to $26.85 in New York Stock Exchange composite trading.",1.4
train,"It will take time to oust die-hard remnants of Saddam Hussein's deposed regime in Iraq, Defense Secretary Donald H. Rumsfeld said Tuesday.",Defense Secretary Donald H. Rumsfeld said Tuesday it will take time to locate die-hard remnants of Saddam Hussein's deposed regime in Iraq.,4.8
train,Bremer said one initiative is to launch a $70 million nationwide program in the next two weeks to clean up neighborhoods and build community projects.,"Bremer said he would launch a $70-million program in the next two weeks to clean up neighborhoods across Iraq and build community projects, but gave no details.",3.4
train,"A search for three missing teenagers uncovered at least two bodies buried beneath freshly poured concrete in the basement of a house, authorities said Wednesday.",Authorities performed an autopsy Thursday on one of three bodies recovered from beneath a layer of freshly poured concrete in the basement of a northwest Indiana home.,2.4
train,"The Nasdaq composite index added 30.46 points, or 2 percent, to 1,520.15.","The Nasdaq had a weekly gain of 17.27, or 1.2 percent, closing at 1,520.15 after gaining 30.46 yesterday.",2.4
train,The British Foreign Office said Monday that coalition authorities in Iraq were pleased that the men were freed.,The British Foreign Office said it had mediated the two men's release.,2.6
train,Wal-Mart estimates more than 100 million Americans visit their stores every week.,"Each week 138 million shoppers visit Wal-Mart's 4,750 stores.",2.8
train,"""I am proud that I stood against Richard Nixon, not with him,"" Kerry said.","""I marched in the streets against Richard Nixon and the Vietnam War,"" she said.",2.4
train,He claimed Red Hat and the Free Software Foundation with trying to undermine U.S. copyright and patent law.,"In his letter, McBride charges the Free Software Foundation and Red Hat with trying to undermine U.S. copyright laws.",4.0
train,"Shares of Corixa were gaining 71 cents, or 10%, to $7.91 on the Nasdaq.","In late-morning trading on the Nasdaq Stock Market, Corixa was up 74 cents, or 10%, at $7.94.",3.25
train,"Police then called a bomb squad, but the device exploded, killing Wells, before bomb technicians arrived.","While waiting for a bomb squad to arrive, the bomb exploded, killing Wells.",4.0
train,"Spokesmen for the FBI, CIA, Canadian Security Intelligence Service and Royal Canadian Mounted Police declined to comment on El Shukrijumah's stay in Canada.","The FBI, CIA, Canadian Security Intelligence Service and Royal Canadian Mounted Police declined to comment on the Washington Times report.",2.75
train,"""This has been a persistent problem that has not been solved,"" investigation board member Steven Wallace said.","""This was a persistent problem which has not been solved, mechanically and physically,"" said board member Steven Wallace.",4.0
train,"The Dow Jones industrial average .DJI ended up 56.79 points, or 0.67 percent, at 8,588.36 -- its highest level since January 17.","The Dow Jones Industrial Average ($DJ: news, chart, profile) rose 56 points, or 0.7 percent, to 8,588.",3.6
train,"""Americans don't cut and run, we have to see this misadventure through,"" she said.","She also pledged to bring peace to Iraq: ""Americans don't cut and run, we have to see this misadventure through.""",3.6
train,"""It just seems like all the issues that we support, he doesn't,"" said Gabriela Lemus of LULAC.","""It just seems like all the issues that we support he doesn't,"" said Gabriela Lemus, the league's director of policy and legislation.",4.2
train,"""City-grown pollution, and ozone in particular, is tougher on country trees,"" says Cornell University ecologist Jillian Gregg.","""I know this sounds counterintuitive, but it's true: City-grown pollution -- and ozone in particular -- is tougher on country trees,"" U.S. ecologist Jillian Gregg said.",3.6
train,Ridge said no real explosives or harmful devices will be used in the exercise.,Ridge said that no actual explosives or other harmful substances will be used.,4.6
train,"Dennehy, who transferred to Baylor last year after getting kicked off the University of New Mexico Lobos for temper tantrums, had begun to read the Bible daily.","Dennehy, who transferred to Baylor last year after getting kicked off the University of New Mexico Lobos for temper tantrums, became a born-again Christian in June 2002.",3.6
train,"This is America, my friends, and it should not happen here,"" he said to loud applause.","""This is America, my friends, and it should not happen here.""",3.25
train,"Bashir felt he was being tried by opinion not on the facts, Mahendradatta told Reuters.","Bashir also felt he was being tried by opinion rather than facts of law, he added.",4.0
train,Schofield got Toepfer to admit on cross-examination that she ignored many of O'Donnell's suggestions and projects.,"But under cross-examination by O'Donnell's attorney, Lorna Schofield, Toepfer conceded she had ignored many of O'Donnell's suggestions and projects.",4.5
train,"On May 1, he crawled through a narrow, winding canyon, rappelled down a 60-foot cliff and walked some six miles down the canyon.","He crawled through a narrow, winding canyon, rappelled down a 60-foot cliff, and walked some six miles down the canyon near Canyonlands National Park in southeastern Utah.",3.75
train,"Amnesty International has said that over the past 20 years it has collected information about 17,000 disappearances in Iraq but the actual figure may be much higher.","Amnesty International said that over the past 20 years it had collected information about 17,000 disappearances in Iraq.",4.0
train,"The Dow Jones Industrial Average fell 0.7 per cent to 9,547.43 while the S&P 500 was 0.8 per cent weaker at 1,025.79.","The Dow Jones industrial average <.DJI> fell 44 points, or 0.46 percent, to 9,568.",1.5
train,She asked to be excused from last week's Cabinet session to prepare for a meeting with the presidents of Rwanda and Uganda.,She took the highly unusual step of skipping cabinet to attend a meeting with the presidents of Rwanda and Uganda.,3.455
train,"""We hope all parties will continue to make efforts and continue the process of dialogue,"" the Chinese Foreign Ministry said in a statement.","China's foreign ministry said: ""We hope all parties will continue to make efforts and continue the process of dialogue.""",5.0
train,School officials said Van-Vliet reported the accident using the bus’ radio.,"Van-Vliet, who was also injured, called in the accident on the school bus radio.",3.75
train,"In a mixture of ancient pagan and modern Christian rites, the villagers have staged a series of ceremonies hoping to erase the misfortunes they believe have kept them poor.",In a mixture of ancient Melanesian pagan and modern Christian ceremonies the people tried again to erase the misfortunes they believe have kept them poor since that long-ago meal.,4.0
train,Monkeypox is usually found only in central and western Africa.,"Prairie dogs, usually found in southwestern and western states, aren’t indigenous to Wisconsin.",0.25
train,Board Chancellor Robert Bennett declined to comment on personnel matters Tuesday.,"Mr. Mills declined to comment yesterday, saying that he never discussed personnel matters.",1.75
train,"In that case, the court held that Cincinnati had violated the First Amendment in banning only the advertising pamphlets in the interest of aesthetics.","In that case, the court held that the city of Cincinnati had violated the First Amendment in banning, in the interest of aesthetics, only the advertising pamphlets.",5.0
train,"The film is the second of a trilogy, which will wrap up in November with The Matrix Revolutions.","""Reloaded"" is the second installment of a trilogy; ""The Matrix Revolutions"" is slated for debut in November.",3.833
train,"In addition, the Justice Department said that the FBI has conducted ''fewer than 10'' investigations involving visits to mosques.","In addition, ""fewer than 10"" FBI offices have conducted investigations involving visits to Islamic mosques, the Justice Department said.",3.75
train,The launch coincides with the JavaOne developers' conference in San Francisco this week.,The news also comes in conjunction with Suns annual JavaOne developers conference in San Francisco.,3.25
train,"The army said the raid, which comes just days after Israeli troops shot and killed Abdullah Kawasme, the Hamas leader in the city, targeted militants in Hamas.","The arrests came just days after Israeli troops shot and killed Abdullah Kawasme, the militant group's leader in Hebron.",3.0
train,"Its former chief Mickey Robinson was fired for cause when he left in September, the company said.","Chief Executive Mickey Robinson was fired for cause in September, the company said last month.",4.4
train,"SARS went on to claim the lives of 44 people in the Toronto area, including two nurses and a doctor.","The virus killed 44 people in the Toronto area, including one doctor and two nurses.",3.2
train,Oracle Corp's Chairman and CEO Larry Ellison didn't rule out sweetening the company's unsolicited offer to acquire rival PeopleSoft Inc.,Oracle chairman Larry Ellison has hinted that the company could yet again increase its offer for rival PeopleSoft.,4.4
train,"Box cutters were used as a weapon by the Sept. 11, 2001, hijackers and have since been banned as carry-on items.","Box cutters were the weapons used by the 19 hijackers in the Sept. 11, 2001, attacks.",3.4
train,"The Portuguese weather service said Europe's heatwave was caused by a mass of hot, dry air moving from the southeast.","The heatwave was due to a mass of hot, dry air from the southeast, said Mario Almeida of Portugal's weather service.",4.056
train,"""Spending taxpayer dollars to create terrorism betting parlors is as wasteful as it is repugnant,"" they announced at a press conference yesterday.","""Spending taxpayer dollars to create terrorism betting parlors is as wasteful as it is repugnant,"" Wyden and Dorgan said Monday in a letter to the Pentagon.",3.5
train,"Still, the ""somewhat ambiguous ruling"" might be a setback for Static Control depending on how it developed its competing product, Merrill Lynch analyst Steven Milunovich said.","But Merrill Lynch analyst Steven Milunovich said the ""somewhat ambiguous ruling"" by regulators might be a setback for Static Control depending on how it developed its competing product.",5.0
train,The monkeys could track their progress by watching a schematic representation of the arm and its motions on a video screen.,"The arm was kept in a separate room, but the monkeys could track their progress by watching a representation of the arm and its motions on a video screen.",4.0
train,"That triggered a 47-hour police standoff that inconvenienced thousands of commuters, as traffic backed up in Downtown Washington and northern Virginia.",His protest led to a 47-hour standoff with police that caused huge traffic jams in downtown Washington and northern Virginia.,4.0
train,"The Standard & Poor's 500 index advanced 6.48, or 0.7 per cent, to 990.51.","The broader Standard & Poor's 500 Index .SPX rose 6.48 points, or 0.66 percent, to 990.51.",4.75
train,"According to security sources, London Metropolitan Police Commissioner John Stevens placed his force on its highest state of alert last week following the warning.","The Telegraph can reveal that Sir John Stevens, the Metropolitan Police Commissioner, placed his force on its highest alert last week.",3.8
train,Complicating the situation is the presence of battle-hardened Liberians who have been fighting on both sides.,"Fighting has continued sporadically in the west, where it is complicated by the presence of battle-hardened Liberians on both sides.",4.0
train,This year the Audubon Society once again hosts its annual Christmas Bird Count.,"It's the National Audubon Society's annual Christmas Bird Count, now in its 104th season.",3.5
train,"Before it was removed, the site listed in broken English the rules for hackers who might participate.","Organizers established a Web site, http://defacerschallenge.com, listing in broken English the rules for hackers who might participate.",3.0
train,"Cisco executives said they were encouraged by $1.3 billion in cash flow and the increase in net income, but hoped for a rebound.","Cisco executives were encouraged by $1.3 billion in cash flow and the increase in net income, but said they remained ``cautiously optimistic'' about a rebound.",4.6
train,"In an E-mail statement to the Knoxville News Sentinel, Shumaker said, ''I am not giving any consideration to resignation.","I am not giving any consideration to resignation,"" Shumaker said in a statement.",4.0
train,A poll showed that the FBI bugging of the mayor had given a boost to his reelection effort against GOP opponent Sam Katz.,A poll released this week showed that the FBI bugging of the mayor has given a boost to his re-election effort.,4.0
train,"The injured passenger at John Peter Smith Hospital died later Friday morning, Jones said.","The injured passenger at John Peter Smith died later in the morning; his name has not been released, Jones said.",3.643
train,"Doctors had planned to deliver him two weeks early, on or around November 14.","A Caesarean had originally been planned in mid- November, two weeks early.",3.6
train,"Sobig.F spreads when unsuspecting computer users open file attachments in emails that contain such familiar headings as ""Thank You!,"" ""Re: Details"" or ""Re: That Movie.""","The virus spreads when unsuspecting computer users open file attachments in emails that contain familiar headings like ""Thank You!"" and ""Re: Details"".",4.0
train,"The technology-laced Nasdaq Composite Index .IXIC rose 17.26 points, or 1.06 percent, to 1,640.06, based on the latest data.","The broader Standard & Poor's 500 Index <.SPX> gained 5.51 points, or 0.56 percent, to 981.73.",1.0
train,"Founders of the group are Matsushita Electric, Sony, Hitachi, NEC, Royal Philips Electronics, Samsung, Sharp and Toshiba.","CELF's founding members are Hitachi, Matsushita, NEC, Philips, Samsung, Sharp, Sony, and Toshiba.",3.4
train,"Is it in the food supply?"" says David Ropeik, director of risk communication at the Harvard Center for Risk Analysis.","""It's not zero,"" said David Ropeik, director of risk communication at the Harvard Center for Risk Analysis.",1.75
train,"During a screaming match in 1999, Carolyn told John she was still sleeping with Bergin.","She, in turn, occasionally told John that she was still sleeping with an ex-boyfriend, ""Baywatch"" hunk Michael Bergin.",3.0
train,"On the other hand, if this will help further establish Steve's innocence, we welcome it.""","If draining the ponds in Maryland will further help establish Steve's innocence, we welcome it.""",3.25
train,Florida's Supreme Court has twice refused to hear the case.,"On Tuesday, a Florida appeals court again refused to block removal of the tube.",2.75
train,"Seven 20- and 21-year-old cadets were ticketed by police for drinking alcohol in an off-campus hotel room early Saturday with two young women, aged 16 and 18.","Seven 20- and 21-year-old male cadets were caught in an off-campus hotel room early Saturday with two female teens, 16 and 18 years.",3.2
train,Shares of McDonald's Corp. and Wendy's International Inc. continued a modest run-up on the New York Stock Exchange Monday.,"Shares of McDonald's and Wendy's continued their recent recovery Monday, rising more than 1 percent on the New York Stock Exchange in afternoon trade.",3.2
train,Such a step could put the issue before the UN Security Council.,The matter could then be sent to the U.N. Security Council.,2.8
train,Dealers said the single currency's downward momentum against the dollar could pick up speed if it broke below $1.15.,Dealers said the euro's downward momentum may pick up speed should it break below $1.15.,3.6
train,"Gemstar's shares gathered up 2.6 percent, adding 14 cents to $5.49 at the close.","Gemstar shares moved higher on the news, closing up 2.6 percent at $5.49 on Nasdaq.",3.8
train,"""The European Union is basically absent,"" said Tito Barbini, regional minister for agriculture in Tuscany, Italy.","Tito Barbini, a regional minister for agriculture in Tuscany, Italy, criticized the absence Tuesday in Sacramento.",3.4
train,"Along with chipmaker Intel, the companies include Sony Corp., Microsoft Corp., Hewlett-Packard Co., IBM Corp., Gateway Inc. and Nokia Corp.","Along with chip maker Intel, the companies include Sony, Microsoft, Hewlett-Packard, International Business Machines, Gateway, Nokia and others.",4.8
train,"Kroger Co., which owns Ralphs, and Albertsons Inc. bargain jointly with Safeway and locked out their union workers the next day.","In a show of corporate solidarity, Kroger Co., which owns Ralphs, and Albertson Inc. locked out their workers the next morning.",3.8
train,"According to the Census Bureau, the Hispanic population increased by 9.8 percent from the April 2000 census figures.","The Hispanic population increased by 9.8per cent from the April 2000 census figures, despite less favourable social and economic conditions than in the 1990s.",3.333
train,Its shares jumped to $54.50 in pre-open trading from $50.90 at Wednesday's close.,"Shares jumped almost 7 percent in pre-open trading, rising to $18.26 from $17.05 at Tuesday's close.",2.5
train,"He playfully chided the Senate's ""little bitty tax relief plan.""",We don't need a little bitty tax relief plan.,3.5
train,"MediaQ's customers include major handheld makers Mitsubishi, Siemens, Palm, Sharp, Philips, Dell and Sony.","Nvidia will take advantage of MediaQ customers, which include such players as Siemens AG, Sharp, Philips, Dell, Mitsubishi and Sony Corp.",3.0
train,"Aventis, based in Strasbourg, France, is one of a handful of companies that still make the flu vaccine.","Aventis, based in Strasbourg, France, is one of the leading producers of the vaccine and one of a handful of companies that still make it.",3.6
train,"The Dow Jones industrial average <.DJI> was off 58.69 points, or 0.64 percent, at 9,137.86.","The Dow Jones industrial average .DJI fell 79.43 points, or 0.86 percent, to 9,117.12 on Friday.",2.4
train,"""It was a little bit embarrassing the way we played in the first two games,"" Thomas said.","""We're in the Stanley Cup finals, and it was a little bit embarrassing the way we played in the first two games.",3.2
train,"From Broadway comedies like ""The Seven Year Itch"" (1952), ""Will Success Spoil Rock Hunter?""","Playwright George Axelrod, who anticipated the sexual revolution with The Seven Year Itch and Will Success Spoil Rock Hunter?",2.0
train,"His lawyer, Pamela MacKey, said Bryant expects to be completely exonerated.","""Mr. Bryant is innocent and expects to be completely exonerated,"" Mackey said in a statement.",3.8
train,"It was the best advance since Oct. 1, when the index gained 22.25.","Standard & Poor's 500 index rose 15.66 to 1,046.79, its best advance since Oct. 1, when it gained 22.25.",3.0
train,Scientists believed Stardust trapped thousands of particles of dust.,Stardust was designed to gather thousands of dust particles streaming from Wild 2.,3.0
train,"Nine seconds later, it broke the sound barrier and continued its steep powered ascent.","Nine seconds later, SpaceShipOne broke the sound barrier, the company said.",3.0
train,The plane was estimated to be within 100 pounds of its maximum takeoff weight.,"US Airways Flight 5481, which crashed Jan. 8, was judged to be within 100 pounds of its maximum takeoff weight.",3.25
train,Both devices implement the v1.2 standard's eSCO facility to provide the basis for new cordless telephony applications.,BlueCore3 also implements v1.2's eSCO facility to provide the basis for advanced cordless telephony applications for Bluetooth transmission.,3.25
train,"Michael Bloomberg, NYC Mayor: ""I'm gonna try march with a number of different groups.","""I'm going to try to march with a number of different groups,"" Bloomberg said.",3.75
train,The attack seemed similar to others staged near foreign compounds in Riyadh on May 12.,"The attack seemed similar to attacks staged near foreign compounds in Riyadh on May 12, for which officials have also blamed al-Qaida.",3.6
train,"The drop in core wholesale prices in April reflected falling prices for cars, trucks, men's and boy's clothes and cigarettes.","That was the biggest drop since August 1993 and stemmed from falling prices for cars, trucks, men's and boys' clothes and cigarettes.",3.5
train,"Gainer said the two staff aides are ""very sorry this all happened,"" and the security personnel had performed ""well within standards.""","The security personnel performed ``well within standards'' and the two staff aides were ``very sorry all this happened,'' Gainer said.",5.0
train,"""We put a lot of effort and energy into improving our patching process, probably later than we should have and now we're just gaining incredible speed.","""We've put a lot of effort and energy into improving our patching progress, probably later than we should have.",3.75
train,"International rescue workers are scouring flattened debris for survivors in Iran's shattered ancient Silk Road city of Bam after a violent earthquake killed more than 20,000 people.",International rescue workers hacked desperately through flattened debris for survivors and cemeteries overflowed in Iran's ancient Silk Road city of Bam yesterday.,3.0
train,He also said the academy will get its own internal report next week detailing the seriousness of the remaining problem.,"The academy will get its own internal report next week and it will be made public, Rosa said.",3.333
train,"The boy also sprayed the room full of retardant from fire extinguishers, which made it hard to see, the chief said.","The boy fired once into a wall and sprayed the room with fire extinguishers, making it hard to see, the chief said.",3.333
train,The Conference Board reported its U.S. Consumer Confidence Index slipped to 83.5 in June from 83.6 in May.,"The consumer-confidence index came in at 83.5 in June, down slightly from a revised 83.6 in May, the Conference Board said.",4.667
train,"""But HRT should not be used to prevent heart disease or any other chronic condition.""","""The clear message is it should not be used to prevent cardiovascular disease,"" Manson said.",2.6
train,"Heather, 35, who lost a leg in a road accident, is thought to have steel plates fitted in her hips, which would make natural childbirth impossible.",Former model Lady McCartney lost a leg in a road accident in 1993 and is understood to have steel plates fitted in her hips which would make natural childbirth difficult.,2.4
train,"The meat, poultry, butter, cheese and nuts were impounded a year ago at a LaGrou Cold Storage warehouse in Chicago.","The meat, poultry, butter, cheese and nuts were being stored by more than 100 wholesalers in Chicago.",1.8
train,The BlueCore3-Multimedia includes a 16-bit stereo audio CODEC with dual ADC and DAC for stereo audio.,BlueCore3-Multimedia contains an open platform DSP co-processor and also includes a 16-bit stereo audio codec with dual ADC and DAC for stereo audio.,3.6
train,Vice President Dick Cheney and Mississippi Republican gubernatorial candidate Haley Barbour acknowledge the cheering crowd.,Vice President Dick Cheney says Mississippi Republican Haley Barbour would be a good governor because of his government and business savvy.,2.4
train,"The 51-year-old nurse worked at North York General Hospital, the epicentre of the latest outbreak.","Emile Laroza, 51, contracted SARS while working as a nurse at North York General Hospital, the epicentre of the second SARS outbreak.",3.0
train,Rusch has also allowed five or more earned runs in each of his last three starts.,Redman has allowed two earned runs or less in six of his nine starts.,2.0
train,Mr. Turner transferred about 10 million shares to a charitable trust before they were sold.,The sales leave Mr. Turner with about 45 million shares in AOL.,1.6
train,He also recruited others to participate in the scheme by convincing them to receive fraudulently obtained merchandise he had ordered for himself.,He also recruited other people to take delivery of fraudulently obtained merchandise he had ordered.,4.0
train,"Gartner's report said global WLAN equipment shipments reached 19.5 million last year, a 120 percent increase over 2001's 8.9 million units.","Total shipments reached 19.5 million units last year, compared with 8.9 million units in 2001.",3.6
train,The New York Mets then selected outfielder Lastings Milledge from Lakewood Ranch High School in Florida.,"The Mets took Lastings Milledge, an outfielder from Florida, with the 12th pick.",3.8
train,"Bremer, 61, is a onetime assistant to former Secretaries of State William P. Rogers and Henry Kissinger and was ambassador-at-large for counterterrorism from 1986 to 1989.","Bremer, 61, is a former assistant to former Secretaries of State William P. Rogers and Henry Kissinger.",3.0
train,"Roy Moore, the suspended chief justice of the Alabama Supreme Court, stood accused but unrepentant Wednesday in the same courtroom he recently presided over.","Moore, the suspended chief justice of the Alabama Supreme Court, stands trial before the Alabama Court of the Judiciary.",3.8
train,"The blue-chip Dow Jones industrial average .DJI climbed 164 points, or 1.91 percent, to 8,765.38, brushing its highest levels since mid-January.","The blue-chip Dow Jones industrial average .DJI tacked on 97 points, or 1.14 percent, to 8,699.",3.0
train,An arrest warrant claimed Bryant assaulted the woman June 30 at a hotel.,"According to an arrest warrant, Bryant, 24, attacked a woman on June 30.",4.25
train,"The broader Standard & Poor's 500 Index .SPX rose 3.47 points, or 0.36 percent, to 977.59.","The tech-laden Nasdaq Composite Index .IXIC shed 8 points, or 0.45 percent, to 1,645.",1.0
train,FRIENDS of Robert De Niro yesterday rallied around him after he was diagnosed with prostate cancer.,"Hollywood actor Robert De Niro has been diagnosed with prostate cancer, his spokesman said today.",3.5
train,"Taiwan has attempted to gain observer status to the United Nations-affiliated WHO for seven years, but again was rebuffed March 19 at its annual conference in Geneva.","It has sought observer status for seven years, but was again rebuffed May 19 at the annual WHO conference in Geneva.",3.25
train,"The technology-packed Nasdaq Composite Index <.IXIC> dropped 37.78 points, or 1.94 percent, to 1,912.36.","The Nasdaq composite index fell 2.95, or 0.2 percent, for the week to 1,912.36 after stumbling 37.78 yesterday.",2.0
train,"Shares of SCO closed at $10.93, down 28 cents, in Monday trading on the Nasdaq Stock Market.","IBM shares closed up $1.75, or 2.11 percent, at $84.50 on the New York Stock Exchange.",1.0
train,"A Washington County man may have the countys first human case of West Nile virus, the health department said Friday.",The countys first and only human case of West Nile this year was confirmed by health officials on Sept. 8.,3.0
train,Brendsel and chief financial officer Vaughn Clarke resigned June 9.,The company's chief executive retired and chief financial officer resigned.,2.6
train,"But JT was careful to clarify that it was ""not certain about the outcome of the discussion at this moment"".","""However, we are not certain about the outcome of the discussion at this moment.""",3.2
train,"The House voted 425 to 2 to clear the bill, the first of 13 that Congress must pass each year to fund the federal government.",The bill is among the first of 13 that Congress must pass each year to fund the federal government.,3.0
train,"Knight agreed to a two-year, $2.38 million contract that included a $300,000 signing bonus.","ESPN reported that Knight's two-year deal is worth $2.38 million, including a $300,000 signing bonus.",4.75
train,"Against the Japanese currency, the euro was at 135.92/6.04 yen against the late New York level of 136.03/14.","The dollar was at 117.85 yen against the Japanese currency, up 0.1 percent.",2.75
train,The procedure is generally performed in the second or third trimester.,"The technique is used during the second and, occasionally, third trimester of pregnancy.",4.5
train,The new companies will begin trading on Nasdaq today under the ticker symbols PLMO and PSRC.,"Also as part of the deal, PalmSource stock will begin trading on the NASDAQ stock market Wednesday under the ticker symbol: PSRC.",2.75
train,"Kids, adults, booksellers and postal workers all are preparing for ""Harry Potter and the Order of the Phoenix.""","The crates are full of hardback copies of ""Harry Potter and the Order of the Phoenix.""",2.2
train,"Besides Hampton and Newport News, the grant funds water testing in Yorktown, King George County, Norfolk and Virginia Beach.","The grant also funds beach testing in King George County, Norfolk and Virginia Beach.",3.0
train,"With diplomacy heating up in the nearly 10-month-old nuclear crisis, Chinese Foreign Minister Li Zhaoxing is slated to visit South Korea from August 13 to 15.","With diplomacy heating up in the nearly 10-month-old crisis, Chinese Foreign Minister Li Zhaoxing flies to Japan on Sunday en route to South Korea on August 13.",3.0
train,"Tail wagging, Abbey trotted on stage with Conway before a crowd of more than 10,000 attendees at PeopleSoft's annual customer conference at the Anaheim Convention Center.","On Monday, Abbey trotted on stage, tail wagging, with Conway before a crowd of 10,000 attendees at PeopleSoft's annual customer conference.",4.0
train,Bond bulls would like the Fed to recognize that risks are biased toward economic weakness.,The Fed also said the risks to the economy were biased toward weakness.,2.588
train,"""There is the real potential for a secondary collapse,"" Gov. James McGreevey said.","The damaged area of the garage was not stable, with ``the real potential for a secondary collapse,'' McGreevey said.",3.6
train,"At midnight on Wednesday, 68 percent of voters said ""no"" to the tax, with 97 percent of the votes counted.","With 97 percent of precincts counted tonight, 68 percent of voters opposed the tax.",4.667
train,"The government did not identify the taikonauts — a term coined from ‘‘taikong,’’ the Chinese word for space — who would travel on the second mission.","The government did not identify the taikonauts -- a term coined from taikong, the Chinese word for space.",3.333
train,No. 2 HP saw its Unix server sales dropped 3.6 percent to $1.36 billion.,HP fell to second place with server sales growing 0.4 percent to $2.9 billion.,2.333
train,Graham is expected to be nominated and elected to a second one-year term today and will deliver the presidential address.,"Later Tuesday, Graham was expected to be re-elected for a second one-year term.",3.333
train,"""These changes may affect a large number of existing Web pages,"" the statement continued.","Still, changes to IE ""may affect a large number of existing Web pages,"" according to the W3C's notice.",3.0
train,"""People are obviously inconvenienced,"" said Dr. Jim Young, Ontario's commissioner of public safety.","""We're being hyper-vigilant,"" said Dr. James Young, Ontario's commissioner of public safety.",2.25
train,"The others were given copies of ""Dr. Atkins' New Diet Revolution"" and told to follow it.","The researchers gave copies of ""Dr. Atkins' New Diet Revolution"" to the carb-cutters.",2.5
train,The blaze then spread to several surrounding structures on the property and destroyed them.,The fire spread to several surrounding structures on the property and destroyed them as deputies held back firefighters.,4.0
train,"The rapper's lawyer, Mark Gann, didn't return calls for comment.","The 27-year-old rapper's attorney in the civil matter, Mark Gann, did not return calls for comment.",4.5
train,"Also weighing on the market was news that General Motors GM.N planned to issue $10 billion in debt, in part to plug a hole in its pension plan.","Also hurting was news General Motors GM.N was to issue $10 billion in debt, in part to plug a hole in its pension plan.",4.75
train,"The helicopter burst into flames upon impact, according to the Mohave County Sheriff's Office.","The helicopter was owned by Las Vegas-based Sundance Helicopters Inc., according to the sheriff's office.",2.0
train,"""I am advised that certain allegations of criminal conduct have been interposed against my counsel,"" said Silver.","""I am advised that certain allegations of criminal conduct have been interposed against my counsel, J. Michael Boxley,'' the Silver statement said. """,3.6
train,"I think we made the right case and did the right thing.""","Mr Blair went on: ""I think we did the right thing in relation to Iraq.",2.769
train,Russin did not comment; his lawyer did not attend the hearing and did not return phone messages.,"His lawyer, a cousin, Basil Russin, did not attend the hearing and did not return phone messages.",3.4
train,"The Bishop of Armidale, Peter Brain, was forthright.","""He hasn't got much choice,"" said the Bishop of Armidale, Peter Brain.",2.0
train,"When fully operational, the facility is expected to employ up to 1,000 people.","The plant would employ 1,000 people when fully built out, the company said.",4.0
train,Kollar-Kotelly has scheduled another antitrust settlement compliance hearing for January.,The judge scheduled another oversight hearing for late January.,2.8
train,The American Stock Exchange biotech index .BTK surged 5 percent.,The Philadelphia Stock Exchange's semiconductor index .SOXX jumped 6.10 percent.,1.4
train,"""Tomorrow at the Mission Inn, I have the opportunity to congratulate the governor-elect of the great state of California.","""I have the opportunity to congratulate the governor-elect of the great state of California, and I'm looking forward to it.""",4.0
train,"""I really liked him and I still do,"" Cohen Alon told the Herald yesterday.","And I really liked him, and I still do.",3.2
train,The new research will be published soon in the Proceedings of the National Academy of Sciences.,It will appear in the next few weeks on the Web site of the Proceedings of the National Academy of Sciences.,3.4
train,"""I expect Japan to keep conducting intervention, but the volume is likely to fall sharply,"" said Junya Tanase, forex strategist at JP Morgan Chase.","Junya Tanase, forex strategist at JP Morgan Chase, said ""I expect Japan to keep conducting intervention, but the volume is likely to fall sharply.""",4.733
train,"The Sunshine Group LTD represented the developers, The Related Companies and Apollo Real Estate Advisors LP, on the deal.","The developers, The Related Cos. and Apollo Real Estate Advisors, hope sales top $1 billion.",1.6
train,State Education Commissioner Kent King said Wednesday that the scores on the Missouri Assessment Program tests disappointed him.,Missouri Education Commissioner Kent King said he was disappointed by the scores.,3.2
train,Caldera acquired the Unix server software of the original SCO and changed its name to the SCO Group.,"SCO changed its name to Tarantella, and Caldera later changed its name to the SCO Group.",2.6
train,"Two convicted killers and another inmate escaped from a state prison on a busy street Wednesday by cutting through a fence, a Corrections Department official said.",A convicted killer and two other inmates cut through two fences topped with razor wire and escaped from a state prison on a busy street.,3.5
train,"Officials are trying to retrieve the bodies from the water,"" police officer J.D. Tambe told Reuters, adding 26 of the dead were women.","Officials are trying to retrieve the bodies from the water,"" police official J.D. Tambe told Reuters.",3.0
train,"The tech-laced Nasdaq Composite Index gained 2.90 points, or 0.18 percent, to 1,606.87.","At 12:10 p.m. EDT, Canada's benchmark S&P/TSX composite index was up 6.87 points or 0.1 per cent to 6,979.29.",0.5
train,The weather service reported maximum sustained winds of nearly 105 miles an hour with stronger gusts.,"Maximum sustained winds were around 40 mph, with stronger gusts.",2.25
train,The benchmark 10-year Treasury note yield <US10YT=RR> dipped below 4.20 percent on Tuesday.,"Prices for Treasury securities also rose, with the yield on the benchmark 10-year note falling to 4.19 percent.",3.25
train,"MEN who drink tea, particularly green tea, can greatly reduce their risk of prostate cancer, a landmark WA study has found.","DRINKING green tea can dramatically reduce the risk of men contracting prostate cancer, a study by Australian researchers has discovered.",4.25
train,"So was Edie Falco, the critically praised co-star of ""Frankie and Johnny.""","Edie Falco was not nominated for ""Frankie and Johnny.""",2.4
train,Forecasters said warnings might go up for Cuba later Thursday.,Watches or warnings could be issued for eastern Cuba later on Thursday.,4.0
train,Shiites make up 20 percent of the country's population.,"Sunnis make up 77 percent of Pakistan's population, Shiites 20 percent.",3.0
train,"The CWA, which represents more than 2,300 Comcast employees, called that excessive when a typical union employee makes about $27,000 a year.","The Communications Workers Union, which represents more than 2,300 Comcast employees, called the executive pay package excessive when a typical union employee makes about $27,000 annually.",3.4
train,"The consumer group generated $4.47 billion of profit and $20 billion of revenue from January to June, 53% of Citigroup's profit and revenue.","It generated $4.47 billion of profit and $20 billion of revenue in the year's first half, 53 percent of Citigroup's totals.",3.8
train,"""Saddam is gone, but we want the (U.S.) occupation to end,"" said Hit resident Abu Qasim.","""Saddam is gone, but we want the (U.S.) occupation to end.""",3.2
train,Young has 28 days to file a response and ask the NASD for a hearing.,"Under NASD regulations, Mr. Young can file a response and request a hearing before an NASD panel.",3.5
train,British Airways' New York-to-London runs will end in October.,British Airways plans to retire its seven Concordes at the end of October.,2.5
train,"The new policy gives greatest weight to grades, test scores and a student's high school curriculum.","Academic achievement -- including grades, test scores and high school curriculum -- are given the highest priority.",4.5
train,Stocks dipped lower Tuesday as investors opted to cash in profits from Monday's big rally despite a trio of reports suggesting modest improvement in the economy.,Wall Street moved tentatively higher Tuesday as investors weighed a trio of reports showing modest economic improvement against an urge to cash in profits from Monday's big rally.,2.8
train,"From the start, however, the United States' declared goal was not just to topple Saddam but to stabilize Iraq and install a friendly government.",But the United States' ultimate goal was not just to topple Mr. Hussein but to stabilize the country and install a friendly government.,4.8
train,"The broader Standard & Poor's 500 Index <.SPX> gave up 11.91 points, or 1.19 percent, at 986.60.","The technology-laced Nasdaq Composite Index .IXIC declined 16.68 points, or 1.01 percent, at 1,636.94.",0.8
train,AFTRA members approved the merger by a vote of 75.88% to 24.12%.,"AFTRA, on the other hand, approved the merger by a whopping 75 percent.",4.091
train,"The currency briefly weakened slightly on Monday to trade at 55.34/39, not far from its record low of 55.75.","The currency briefly weakened on Monday morning but rebounded to trade at 55.25/29, little changed from Friday.",2.25
train,"While some other parts of Africa have been used as staging grounds for the terror group, Malawi previously had not been a major focus of investigations into al-Qaida.","While some other parts of Africa have been used as Al Qaeda staging grounds, Malawi had previously not been a major focus of investigations into the group.",5.0
train,"On Sunday, a U.S. soldier was killed and another injured in southern Iraq when a munitions dump exploded.","On Sunday, a U.S. soldier was killed and another injured when a munitions dump they were guarding exploded in southern Iraq.",3.75
train,"""I'm real excited to be a Cleveland Cavalier,"" James said.","""I'm really excited about going to Cleveland,"" James told ESPN.com.",3.667
train,"According to law enforcement officials, the person arrested was a known sophisticated hacker.","According to law enforcement officials, the individual decrypted passwords on the server.",2.667
train,"Excluding litigation charges, RIM's loss narrowed even further to 1 cent a share.","Excluding patent litigation, RIM's loss for the quarter was $700,000, or 1 cent per share.",3.333
train,"The broad Standard & Poor's 500 Index .SPX gained 19.72 points, or 1.98 percent, to 1,015.69.","The Dow Jones industrial average .DJI jumped 2.09 percent, while the Standard & Poor's 500 Index .SPX leapt 2.23 percent.",3.0
train,"It will also help reform the Royal Solomon Islands Police, strengthen the courts and prisons system and protect key institutions such as the Finance Ministry from intimidation.","The intervention force will confiscate weapons, reform the police, strengthen the courts and prison system and protect key institutions such as the Finance Ministry.",3.444
train,Selenski descended down the wall and used the mattress to climb over razor wire.,"Selenski used the mattress to scale a 10-foot razor wire, Fischi said.",3.0
train,"A jury convicted rapper C-Murder, also known as Corey Miller, of second-degree murder Tuesday night in the shooting death of a 16-year-old in a Jefferson Parish nightclub.","Rapper C-Murder has been convicted of second-degree murder, a crime that carries an automatic life sentence, in the shooting death of a 16-year-old inside a Jefferson Parish nightclub.",3.6
train,"Joe Kernan, who had been lieutenant governor for the past seven years, was sworn in as governor after O'Bannon died Saturday.","Kernan, who was O'Bannon's lieutenant governor, friend and political partner, was sworn in six hours after O'Bannon died Saturday.",3.75
train,Wells’ other series include NBC’s ER and Third Watch.,"Wells' other series include NBC's ""ER"" and ""Third Watch.""",5.0
train,"Thirty-three of the 42 men had been arrested by Wednesday evening, said Daniel Bogden, U.S. attorney in Nevada.","Thirty-four of the men have been arrested and the others are being sought, US Attorney Daniel Bogden said yesterday.",3.0
train,Five-time Tour de France winner and cancer survivor Lance Armstrong had a few words of advice for other cancer survivors in Denver on Friday.,Five-time Tour de France winner Lance Armstrong is in Denver today for a meeting about surviving cancer.,3.4
train,"She survives him as do their four children -- sons Anthony and Kelly, daughters Linda Hope and Nora Somers -- and four grandchildren.",Hope is survived by his wife; sons Anthony and Kelly; daughters Linda and Nora Somers; and four grandchildren.,3.8
train,Police using pepper spray arrested 12 people Monday night at a march and rally by about 400 activists protesting an annual training seminar of the Law Enforcement Intelligence Unit.,Police used pepper spray and rubber bullets to disperse a downtown march and rally last night by activists protesting an annual police intelligence-training seminar.,3.6
train,The department ordered an 18.2 percent reduction for Allstate Texas Lloyds and a 12 percent reduction for State Farm Lloyds.,"The department ordered a 12 percent reduction for State Farm Lloyds, the state's largest insurer, and an 18.2 percent reduction for Allstate Texas Lloyds, the third-largest.",3.6
train,"Several shots rang out in the darkness, but only one gator had been killed by 11 p.m.","Several shots rang out Wednesday night, but no gators were killed then.",2.4
train,Shares of Corixa fell 12 cents to $6.88 on the Nasdaq stock market.,"Corixa's stock barely flinched on the news, dipping 12 cents to close at $6.88.",4.5
train,"The broader Standard & Poor's 500 Index <.SPX> was 0.46 points lower, or 0.05 percent, at 997.02.","The technology-laced Nasdaq Composite Index .IXIC was up 7.42 points, or 0.45 percent, at 1,653.44.",0.889
train,"Announcing the selection, Kmart CEO Julian Day said Grey will help the retailer ""find creative ways to communicate the unique strengths of Kmart to the new America consumer.""","Together, we will find creative ways to communicate the unique strengths of Kmart to the 'new America' consumer.""",3.25
train,"Republicans had pledged to complete a Medicare drug package by August, then extended the deadline to Oct. 17, and they are still working on it.","Republicans had pledged to complete a Medicare drug package by August, then extended it to Oct. 17.",4.75
train,Supermarket chains facing a possible grocery clerk strike this week accused union leaders Monday of breaking off contract talks prematurely over the weekend.,Supermarket chains are accusing union leaders of breaking off contract talks prematurely over the weekend as grocery clerks gear up for a possible strike.,4.75
train,"He was referring to John S. Reed, the former Citicorp chief executive who became interim chairman and chief executive of the exchange last Sunday .","Next week, John S. Reed, the former Citicorp chief executive who Sunday became interim chairman and chief executive of the exchange, will take up his position.",4.0
train,"Bush plans to meet with Israeli Prime Minister Ariel Sharon and the new Palestinian prime minister, Mahmoud Abbas, in the Jordanian port of Aqaba on Wednesday.","On Wednesday next week, Mr Bush will meet Israeli Prime Minister Ariel Sharon and new Palestinian leader Mahmoud Abbas in Aqaba, Jordan.",5.0
train,"Another big gainer was Rambus Inc. (nasdaq: RMBS - news - people), which shot 32 percent higher.","Rambus Inc. (nasdaq: RMBS - news - people) shot up 38 percent, making it the biggest percentage gainer on the Nasdaq.",3.0
train,Russ Britt is the Los Angeles Bureau Chief for CBS.MarketWatch.com.,Emily Church is London bureau chief of CBS.MarketWatch.com.,1.8
train,"Douglas Robinson, a senior vice president of finance, will take over as chief financial officer on an interim basis.","Douglas Robinson, CA senior vice president, finance, will fill the position in the interim.",3.8
train,INTEL TODAY disclosed details of its next-generation XScale processor for mobile phones and handheld devices here in San Jose.,"Intel on Wednesday unveiled its next-generation processor for cell phones, PDAs, and other wireless devices.",3.6
train,Several states and the federal government later passed similar or more strict bans.,"Following California's lead, several states and the federal government passed similar or tougher bans.",4.0
train,"Still, he noted Miami must decide whether to seek ACC membership for the next school year by June 30 to adhere to Big East guidelines.","Still, he noted that Miami must decide whether to seek A.C.C. membership by June 30 to adhere to Big East guidelines.",4.6
train,"He refused to reveal what percentage of flights carried sky marshals, or whether they would be increased.",He refused to say what percentage of domestic flights had security officers on board.,3.8
train,"Revenues for ""The Hulk"" came in well below those of last month's Marvel Comics adaptation, ""X2: X-Men United,"" which grossed $85.6 million in its opening weekend.","The Hulk trailed last month's Marvel Comics adaptation, X2: X-Men United, which grossed $85.6-million in its opening weekend.",4.8
train,"The valid signatures of 897,158 registered California voters must be collected and turned in to county election officials by Sept. 2.","To force a recall election of Davis, the valid signatures of 897,158 registered California voters must be turned in to election officials.",3.2
train,"The benchmark 10-year note US10YT=RR lost 11/32 in price, taking its yield to 3.21 percent from 3.17 percent late on Monday.","Further out the curve, the benchmark 10-year note US10YT=RR shed 18/32 in price, taking its yield to 3.24 percent from 3.17 percent.",2.2
train,"The Nasdaq composite index advanced 20.59, or 1.3 percent, to 1,616.50, after gaining 5.7 percent last week.","The technology-laced Nasdaq Composite Index <.IXIC> climbed 19.11 points, or 1.2 percent, to 1,615.02.",2.0
train,"Revenue rose 3.9 percent, to $1.63 billion from $1.57 billion.","The McLean, Virginia-based company said newspaper revenue increased 5 percent to $1.46 billion.",1.2
train,"They said they had concluded that the film failed ""to present a balanced portrayal"" of the Reagans.","CBS said the show ""does not present a balanced portrayal of the Reagans for CBS and its audience.",3.0
train,"""We're going to do everything in our power to get money back to ratepayers as quickly as possible,"" Kennedy said.","""There's very strong interest in getting money back to the ratepayers as quickly as possible,"" Commissioner Susan Kennedy said.",3.8
train,"She had only a single condition, that the book not be published until her death.","She insisted, though, that it not be published until after her death.",4.4
train,The findings are published in the November 6 edition of the journal Nature.,"Both studies are published on Thursday in Nature, the British weekly science journal.",2.6
train,"Median household income declined 1.1 percent between 2001 and 2002 to $42,409, after accounting for inflation.","The same survey found the median household income rose by $51, when accounting for inflation, to $43,057.",1.4
train,"U.S. and European leaders pledged on Wednesday to work together to keep Iran from developing nuclear weapons, presenting a united front after months of bitter acrimony over Iraq.","Bush said U.S. and European Union leaders, at an annual Washington summit, agreed on the need to keep Iran from developing nuclear weapons.",3.2
train,The company said it would cut the wholesale price of most top-line CDs to $9.09 from $12.02.,The company also said it would cut wholesale prices on cassettes and change the suggested retail price to $8.98.,1.6
train,He left the army for Syria where he received religious training.,"He moved to Syria, where he underwent further religious training in traditional Islamic beliefs.",3.0
train,"The meeting was scheduled to end Wednesday night, with attendees approving resolutions that express the denomination's view on issues but that are not binding on churches.","On Wednesday, attendees will vote on resolutions that express the Southern Baptist view on issues, but are not binding on individual churches.",3.273
train,But the inadequate performance of students in various subgroups tagged the state as deficient under the federal No Child Left Behind act.,"But the inadequate performance of students in various subgroups, such as race, pushed the state onto the needs-improvement list under the federal No Child Left Behind Act.",4.0
train,"In a not-too-subtle swipe at Dean, he predicted Americans would not elect a Democrat ""who sounds an uncertain trumpet in these dangerous times.""","They will not elect as president a Democrat who sounds an uncertain trumpet in these dangerous times.""",3.5
train,"A new study, conducted in Europe, found the medicine worked just as well as an earlier disputed study, sponsored by ImClone Systems, said it did.","Doctors concluded Erbitux, the cancer drug that enmeshed ImClone Systems in an insider trading scandal, worked just as well as an earlier company-sponsored study said it did.",2.7
train,The bank's shares fell 45 cents in trading yesterday to $91.51 per share.,"Shares of M&T, which is based in Buffalo, fell 41 cents, to $91.51.",2.75
train,"Her lawyer Donald Levine told The Telegraph she had been offered $US250,000 to tell her story exclusively to Australian TV.","Mr Levine said she had been offered $400,000 to tell her story to an Australian TV network.",3.75
train,"In the latest violence, insurgents threw a bomb at a U.S. convoy in northern Baghdad, killing one soldier.","Early Monday, insurgents threw a homemade bomb at a U.S. convoy in northern Baghdad, killing an American soldier.",4.111
train,"The lawsuit names Shelley, a Democrat, and registrars in Los Angeles, Orange and San Diego counties.","The lawsuit named Secretary of State Kevin Shelley, a Democrat, and the registrars of voters in Los Angeles, Orange and San Diego counties.",4.2
train,Negotiators said Friday they made good progress during their latest round of talks on creating a Central American Free Trade Agreement.,Negotiators said Friday they made progress during their latest round of free-trade negotiations between the United States and five Central American countries this week in Houston.,3.75
train,The case comes out of Illinois and involves a for-profit company called Telemarketing Associates Inc.,"The case decided Monday centered around an Illinois fund-raiser, Telemarketing Associates.",4.4
train,"He urged Congress to ""send me the final bill as soon as possible so that I can sign it into law.""","""I urge Congress to quickly resolve any differences and send me the final bill as soon as possible so that I can sign it into law,"" he said.",4.6
train,"Mr. Pingeon is director of litigation for Massachusetts Correctional Legal Services, a prisoners' rights group.","Pingeon said an attorney for his organization, Massachusetts Correctional Legal Services, interviewed Assan Tuesday.",1.667
train,"Yee is a 1990 graduate of the U.S. Military Academy at West Point, New York.",Yee grew up in the United States and graduated from the U.S. Military Academy at West Point.,4.0
train,"""PNC regrets its involvement"" in the deals, Chairman and Chief Executive Officer James Rohr said in a statement.","James Rohr, chairman and chief executive officer, said PNC regretted the incident.",4.333
train,Veteran entertainer Bob Hope celebrates his 100th birthday - and many years in showbusiness - on Thursday.,Hollywood and the world are gearing up to celebrate legendary entertainer Bob Hope's 100th birthday on Thursday.,3.75
train,"Navistar shares were down 44 cents, or 1.1 percent, at $41.19 on the New York Stock Exchange after falling as low as $39.93.",Navistar shares rose a penny to $41.64 at late afternoon on the New York Stock Exchange after earlier falling as low as $39.93.,2.0
train,Declining issues outnumbered advancers nearly 2 to 1 on the New York Stock Exchange.,Advancers outnumbered decliners by nearly 8 to 3 on the NYSE and more than 11 to 5 on Nasdaq.,1.8
train,"Im very proud of the citizens of this state, said Gov. John Baldacci, a casino foe.","""I´m very proud of the citizens of this state,"" Gov. John Baldacci said after votes from Tuesday´s referendum were counted.",3.8
train,"Stout previously worked for General Electric subsidiary GE Capital Service Inc., where he was vice president and chief technology and information officer.","Stout comes to Sprint from GE Capital, where he served as chief technology and information officer.",3.2
train,Only Intel Corp.'s 0.3 percent yield was lower.,Only Intel Corp. has a lower dividend yield.,2.8
train,"The shooting victim was taken to Kings County Hospital Center, where he later died, the police said.","The victim, who was not identified, was taken to Kings County Hospital where he was pronounced dead.",4.333
train,"MGM, NBC and Liberty executives were not immediately available for comment.",A Microsoft spokesman was not immediately available to comment.,2.0
train,"They reported symptoms of fever, headache, rash and muscle aches.","Symptoms include a stiff neck, fever, headache and sensitivity to light.",2.333
train,"""We've become like total strangers,"" Klein quotes him as saying.","""We've become like total strangers,"" John told a pal two days before his death.",3.25
train,"Davey graduated Saturday from Northwest College, which is affiliated with the Assemblies of God, with a bachelor of arts degree in religion and philosophy.","Davey started attending Northwest College, which is affiliated with the Assemblies of God, in 1999 with plans to become a minister.",2.25
train,Veteran stage and screen actor Hume Cronyn died of cancer Sunday.,"Character actor Hume Cronyn, 91, died Sunday at his home in Connecticut.",3.5
train,"Scrimshaw, Supervisor, Best Minister and Ten Most Wanted are expected to complete the Belmont field.","Best Minister, Scrimshaw, and Ten Most Wanted all had workouts on Monday morning.",2.25
train,"The technology-laced Nasdaq Composite Index .IXIC fell 23.54 points, or 1.42 percent, to 1,630.08.","The broader Standard & Poor's 500 Index .SPX gave up 11.91 points, or 1.19 percent, at 986.60.",0.75
train,"""It was a final test before delivering the missile to the armed forces.",State radio said it was the last test before the missile was delivered to the armed forces.,4.0
train,"""Your withdrawal from our country is inevitable, whether it happens today or tomorrow, and tomorrow will come soon.""","""Your withdrawal from our country is inevitable, whether it happens today or tomorrow,"" added the voice, which signed off giving the date as ""mid-September.""",3.5
train,"Deirdre Hisler, Government Canyon's manager, said the state has long had its eye on this piece of property and is eager to complete the deal to obtain it.","Deirdre Hisler, Government Canyon's manager, said the state long has coveted this piece of property, and is eager to complete the deal.",5.0
train,"According to a news release sent by the Terry Schindler-Schiavo Foundation, Florida Speaker Johnnie Byrd will introduce ""Terri's Bill"" during the special session Monday.","Florida's Speaker of the House Johnnie Byrd, is expected to introduce ''Terri's Bill'' during a one-day special session of the state legislature being held today in Tallahassee.",3.75
train,"Also, businesses throughout Utah are volunteering to display Amber alerts on their signs.",Other businesses are volunteering to put the alerts on their electronic signs and billboards.,3.75
train,"Thanks to the euro's rise against the Japanese currency, the dollar was at 117.24 yen, well above the overnight 10-month low of 116 yen.","The euro's rise against the yen and speculation of Japanese intervention helped the dollar firm to 117.25 yen , well above a 10-month low of 116 yen hit on Thursday.",4.25
train,"Russian stocks fell after the arrest last Saturday of Mikhail Khodorkovsky, chief executive of Yukos Oil, on charges of fraud and tax evasion.","The weekend arrest of Russia's richest man, Mikhail Khodorkovsky, chief executive of oil major YUKOS, on charges of fraud and tax evasion unnerved financial markets.",4.0
train,"Reuters witnesses said many houses had been flattened and the city squares were packed with crying children and the homeless, huddled in blankets to protect them from the cold.","Reuters witnesses said public squares were packed with crying children and people left homeless, huddled in blankets to protect them from the cold.",3.25
train,"In September, Hewlett-Packard signed a development and marketing deal with the company.",Four months later it signed a joint marketing agreement with Hewlett-Packard Co.,2.75
train,Consumers would still have to get a descrambling security card from their cable operator to plug into the set.,"To watch pay television, consumers would insert into the set a security card provided by their cable service.",4.0
train,"On Friday, the Concorde started up around sunrise and seemed to launch itself straight out of the rising sun.","Yesterday, the Concorde seemed to launch itself straight out of the rising sun.",3.4
train,A Stage 1 episode is declared when ozone levels reach 0.20 parts per million.,The federal standard for ozone is 0.12 parts per million.,2.2
train,"After Hughes refused to rehire Hernandez, he complained to the Equal Employment Opportunity Commission.",Hernandez filed an Equal Employment Opportunity Commission complaint and sued.,3.4
train,"Dewhurst's proposal calls for an abrupt end to the controversial ""Robin Hood"" plan for school finance.","The committee would propose a replacement for the ""Robin Hood"" school finance system.",2.6
train,Other countries and private creditors are owed at least $80 billion in addition.,Other countries are owed at least $US80 billion ($108.52 billion).,3.4
train,"Telemarketers who call numbers on the list after Oct. 1 could face fines of up to $11,000 per call.","Under the law, telemarketers who call numbers on the list can be fined up to $11,000 for each violation.",3.6
train,He explained that he found Antetonitrus when he came to Wits in 2001 as a post-doctoral research assistant at England's University of Bristol.,He explained that he found antetonitrus when he came to Wits in 2001 while a post-doctoral research assistant at Bristol University in Britain.,5.0
train,"Air Canada, the largest airline in Canada and No. 11 in the world, has been under court protection from creditors since April 1.","The No. 11 airline in the world, Air Canada has been under court protection from creditors since April 1.",4.25
train,"The security official's backup couldn't fill in because he was on active military duty, Strutt said.","The security official's backup was on active duty, and the lottery association didn't have a replacement in New Jersey, Strutt said.",3.4
train,The jury also found Gonzales guilty of using excessive force by dousing Olvera-Carrera with pepper spray.,Gonzales was found guilty of using excessive force by spraying Olvera with pepper spray.,4.25
train,"The bodies of some of the dead, pulled out from under the train, were laid out beside the tracks while emergency services brought in wooden coffins.","The bodies of many of the dead, pulled from under the partially derailed train, were laid out by the tracks awaiting identification.",3.25
train,"Garner said the self-proclaimed mayor of Baghdad, Mohammed Mohsen al-Zubaidi, was released after two days in coalition custody.",Garner said self-proclaimed Baghdad mayor Mohammed Mohsen Zubaidi was released 48 hours after his detention in late April.,4.25
train,"""Enron company executives engaged in widespread and pervasive fraud,"" prosecutor Samuel Buell told the Associated Press.","""Enron company executives engaged in widespread and pervasive fraud to manipulate the company's earnings results,"" Buell said.",3.75
train,"""It seems to me ... we're just dealing with bragging rights here, who wins and who loses,"" said Gammerman, who heard the case without a jury.","""Leaving aside attorney fees, we're dealing with bragging rights of who wins and who loses,"" said Gammerman.",3.667
train,Results of the 2001 Aboriginal Peoples Survey released yesterday by Statistics Canada suggest living standards have improved but still lag for those off reserves.,The 2001 Aboriginal Peoples Survey released Wednesday by Statistics Canada says living standards have improved but still lag for the Inuit and those who leave their often impoverished reserves.,3.909
train,"""The recent turnaround in the stock market and an easing in unemployment claims should keep consumer expectations at current levels and may signal more favorable economic times ahead.""","The recent turnaround in the stock market and an easing in unemployment claims ""may signal more favorable economic times ahead,"" she said.",3.933
train,ONA explicitly stated that it did not receive intelligence material indicating that Jemaah Islamiyah terrorist network was planning to mount an operation in Bali.,"""But at no stage did ONA receive intelligence material indicating that Jemaah Islamiyah was planning to mount an operation in Bali.""",4.25
train,Bryant previously said that hike had a greater impact on demand than officials expected.,Chief financial officer Andy Bryant has said that hike had a greater affect volume than officials expected.,3.5
train,"The American women, who are defending champions, will play in Philadelphia on Sept. 25 and conclude group competition in Columbus on Sept. 28.","The U.S. women, who are defending champions, will play on Sept. 25 in Philadelphia and conclude group competition on Sept. 28 in Columbus, Ohio.",4.75
train,A spokeswoman at Strong Memorial Hospital said Doud was in satisfactory condition Tuesday night.,A spokesman at Strong Memorial Hospital said Doud was under evaluation Tuesday evening in the emergency room.,3.0
train,"Ray Brent Marsh, 29, faces multiple counts of burial service fraud, making false statements, abuse of a dead body and theft.","Ray Brent Marsh, 29, also faces charges of abuse of a body, and theft.",3.8
train,"After that, college President Paul Pribbenow told him to wrap up his speech.","After Hedges' microphone was unplugged for a second time, Pribbenow told him to wrap up his speech.",3.4
train,"For the 12-month period ending June 30, high-speed lines installed in homes and businesses increased by 45 percent.","For the full year period ending June 30, 2003, high-speed lines increased by 45 percent.",3.857
train,US military officials say rotor wash from the helicopter might have blown down the banner.,"US officials said downward ""rotor wash"" generated by the hovering helicopter stripped the flag from the tower.",3.4
train,The industry's largest association is urging its members not call the more than 50 million home and cellular numbers on the list.,"Meantime, the Direct Marketing Association said its members should not call the nearly 51 million numbers on the list.",3.2
train,The settlement taking effect this week was reached less than two months after O'Malley took the helm of the nation's fourth-largest archdiocese.,"The $85 million agreement was reached in September, less than two months after Archbishop Sean O'Malley took over as leader of the nation's fourth-largest diocese.",3.0
train,"The U.S. Capitol was evacuated yesterday after authorities detected a possibly hazardous material in the basement of the Senate wing, Capitol Police said.","U.S. Capitol Police evacuated the Capitol yesterday after a sensor detected a possible biohazard in the Senate wing, but authorities later said it was a false alarm.",3.2
train,"The former president also gave numerous speeches in 2002 without compensation, said his spokesman Jim Kennedy.",His spokesman Jim Kennedy said the former president also gave more than 70 speeches in 2002 without compensation.,3.6
train,"Dubbed Project Mad Hatter, the Linux-based desktop is being promoted by Sun as a more secure and less expensive alternative to Windows.","Designed to compete with Microsoft Corp., Project Mad Hatter is being positioned by Sun as a cheaper, secure alternative desktop operating system to Microsoft's various desktop offerings.",3.8
train,"The workers accuse General Dynamics of ""reverse age discrimination"" because of a change in retirement benefits in 1997.",General Dynamics was sued when it changed its retirement benefits in 1997.,2.6
train,"The tech-laced Nasdaq Composite Index .IXIC eased 5.16 points, or 0.32 percent, at 1,590.75, breaking a six-day string of gains.","The tech-heavy Nasdaq Composite Index .IXIC was off 0.11 percent, or 1.78 points, at 1,594.13.",1.6
train,A key figure in former state Treasurer Paul Silvester's bribery scheme was accused Wednesday of changing his story about Silvester's alleged corrupt dealings with a Boston investment firm.,A key player in former state Treasurer Paul Silvester's corruption scheme testified on Tuesday about kickbacks and bribes Silvester traded for state business.,2.0
train,"""The mission of the CAPPS II system has been and always will be aviation security,"" said the administration, part of the Homeland Security Department.","""The mission of the CAPPS II system has been and always will be aviation security,"" they said.",3.6
train,"Yahoo accounts for 159,354 of the BSD sites, with 152,054 from NTT/Verio and 129,378 from Infospace, the survey found.","Another 152,054 are from IP services company NTT/Verio, and 129,378 from InfoSpace, the survey found.",3.0
train,The Space Infrared Telescope Facility's mission is to search for the beginnings of the universe.,NASA is scheduled to launch the Space Infrared Telescope Facility on Monday morning.,2.5
train,"Its maker, MedImmune Inc., based in Gaithersburg, made 4 million to 5 million doses this year.","MedImmune Vaccines, the maker of FluMist, made between 4 million and 5 million doses this year.",3.5
train,Kaichen appeared Wednesday in federal court on two bank robbery charges.,"She appeared in federal court Wednesday, but did not enter a plea.",3.0
train,"In the latest top-level shuffle at CNN, Teya Ryan is leaving her post as general manager of U.S. programming, the network announced.","In CNN's latest move to rejuvenate ratings, the network has ousted Teya Ryan, general manager of U.S. programming.",3.769
train,"He is suspected of being a key figure in Jemaah Islamiyah, the al-Qa'eda-linked terror group which has been blamed for the bombings.","Samudra, 32, is suspected of being a key figure in the al-Qaida-linked terror group Jemaah Islamiyah, which has been blamed for carrying out the bombings.",3.4
train,"About 100 firefighters are in the bosque today, Albuquerque Fire Chief Robert Ortega said.","""We were seconds away from having that happen,"" Albuquerque Fire Chief Robert Ortega said.",1.8
train,China's Health Ministry said five more people had died of Sars and a further 159 were infected.,"On Monday, China said nine more people had died from SARS and that 160 more were infected with the virus.",3.0
train,The respected medical journal Lancet has called for a complete ban on tobacco in the United Kingdom.,"A leading U.K. medical journal called Friday for a complete ban on tobacco, prompting outrage from smokers' groups.",3.4
train,"Shares of McDonald's rose $1.83, or 8.3 percent, to close at the day's high of $23.89.",McDonald's shares rose $1.83 to close Friday at $23.89 on the New York Stock Exchange.,4.25
train,"An incremental step reported by researchers at the University of California, San Francisco, is the latest in a decade-long effort.","The incremental step, reported by researchers at UC San Francisco, is the latest in a decade-long effort to infect mice with the virus.",3.25
train,Ernst & Young admitted no wrongdoing with the settlement.,Ernst & Young spokesman Kenneth Kerrigan said the firm admits no wrongdoing.,4.0
train,"The driver of the truck escaped and is now being sought by the police, Supoyo said.",But police say the driver of the truck has not been found and is wanted for questioning.,4.0
train,"The witness, a 27-year-old Kosovan parking attendant with criminal convictions for dishonesty, was paid 10,000 by the News of the World.","The witness was a 27-year-old Kosovan parking attendant, who was paid by the News of the World, the court heard.",3.625
train,The differences between Grassley and Thomas on energy and Medicare have become so pointed that other members say their angry personal relationship is embarrassing the party.,Their differences on energy and Medicare have become so pointed other members say it is embarrassing to the party.,3.5
train,"He wounded a security guard and then fled, stabbing two passersby as he ran off along the promenade.",He then stabbed two passersby as he fled along a promenade by the Mediterranean Sea.,3.2
train,State police said as many as 30 workers were trapped immediately after the garage collapsed.,"As many as 30 people were believed to be trapped inside initially, the state police said.",4.0
train,"Before Thursday's matinee, Baker called a clubhouse meeting, concerned that the controversy had distracted the Cubs.","Baker called a pregame meeting, believing the the corked-bat episode had distracted the team.",3.4
train,She was taken by ambulance to Charing Cross Hospital in Hammersmith.,"She was taken to Charing Cross Hospital, where she remained critically ill last night.",2.8
train,"OS ANGELES - ''The Hulk'' was a monster at the box office in its debut weekend, taking in a June opening record of $62.6 million.","""The Hulk"" took in $62.6 million at the box office, a monster opening and a new June record.",4.8
train,"The governor is going to Jackson, where 13 of the state's 16 fatalities were reported.","The governor is going to Jackson, where 13 people were killed.",3.8
train,Congratulations on being named Time magazine's Person of the Year.,Time magazine named the American soldier its Person of the Year for 2003.,2.4
train,"The indictment said he attended important meetings to plan the attacks, recruited fellow bombers and coordinated the operation.","Samudra not present in Bangkok, the indictment said, but attended a series of meetings before the attacks, recruiting fellow bombers and coordinating the operation.",3.2
train,"In addition, primary care trusts (PCTs) were given star ratings for the first time this year.",Primary Care Trusts and Mental Health Trusts have also been formally rated for the first time this year.,3.8
train,It will also give Microsoft an opportunity to comment on remedies proposed by the Commission.,"Among other things, Microsoft is to comment on proposed remedies in its response.",4.2
train,Texans saddled with skyrocketing homeowners premiums might finally be getting relief.,Relief is in sight for Texans saddled with skyrocketing homeowners insurance premiums.,5.0
train,Six Democrats are vying to succeed Jacques and have qualified for the Feb. 3 primary ballot.,Six Democrats and two Republicans are running for her seat and have qualified for the Feb. 3 primary ballot.,3.4
train,"The broader Standard & Poor's 500 Index rose 3.42 points, or 0.34 percent, to 1,007.84.","The technology-laced Nasdaq Composite Index .IXIC was down 1.55 points, or 0.09 percent, at 1,744.91.",1.0
train,"Halliburton on Tuesday reiterated its contention that KBR had ""delivered fuel to Iraq at the best value, the best price and the best terms"".","""We believe KBR delivered fuel to Iraq at the best value, the best price and the best terms,"" Halliburton spokeswoman Wendy Hall said.",4.0
train,"Customers include Mitsubishi, Siemens, DBTel, Dell, HP, Palm, Philips, Sharp, and Sony.","MediaQ's customers include major handheld makers Mitsubishi, Siemens, Palm, Sharp, Philips, Dell and Sony.",3.2
train,"Among the workers, the researchers found short workers had worse hearing than expected for their age.","""Short workers had worse hearing than expected by age -- three times more often than taller workers,"" writes Barrenas.",3.8
train,Mr Colpin did not specify whether it was this system that was at the centre of the investigation.,Neither OLAF nor the Belgian prosecutors have specified if it was this system that was at the centre of the investigation.,2.2
train,"Until now, sales of the entertainment-oriented PCs have been limited to the United States, Canada and Korea.","The computers are currently sold in Canada, the United States, and Korea.",3.75
train,Ballmer has been vocal in the past warning that Linux is a threat to Microsoft.,"In the memo, Ballmer reiterated the open-source threat to Microsoft.",3.0
train,The broad Standard & Poor's 500-stock index was up 4.83 points or 0.49 per cent to 980.76.,"Standard & Poor's 500 stock index futures declined 4.40 points to 983.50, while Nasdaq futures fell 6.5 points to 1,206.50.",1.25
train,"Stanford (46-15) plays South Carolina (44-20) today in a first-round game at Rosenblatt Stadium in Omaha, Neb.",Stanford (46-15) plays South Carolina (44-20) on Friday in the opening game of the double-elimination tournament.,3.333
train,"The broad Standard & Poor's 500 Index <.SPX> advanced 11 points, or 1.25 percent, to 931.","The Standard & Poor's 500 Index gained 10.89, or 1.2 percent, to 931.12 as of 12:01 p.m. in New York.",3.0
train,"""We are expending all available resources toward the investigation,"" said Assistant U.S. Attorney Todd Greenberg, a counterterrorism prosecutor in Seattle.","""We are aware of the situation,"" said Assistant US Attorney Todd Greenberg, a counter-terrorism prosecutor in Seattle.",2.667
train,But they don’t realize that until it’s too late (of course) because they’re potential victims in a horror movie.,But they don't realize that until it's too late (of course) because they're potential victims.,3.667
train,The tech-loaded Nasdaq composite rose 20.96 points to 1595.91 to end at its highest level for 12 months.,"The technology-laced Nasdaq Composite Index <.IXIC> climbed 19.11 points, or 1.2 percent, to 1,615.02.",2.2
train,"The technology-laced Nasdaq Composite Index .IXIC shed 15 points, or 0.98 percent, to 1,492.","The broader Standard & Poor's 500 Index <.SPX> edged down 9 points, or 0.98 percent, to 921.",1.2
train,"With the Expose feature, all open windows shrink to fit on the screen but are still clear enough to identify.","With the Expose (ex-poh-SAY) feature, all the open windows on the desktop immediately shrink to fit on the screen but are still clear enough to identify.",4.4
train,"Instead, prosecutors dismissed charges and Rucker left the courtroom a free man.",Instead he left the courtroom a free man after authorities dismissed criminal charges.,3.4
train,He arrives later this week on the first state visit by a US President.,Mr Bush arrives on Tuesday on the first state visit by an American President.,3.0
train,The research firm earlier had forecast an increase of 4.9 percent.,The firm had predicted earlier this year a 4.9 percent increase.,4.8
train,"The volatile mix could drag the session beyond the four days allotted by Bush, said Senate President Jim King.","The Senate might support capping noneconomic damages beyond the $250,000 Gov. Jeb Bush proposes, said Senate President Jim King.",2.75
train,More than 100 police officers were involved in the busts that were the culmination of a two-year operation investigating the cocaine importing and money laundering gang.,More than 100 officers launched the London raids in the final phase of a two-year operation investigating a cocaine and money laundering ring.,4.0
train,"PeopleSoft will commit $863 million in cash and issue 52.6 million new shares, the companies said.","The new deal would be valued at $1.75 billion, including $863 million in cash and 52.6 million PeopleSoft shares.",3.0
train,"According to reports, Knight allegedly punched a parking attendant outside a Los Angeles nightclub.",He was arrested last week for allegedly punching a parking attendant outside a nightclub in LA.,3.25
train,"Among those waiting a turn was Jodie Singer, a sixth-grader from Washington, D.C.","Jodie Singer, a sixth-grader from Washington, D.C., anxiously awaited her turn at the microphone.",3.75
train,"A few miles further east is Tehuacan, where corn may first have been domesticated 4,000 years ago.","A few miles west are the pyramids of Teotihuacan, where corn may first have been domesticated 4,000 years ago.",3.75
train,"The confusion capped a tumultuous week for the list, which is intended to block about 80 percent of telemarketing calls.",The free service was originally intended to block about 80 percent of telemarketer calls.,3.25
train,"The other 24 members are split between representatives of the securities industry and so-called ""public"" board members.","Of the 24 directors who are not exchange executives, half are representatives of the securities industry and half are designated public members.",4.0
train,Named in the complaint were former chief executive officers Paul A. Allaire and G. Richard Thoman and former CFO Barry D. Romeril.,The executives fined included former Chief Executives Paul A. Allaire and G. Richard Thoman as well as former Chief Financial Officer Barry Romeril.,3.444
train,The Episcopal Diocese of Central Florida became one of the first in the nation Saturday to officially reject the national denomination's policies on homosexuality.,The Episcopal Diocese of Central Florida voted Saturday to repudiate a decision by the denomination's national convention to confirm a gay man as bishop.,2.75
train,"Chera Larkins, 32, of Manhattan, charged with three sham marriages, is also charged with perjury and filing a false instrument.","Chera Larkins, 32, of Manhattan, charged with perjury and filing a false instrument in three marriage applications.",4.6
train,The Senate Banking Committee is scheduled to hold a hearing on Tuesday where Donaldson is scheduled to testify on hedge and mutual funds.,"The Senate Banking Committee is scheduled to hold a hearing on Tuesday, when Donaldson will be questioned about hedge and mutual funds.",4.8
train,"The tech-heavy Nasdaq Composite Index .IXIC was off 0.11 percent, or 1.78 points, at 1,594.13.","The broader Standard & Poor's 500 Index .SPX was down 0.04 points, or 0 percent, at 971.52.",0.6
train,"These men ""are entitled to respect for their private lives,"" Kennedy said.","""The petitioners are entitled to respect for their private lives.""",2.75
train,"The mock explosion, the first event in the drill, occurred in a car in industrial south Seattle.","The mock explosion of a radioactive ""dirty bomb,"" the first event in the weeklong drill, occurred on several acres in the south Seattle industrial area.",3.25
train,"The third appointment was to a new job, executive vice president and chief staff officer.","Bruce N. Hawthorne, 53, was named executive vice president and chief staff officer.",3.25
train,"The commission dropped charges that Patton improperly appointed Conner to the Kentucky Lottery Board and that he improperly appointed Conner's then-husband, Seth, to the Agriculture Development Board.","Patton also appointed Conner to the Kentucky Lottery Board and appointed Seth Conner to the Agriculture Development Board, the commission says.",2.5
train,McGill also detailed the hole that had been cut in the Caprice's trunk.,McGill also said a dark glove was stuffed into a hole that had been cut in the Caprice's trunk.,2.25
train,"Analysts had been expecting a net loss of 54 cents a share, according to Thomson First Call.","Analysts had forecast second quarter sales of $614 million, according to the Thomson First Call Web site.",1.5
train,Richard Grasso quit as chairman last week after losing the support of his board amid public furor over his $140 million pay package.,Grasso quit last week in the wake of a firestorm of criticism over his $140 million compensation package.,3.8
train,Mr. Sweeney outlined plans for the campaign in a speech last night in Philadelphia at the annual meeting of the American Political Science Association.,Sweeney was to outline plans for the campaign in a speech on Saturday night at the annual meeting of the American Political Science Association.,3.5
train,The jury awarded TVT about $23 million in compensatory damages and roughly $108 million in punitive damages.,"TVT Records sought $360 million in punitive damages and $30 million in compensatory damages, officials said.",1.75
train,Unit volumes also set a record as notebooks accounted for more than 40 percent of sales.,"In May 2002, LCDs accounted for only 22 percent of monitor sales.",1.2
train,"Besides battling its sales slump, Siebel also has been sparring with some investors upset about huge stock option windfalls company managers have pocketed.","Besides a sales slump, Siebel is sparring with some shareholders over management stock option windfalls.",3.8
train,"That compared with a year-earlier profit of $102 million, or 13 cents a share.","That was more than double the $102 million, or 13 cents a share, for the year-earlier quarter.",3.2
train,Stanford (51-17) and Rice (57-12) will play for the national championship tonight.,Rice (57-12) and Stanford (51-17) will meet in a winner-take-all matchup at 6:05 p.m. Monday.,3.5
train,"""The economy, nonetheless, has yet to exhibit sustainable growth.",But the economy hasn't shown signs of sustainable growth.,4.75
train,A soldier was killed Monday and another wounded when their convoy was ambushed in northern Iraq.,"On Sunday, a U.S. soldier was killed and another injured when a munitions dump they were guarding exploded in southern Iraq.",2.0
train,"A cost analysis is under way, said Michael Rebell, CFE's executive director.","""We're not looking for a Robin Hood remedy,"" said Michael Rebell, the campaign's executive director.",2.0
train,"I was going to the court believing I could do this, only if I played my best tennis.","""I was believing that I was confident I could do this, but only in the case I would play my best tennis.",4.8
train,"The stock rose $2.11, or about 11 percent, to close on Friday at $21.51 on the New York Stock Exchange.",PG&E Corp. shares jumped $1.63 or 8 percent to $21.03 on the New York Stock Exchange on Friday.,1.4
train,Eric Gagne earned his 17th save in as many opportunities as he struck out three in the ninth and allowed only an infield single by Greg Norton.,Closer Eric Gagne earned his 17th save in as many opportunities as he struck out three of the four batters he faced in the ninth.,3.6
train,Blair's government included the charge that Saddam sought uranium from Niger in a September 2002 dossier setting out the case for military action.,Britain included the accusation in a September 2002 dossier setting out the case for war in Iraq.,3.0
train,"Not counting energy prices, wholesale prices were down 0.9 percent.","Energy prices dropped by 8.6 percent, the biggest decline since July 1986.",1.6
train,The spacecraft is scheduled to blast off as early as tomorrow or as late as Friday from the Jiuquan launching site in the Gobi Desert.,The spacecraft is scheduled to blast off between next Wednesday and Friday from a launching site in the Gobi Desert.,4.0
train,"SUVs parked on residential streets in Monrovia were tagged with ""ELF"" and other slogans, and another was set ablaze in front of a house, Sgt. Tom Wright said.","Several SUVs parked on residential streets in Monrovia were tagged with ``ELF'' and other slogans, said Sgt. Tom Wright.",3.5
train,"The technology-laced Nasdaq Composite Index .IXIC was down 25.36 points, or 1.53 percent, at 1,628.26.","The broader Standard & Poor's 500 Index .SPX gave up 11.91 points, or 1.19 percent, at 986.60.",0.75
train,At least 11 more cases in Indiana and three in Illinois are suspected.,There’s also at least three suspected cases in Illinois and 11 in Indiana.,5.0
train,"""They drive around in their cars, while people are being killed 500 metres away,"" he said on Sunday.","""What they are doing right now is they drive around in their cars, while people are being killed 500 metres away.",4.0
train,"At Tuesday's arraignment hearing, Marsh pleaded not guilty to 122 counts of burial service fraud and 47 counts of making false statements.",At the hearing he pleaded not guilty to the burial service fraud and false statements charges.,3.0
train,"Still, revenues from the extra premiums would not be huge.",How would the extra premiums be collected?,1.333
train,Aiken's study appears in the Sept. 24 issue of the Journal of the American Medical Association.,The findings appear in Wednesday's Journal of the American Medical Association.,3.091
train,Semiconductor giant Intel Corp. said yesterday that its second-quarter profits doubled from a year ago as stronger-than-expected demand for computer microprocessors offset the weakness of its communications chip business.,Intel Corp.'s second-quarter profits doubled and revenues grew 8 percent from a year ago as the chip-making giant reported stronger-than-expected demand for personal computer microprocessors.,3.8
train,"A Merrill Lynch spokesman said ""we are pleased with the judge's decision.""","""We are very pleased with the judge's decision,"" Merrill said yesterday.",4.4
train,"Trans fats are created when hydrogen is added to vegetable oil, solidifying it and increasing the shelf life of certain food products.","Trans fats are created when vegetable oil has been partially hydrogenated, solidifying it and increasing the shelf life of certain products.",4.8
train,"Schroeder cancelled his Italian holiday after Stefani refused to apologise for the slurs, which came after Berlusconi compared a German politician to a Nazi concentration camp guard.",Stefani's remarks further stoked tension after Italian Prime Minister Silvio Berlusconi last week compared a German member of the European Parliament to a Nazi concentration camp guard.,3.0
train,"Dell's OpenManage software includes Dell Update Packages with SMS to help automate the management of server hardware, applications and operating systems patches with a single tool.","The update packages help ""automate the management of server hardware, applications and operating systems patches using one tool,"" which is unpleasantly vague.",2.667
train,"He'll be swept over any minute or just die of the cold, Moriarty thought.","From the top of the embankment, Moriarty thought, ""He'll be swept over any minute or just die of the cold.""",4.0
train,LURD's Ja'neh also called for an interim government and the deployment of a U.S.-led Western peacekeeping force.,The rebels are also calling for the deployment of a U.S.-led peacekeeping force.,3.0
train,But skeptics are concerned about the ease with which vendors can use these hardware-based security features to set digital rights management policies.,But skeptics are concerned about the ease at which these hardware-based security features could be used to set digital rights management policies by vendors.,5.0
train,It calls for the agency to plan an independent safety and engineering organization.,The agency has yet to fully formulate a strategy for the creation of an independent engineering technical authority.,3.4
train,"WorldCom's accounting problems came to light early last year, and the company filed for bankruptcy in July 2002, citing massive accounting irregularities.","WorldCom's financial troubles came to light last year and the company subsequently filed for bankruptcy in July, 2002.",3.857
train,"Benchmark Treasury 10-year notes gained 17/32, yielding 4.015 percent.","The benchmark 10-year note was recently down 17/32, to yield 4.067 percent.",2.75
train,"Volume was moderate at 827.68 million shares, up from 798.95 million at the same point Tuesday.","Volume came to 439.66 million shares, below 450.39 million at the same point Wednesday.",1.5
train,"However, other unions including the powerful CGT remained opposed to the reform and demanded the government begin fresh negotiations with them.","The powerful CGT and other unions remained opposed to the plans, however, and demanded the government renegotiate the reform with them.",4.0
train,The family owns Cheetahs strip clubs here and in Las Vegas.,The searches were conducted simultaneously with raids on strip clubs in San Diego and Las Vegas.,1.5
train,"Several thousand 3rd Infantry troops, including the 3rd Brigade Combat Team based at Fort Benning in Columbus, began returning last week.","A few thousand troops, most from the division's 3rd Brigade Combat Team based at Fort Benning in Columbus, began returning last week, with flights continuing through Friday.",4.0
train,Prairie dogs sold as exotic pets are believed to have been infected in an Illinois pet shop by a Gambian giant rat imported from Africa.,Prairie dogs are believed to have become infected in a pet shop through a Gambian rat imported from Africa.,3.6
train,The defense cannot appeal Roush's ruling until after the trial.,"Defense lawyers cannot appeal the ruling until after trial, in the appellate courts.",3.4
train,"Crohn's disease causes inflammation of the intestine and symptoms include diarrhea, pain, weight loss and tiredness.","Symptoms include chronic diarrhoea, abdominal pain, weight loss and extreme tiredness.",3.0
train,The committee was appointed by Defense Secretary Donald Rumsfeld under orders from Congress.,The public hearing is the second for the panel created by Defense Secretary Donald Rumsfeld under pressure from Congress.,2.6
train,"Authorities identified the tipster as Richard Powell, who is imprisoned for killing his landlady in 1982.",Powell is serving time in a different case -- killing his landlady in 1982.,3.2
train,Kiernan testified that Seifert had received a gunshot wound to the back.,"Seifert, he testified, had a gunshot wound in the back.",3.5
train,Hospitals and the Red Cross appealed to blood donors yesterday.,The Connecticut Hospital Association joined the Red Cross Monday in calling for more blood donors.,3.75
train,A woman and man are dancing in the rain.,A man and woman are dancing in rain.,5.0
train,Someone is drawing.,Someone is dancing.,0.3
train,A woman is slicing an onion.,A woman is cutting an onion.,4.2
train,A person is peeling shrimp.,A person is preparing shrimp.,3.6
train,A woman is cutting broccoli.,A woman is slicing broccoli.,5.0
train,A man is playing a guitar.,A woman is playing the guitar.,2.75
train,A small boy is playing with a dog.,A baby is playing with a dog.,3.75
train,A small dog laying on the bed.,A small dog is laying on a bed.,5.0
train,Two men are playing football.,Two men are practicing football.,3.4
train,The man is playing the guitar.,The girl is playing the guitar.,1.6
train,A boy is playing a guitar.,A kid is playing a guitar.,3.6
train,A woman is stabbing a potato with a fork.,A woman is puncturing a potato with a fork.,5.0
train,A child is waking up.,A girl is waking up.,3.2
train,A boy is playing a key-board.,A little boy is playing a keyboard.,4.8
train,A toy train is striking a toy car.,A toy train strikes a toy car.,5.0
train,A cat opens a drawer and climbs inside.,A cat is opening a drawer and climbing inside.,5.0
train,A woman is frying a food.,A woman is deep frying food.,4.25
train,A woman plays the flute.,A woman is playing the flute.,5.0
train,A girl is singing on stage.,A man is singing on stage.,2.8
train,A woman is riding a horse.,A woman is riding a donkey.,2.8
train,A man is dancing on the ceiling.,A man is dancing on the ceiling of a room.,4.8
train,A woman is playing an electric guitar.,A man is playing an acoustic guitar.,2.4
train,A woman thinly slices an onion with a large knife.,A woman is slicing onions with a large knife.,4.2
train,A man is playing a keyboard.,A man plays a keyboard.,5.0
train,A person is peeling shrimp.,A man is peeling shrimp.,3.8
train,A man is playing a piano.,A man is playing a guitar.,1.778
train,A kitten is playing with a blue rope toy.,A kitten is playing with a toy.,4.4
train,A group of people are sweeping water out of a house.,People are sweeping water out of a house.,5.0
train,A person folds a tortilla.,A man folds a tortilla.,3.5
train,A cat is drinking milk.,A kitten is drinking milk.,4.0
train,A person is driving a car.,A man is driving a car.,3.5
train,A turtle is walking.,A tortoise is walking.,4.4
train,A cow is eating grass.,A cow is eating hay.,3.8
train,A woman is chopping broccoli.,A woman is chopping garlic.,2.6
train,A man is crying.,A man is screaming.,3.0
train,A woman is putting on sun glasses.,A woman puts on sunglasses.,5.0
train,The man is playing the guitar.,A man is playing guitar.,5.0
train,A woman is slicing a potato.,A woman is slicing carrot.,2.5
train,A man plays a guitar.,A man is playing a guitar.,5.0
train,Women are running.,Two women are running.,3.824
train,A woman is tapping her fingers on a table.,A woman is tapping her fingers.,4.0
train,Someone is boiling okra in a pot.,Someone is cooking okra in a pan.,4.4
train,A woman is cutting a leak.,A woman is slicing a leek.,4.0
train,A man dives into a pool.,A man dives into a swimming pool.,5.0
train,A man is cutting up a potato.,A man is cutting up carrots.,2.375
train,Women are talking.,The men are talking.,2.6
train,A girl is putting gel in her hair.,A woman is putting gel on her hair.,2.6
train,A group of people are marching in place.,A group of people are dancing in concert.,1.7
train,The woman is shooting a machine gun.,The man is shooting a gun.,2.0
train,A woman is slicing an onion.,Someone is slicing a onion.,3.25
train,A man is slicing a cucumber.,A man is cutting cucumbers.,4.5
train,A girl is eating a cupcake.,A woman is eating a cupcake.,2.6
train,A woman is cutting an onion.,A man is chopping an onion.,2.0
train,The man is playing a guitar.,A baby is playing a guitar.,1.8
train,A man is playing the guitar.,A man is playing the drums.,1.556
train,Two little girls talk on the telephone.,Two girls talk on the phone.,4.5
train,A man is chopping a log with an axe.,A man is chopping a tree trunk with an axe.,4.0
train,A woman is climbing a cliff.,A woman is climbing a rock face.,4.5
train,A man is slicing an onion.,A man slices an onion.,5.0
train,A person is cutting a capsicum into pieces.,A person is slicing a garlic into pieces.,1.6
train,Someone is pouring oil into a skillet.,Someone is pouring milk into a blender.,1.6
train,A woman is cutting some fish.,A woman is cutting tofu.,2.2
train,A girl is playing a violin.,A girl is playing a flute.,2.6
train,Someone is playing a piano.,Someone is playing guitar.,2.4
train,A man is playing two pianos.,A cat is playing a piano.,1.6
train,A man is exercising.,A girl is exercising.,3.0
train,A man and a woman are riding on their bicycles.,A man and woman are riding a motorcycle.,2.0
train,A man is pouring rice a roni into a pan.,A man poured ric-a-roni into a pan.,3.8
train,A woman is adding oil to a pan.,A man is pouring oil into a pan.,3.0
train,A girl makes up her bed.,A young girl makes her bed.,4.4
train,A girl jumps on a car.,A girl is jumping onto a car.,4.8
train,A man is breaking wooden boards with his hand.,A man is breaking tiles with his hands.,2.5
train,A girl is playing guitar.,A girl is playing a piano.,2.0
train,A man is praying.,A man is running.,0.727
train,A man is running.,A man is dancing.,1.25
train,A man is dancing.,A man is singing.,1.25
train,A woman is cutting a tomato.,A woman is slicing a potato.,1.0
train,Two robots kiss.,Two robots are kissing.,5.0
train,A man is playing piano.,A man is playing a violin.,2.0
train,A man is playing a flute.,A man is playing guitar.,2.167
train,A man is riding a bike.,A woman is riding a horse.,1.4
train,A woman is slicing an onion.,A man is slicing a tomato.,1.2
train,A woman is slicing an onion.,A woman is slicing lemons.,2.2
train,A girl is styling her hair.,A girl is filing her nails.,1.25
train,A man walking down the stairs.,A man walks down a staircase.,5.0
train,Two people are riding a motorcycle.,Two people are riding a bike.,2.0
train,A man is playing a guitar.,A woman is playing an electric guitar.,2.2
train,A man is playing a guitar and singing.,A man is playing a guitar.,3.2
train,A man is walking in the rain.,A man and woman is walking in the grand.,1.5
train,A kangaroo is eating.,Kangaroo eating.,4.75
train,A woman is swimming.,A man is singing.,0.067
train,A Woman is eating.,A animal is eating.,1.6
train,A boy and a girl is dancing in the rain.,A man and woman is dancing in the rain.,2.6
train,A man is driving a car.,A man drives a car.,4.875
train,A woman is grating onion.,A woman grates onions.,5.0
train,Two roosters are fighting.,Two men are fighting.,2.0
train,A man is riding a horse.,A man is driving a car.,1.4
train,A man is riding a horse.,A man is driving a car.,1.4
train,A woman is cutting an onion.,A woman is cutting meat.,2.0
train,The woman is slicing herbs.,The man is slicing bread.,1.6
train,A boy is playing the piano.,A man is playing a piano.,3.0
train,A baby elephant is eating.,A baby elephant eats a sapling.,3.615
train,A person is peeling a potato.,The man is peeling a potato.,3.75
train,A person is playing the keyboard.,A boy is playing a key-board.,4.0
train,A boy whacks a man with a sword.,A boy spanks a man with a plastic sword.,3.333
train,A person is slicing a carrot into pieces.,A person is cutting an onion into pieces.,1.5
train,A man sliced through a bunch of water bottles with a knife.,A man is slicing a line of water bottles with a knife,4.4
train,A man is playing guitar.,A man plays a guitar.,4.857
train,A man is writing in a book.,A man is writing on a paper.,2.875
train,A woman is slicing a garlic.,A woman is slicing a big pepper.,2.2
train,A person is making a bed.,A person is eating at a table.,0.2
train,The man is buttering the bread.,The man is stirring the rice.,0.4
train,A woman is hitting a man.,A woman is taking a bath.,0.2
train,A man is speaking.,A man is dancing.,1.2
train,A man is dancing.,A man is speaking.,1.2
train,The woman is smoking.,The man is walking.,0.2
train,A man is dancing.,A man is thinking.,1.2
train,The man erased what the other man had on the board.,The man erased the work on the board.,3.0
train,A man is riding a motorcycle.,A man is riding a motorcycle through a town.,3.5
train,A man is riding a motorcycle on the highway.,A man is riding a motorcycle.,3.5
train,A woman is slicing up some meat.,A woman is slicing some onions.,2.0
train,A person is combing a cat hair.,A person is brushing a cat.,4.4
train,A man is playing a piano.,A woman is peeling a potato.,0.0
train,A woman is dancing in a cage.,A woman is dancing.,3.25
train,A woman is swimming.,A man is spitting.,0.0
train,A man is running.,A man is mooing.,1.0
train,The man is playing the guitar.,The man played his guitar.,3.667
train,A cat stares into the camera.,A cat addresses the camera.,3.0
train,A woman is riding a horse.,A man rides a horse.,2.8
train,A man is peeling a banana.,A woman is peeling a potato.,1.4
train,A woman is cutting an apple.,A woman is cutting potato.,1.8
train,The man is peeling an apple.,A man peels an apple.,5.0
train,A boy is riding a horse.,A monkey is riding a bus.,0.4
train,The puppy tried to get out of the tub.,A puppy is trying to get out of a bathtub.,4.4
train,An animal is walking on the ground.,A solenodon is walking along the ground.,3.0
train,a group of people dancing,A group of men are dancing.,3.4
train,A man plays a guitar.,A woman is playing guitar.,2.0
train,A cat swings on a ceiling fan.,A cat is spun around by a ceiling fan.,4.2
train,Someone is reading an email.,A man is reading his email.,3.4
train,A woman is playing the flute.,A girl is playing a flute.,3.8
train,A monkey is brushing a bull dog.,A monkey brushes a dog.,4.2
train,A person is slicing onions.,Someone is slicing an onion.,4.6
train,A woman is slicing a onion.,A woman is cutting a potato.,1.2
train,A man is playing the piano.,A woman is playing a guitar.,1.2
train,A woman is washing her hands.,A woman is straightening her hair.,0.8
train,A woman fires a shotgun.,A woman is shooting a gun.,3.2
train,A man is eating a bowl of cereal.,The man is eating cereal.,4.0
train,A girl is coming up on a car.,A girl jumps on top of a car.,2.6
train,A woman is bathing into bath-tub.,A woman is taking a bath.,4.4
train,A motorcyclist crashes on his motorcycle.,A person crashes on a motorcycle.,4.2
train,A person pours some rice pudding into a bowl.,The lady poured the rice pudding into a bowl.,4.0
train,A man stares out a window.,A man looks out the window.,4.8
train,The men are performing on stage.,The comedic mimes performed on stage.,2.6
train,A cartoon woman dives into a pool.,A cartoon woman is diving off a board.,2.8
train,The lady put the baby int a trashcan.,A woman puts a baby in a trash can.,5.0
train,Someone is frying meat.,Someone is playing paino.,0.25
train,A man is rapidly chopping some mushrooms using a knife.,A person is quickly chopping mushrooms with a knife.,3.75
train,A man is speaking on a stage.,A man is speaking at a podium.,3.4
train,A man is playing a guitar.,A man in a hat is playing a harp.,1.4
train,A man is playing on his keyboard.,A man is playing a guitar.,1.4
train,A person is cutting a potato.,A person is slicing a shallot.,1.0
train,A man is dancing on the ceiling of a room.,A man is dancing upside-down on the ceiling.,4.6
train,Two men are dancing.,Two women are shopping.,0.4
train,A person is mixing a pot of rice.,A person is peeling a potato.,0.778
train,A woman is boiling shrimp.,A woman is combing her hair.,1.0
train,A man cuts a potato.,A man is slicing a potato.,3.75
train,A woman is writing a letter.,A woman is sitting at a desk.,1.667
train,A gorilla is playing the drums.,A monkey is playing drums.,3.333
train,A woman is riding on a horse.,A woman is picking tomatoes.,0.5
train,A lion cub tries to climb a fence.,A lion tries to climb over a wall.,2.75
train,A man is talking on a cell phone.,A guy is talking into a microphone.,2.0
train,The boy cut the grass by the curb with scissors.,A boy cuts grass with scissors.,3.75
train,A woman is dicing some peeled potatoes cut into thick strips.,A woman is chopping a peeled potato into slices.,4.0
train,A man with glasses is talking.,A man in a library is talking.,3.25
train,A woman is cutting some flowers.,A woman is cutting broccoli.,1.0
train,A person is walking down a stone path.,A man is walking down a sidewalk.,3.5
train,A man plays the keyboard with his nose.,The man is playing the piano with his nose.,4.4
train,A man is playing guitar.,A cat is playing.,0.4
train,A man is running with a bus.,A man runs with a truck.,2.5
train,A man is climbing a rope.,A man is sitting on a rock.,0.25
train,A woman is dancing in the rain.,A woman is adding oil to a dish.,0.25
train,A cat cleans itself.,A cat is licking itself.,3.8
train,Men are running a race.,Racers are running down a track.,2.6
train,A woman opens a window.,A woman is looking out a window.,2.0
train,A man is playing a flute.,A woman is applying eye liner.,0.0
train,A woman is cutting potatoes.,A woman is slicing carrots.,1.2
train,A chicken is pecking at a dead mouse.,A rooster pecks at a dead mouse.,3.6
train,A woman is chopping an onion.,A woman is chopping garlic with a knife.,1.8
train,The woman is thinly slicing a cucumber.,The woman is slicing a tomato.,1.2
train,A person is slicing a bread pieces.,A man is slicing bread.,3.2
train,A woman is adding oil on fishes.,A woman is riding a horse.,0.8
train,A woman is grating carrots.,A woman is coating a pork chop.,1.6
train,A man is talking on the phone.,A man is talking.,3.2
train,A man laying down and shooting a gun,A man is laying on the ground shooting a rifle.,3.8
train,A man is being put into an abulance.,A man is pouring pasta onto a plate.,0.0
train,The man is shaking hands with other men.,A man is shaking another mans hand.,4.333
train,A target is being hit with gun fire.,The target was being shot with bullets.,4.214
train,The woman is riding a horse.,A man is riding a horse in an arena.,2.0
train,A woman is slipping in the water-tub.,A woman is lying in a raft.,0.8
train,A man is mowing a lawn.,A man is mixing.,0.8
train,A man is dancing.,A woman is exercising.,0.4
train,A man is playing piano.,A man is laying on the ground.,0.75
train,A woman is doing ballet.,A woman is riding on a horse.,1.0
train,A woman is applying makeup.,A man is playing a guitar.,0.0
train,A woman is stirring rice in a pot.,Someone is putting rice in a pan.,2.769
train,A boy is playing the violin onstage.,A boy is playing an instrument.,2.8
train,The woman is measuring the other woman.,The lady measured the other woman's ankle.,3.2
train,A man puts some cheese on a pizza.,A man is sprinkling shredded cheese on a pizza.,4.2
train,A woman puts slabs of meat in a pan.,A man puts pieces of meat into a plastic bag.,2.4
train,The boy played his trumpet.,A boy is playing the trumpet.,4.4
train,A person is riding a horse.,A man is riding a motorcycle.,1.8
train,A man is staring at a leaf.,A man is slicing a vegetable.,0.8
train,A woman is slicing an onion.,A woman is cutting a carrot.,1.4
train,A man is riding a bicycle.,A man is riding a bicycle around a parking lot.,3.25
train,A person is picking a komodo dragon and putting it in a box.,A person is placing a baby komodo dragon into a container.,4.2
train,A woman is dancing.,A woman is slicing ginger.,0.25
train,"A woman tosses a cat in the air, and the cat hangs off a rod on the ceiling.",A person throws a cat in the air and it grabs onto the ceiling.,3.5
train,A person drops a camera down an escelator.,A man tosses a bag down an escalator.,2.75
train,A big turtle is walking.,The tortoise is walking.,4.25
train,A man is doing exercise.,A man is firing a rifle.,0.5
train,A man is burning a flag.,A man is shooting a gun.,0.5
train,The man is pushing the van.,The woman is singing.,0.0
train,A man is eating wood.,A man is adding oil to car.,0.5
train,A dog is speaking to the camera.,A dog is eating some water melon.,0.6
train,A man and woman are walking.,A man and woman walking hold each other.,3.2
train,A man is cutting a rope with a sword.,The man slced through a thick rope with a sword.,4.4
train,The man is singing and playing the guitar.,A man is playing a guitar.,3.0
train,A dog is playing with a toy.,A dog is eating a doll.,2.25
train,A man is cutting a paper.,A person is tearing paper.,2.583
train,A man is dancing.,A rat is running.,0.0
train,Two boys are talking on the phone.,A woman is talking on a telephone.,1.8
train,A man is playing guitar.,A woman is peeling a tuber.,0.0
train,A woman is riding a horse.,A man is running on rope.,0.0
train,A man is playing soccer.,A man is drawing some figures.,0.4
train,Someone is cracking an egg open.,A man is breaking an egg.,3.0
train,A man is cutting a snake to cook.,A woman is cutting meat.,2.0
train,A woman is scraping a carrot.,A man is striking clay pots.,0.0
train,A man and woman are Bollywood dancing.,A man an woman are dancing in the rain.,1.667
train,A woman is cutting flowers.,A man is holding huge sunflowers.,1.0
train,A woman is dancing near a fire.,A woman is cutting a tomatoe.,0.308
train,The man danced in the diner.,The bomb exploded in the desert.,0.0
train,A lion is walking in an enclosed area.,A lion is walking around.,2.6
train,A tiger is walking around his cage.,A tiger walks around aimlessly.,3.0
train,A man is making a bed.,A man is speaking to an audience.,0.75
train,A woman is playing the flute.,A woman is slicing some tuna.,0.4
train,A person is riding a motorcyle.,A person is chopping an onion.,0.4
train,A man is singing into a microphone.,A man is dancing in the rain.,0.4
train,A person is slicing some garlic.,A person is dicing a clove of garlic with a knife.,3.75
train,A man is playing the piano.,A man is playing a wooden flute.,1.4
train,Someone is playing piano.,A person is playing a keyboard piano.,3.6
train,The woman is putting makeup on the man.,A woman is painting the face of a man.,2.8
train,The woman droppped eggplant into the pan.,A woman puts chopped eggplant into a skillet.,4.0
train,A man plays a trumpet.,A man is playing a musical instrument.,3.4
train,A person uses a blowtorch on two cameras.,A person is burning cameras.,2.333
train,A woman is slicing a lemon.,"A woman, in a kitchen, peels a lemon.",2.667
train,A woman dances on a stage.,A woman is dancing.,3.2
train,A woman is slicing ginger.,A woman is cutting potatoes.,1.6
train,Men are playing soccer.,Two teams play soccer.,3.0
train,The girl is riding the horse.,The girl is spraying the plants with water.,0.2
train,A person is frying.,A person is peeling a potato.,1.2
train,A woman is swinging her arms.,A woman is slicing an onion.,0.8
train,A man is walking outside.,A man is dancing.,0.75
train,A woman is cooking meat.,A man is speaking.,0.0
train,A man dries his hands.,A woman fixes her hair.,0.25
train,A soccer player is kicking the soccer ball into the goal from a long way down the field.,A soccer player kicks the ball into the goal.,3.25
train,A puppy is trying to come out from the sink.,The puppy tried to get out of the tub.,3.0
train,A girl is playing the piano.,A little girl is playing a grand piano on stage.,3.333
train,Some children are jumping on Trampoline.,Two boy are playing on a trampoline.,3.0
train,A woman with a knife is slicing a pepper.,A women slicing green pepper.,4.0
train,A man is adding oil to car.,A man is putting anti-freeze into a car.,2.0
train,The people are lifting bags.,Several people are carrying large bags.,3.75
train,A man is talking on the phone.,A man is moon-walking across a store.,0.4
train,A man is slicing a carrot by a machine.,A man is climbing a rope.,0.4
train,A boy played a keyboard.,A person is playing a piano keyboard.,3.2
train,A woman is slicing pumpkin.,A person is slicing cantaloupe.,2.0
train,A man is cutting a potato.,A woman is climbing a rock wall.,0.0
train,A man is playing a guitar.,A woman is riding a horse.,0.5
train,The people threw the dummy over the cliff edge.,Some people are throwing a dummy off a cliff.,4.5
train,A gun is being fired.,A potato is being peeled.,0.5
train,A woman is cutting a plastic sheet.,A woman is playing a guitar on streets.,0.5
train,A woman is adding spices on a meat.,A woman adds ingredients to beef.,3.75
train,A person is adding oil in the pan.,The cook pouring oil into the pan.,4.25
train,A cook seasons some dough.,A man is seasoning some dough in a pan.,3.75
train,A baby monkey scratches itself.,The monkey scratched his tummy.,3.25
train,The man is throwing knives at a tree.,A man is throwing blades into a close target outside.,3.0
train,Someone is folding a piece of paper.,A person is slicing a small pieces of ginger.,0.25
train,A man is mowing grass.,A guy is mowing the lawn.,4.8
train,A person is mixing water and flour.,A person is hitchhiking on a road.,0.8
train,The two dogs were in the pen.,The cowboy rode his horse in the desert.,0.0
train,A man is riding on one wheel on a motorcycle.,A person is performing tricks on a motorcycle.,3.0
train,A man is serving cake.,A man seasoning quail.,0.75
train,A cat opens a drawer and climbs inside.,A big cat opens a plastic drawer with his paws and then hops inside.,3.75
train,Someone is greating a carrot.,A woman is grating an orange food.,2.5
train,A man is kicking oots of water.,A woman is slicing a red pepper.,0.25
train,A man is eating.,A woman is rock climbing.,0.0
train,A puppy is repeatedly rolling from side to side while on its back.,A dog is rolling from side to side.,3.5
train,A young boy sings and plays a guitar.,A kid plays the guitar.,3.25
train,The woman is peeling lemon.,The man is balancing on the wire.,0.4
train,A man is playing the trumpet.,Someone is playing with a toad.,0.8
train,A man is standing on a roof top playing a violin.,A man is on a roof dancing.,1.8
train,A dog is looking around,A dog is watching a store counter.,1.6
train,The man drilled holes into the wood.,A man drills wood.,4.2
train,A man is playing flute.,A man is petting a tied up dog.,0.2
train,A man is placing meat in a bag.,A man is drivong a car.,0.5
train,A girl is eating a cupcake.,A man is playing a trumpet.,0.0
train,A rabbit is sniffing and pawing a stuffed rabbit.,A live rabbit is playing with a stuffed animal bunny.,4.5
train,A monkey is karate kicking a person.,A monkey pratices martial arts.,2.5
train,A woman is squeezing some cucumber slices.,A woman is getting doused in green slime.,0.75
train,A man takes a piece of pepperoni pizza out of a pizza box and puts it on the lid after he closes the box.,The man took a piece of pepperoni pizza out of the box.,2.75
train,The man added vegetables to the broth in the pot.,A man is adding sliced vegetables to a cooking bowl with water.,3.4
train,The man ran and jumped against the wall.,A man jumps into a wall.,3.4
train,The man is talking.,A man is walking down stairs.,0.4
train,A clown is singing and people are dancing.,A clown is singing.,3.0
train,A woman is feeding an aardvark.,A woman is chopping up garlic.,0.4
train,A boy rode his bike on top of a metal fence.,A BMX biker rides along the top of a fence.,3.0
train,A man is throwing knives at a tree.,A man is showing magic.,1.75
train,A woman is brushing her feet.,A woman is chopping an onion.,0.4
train,A man is playing a ukulele.,A man is sitting and playing a small guitar.,2.2
train,Girls are walking on the stage.,Women models are walking down a catwalk.,2.6
train,A woman is doing weight exercises.,A woman is exercising with a barbell.,3.5
train,A man is peeling a potato.,A man is hiking.,0.5
train,A large bird standing on a table picks up a plastic glass containing liquid and places it in a bowl of something.,A bird picks up a plastic cup containing a liquid with it's beak and puts the cup into a bowl.,3.5
train,A woman is hitting a man.,A man is holding a slow loris.,0.0
train,A woman is riding an elephant.,A man is lifting himself.,0.0
train,A man is lifting weights.,A woman is exercising her abs.,1.0
train,A person is riding a jetski in the waves.,A woman is riding a seadoo.,2.0
train,A woman is removing skin from some meat.,A woman is slicing a tomato.,1.2
train,A woman is wearing headphones.,A woman is chopping some shiso leaves.,0.6
train,A kitten is drinking milk from a bowl.,A small child is drinking water from a cup.,0.8
train,A man is stirring ingredients in a bowl.,A man is beating two eggs in a bowl with a fork.,2.75
train,A group of girls are exiting a taxi.,A video clip of Rihanna leaving a taxi.,2.0
train,A man breaks cinder blocks on another man.,A woman breaks an egg into a pan.,0.8
train,A woman is relaxing in a bath tub.,A woman is stabbing a potato with a fork.,0.4
train,A woman is adding oil on fishes.,The woman is cutting potatoes.,0.6
train,A woman is writing something.,A woman is chopping green onions.,0.8
train,A man is chopping coriander leaf.,A man is playing a guitar.,0.8
train,A man takes a slice of pizza.,A man talks on his cell phone.,0.8
train,A man is placing meat inside a plastic bag.,A woman is carrying a wallaby in a bag.,0.4
train,A baby eats his food.,A baby is being fed peas.,3.0
train,A man is slicing a carrot by a machine.,A man is standing in the rain.,0.4
train,A man rides a horse.,A woman rubs a baby's leg.,0.0
train,A man is playing guitar.,Smeone is laying down.,0.0
train,A man is playing a guitar and singing on a stage.,A man is playing the electric guitar.,3.2
train,A monkey is walking on a bed.,A man is riding a horse.,0.0
train,A man is hitting a boy with flower vase.,A man is cutting a mat.,0.3
train,A boy is playing a piano.,A man is singing and playing a guitar.,1.25
train,A man is frying a tortilla.,A person is performing a card trick.,0.0
train,A woman serving volleyballs over a net.,One woman hands volleyballs to another woman who serves them.,2.75
train,The person is starting a fire.,A person makes fire.,5.0
train,A man is playing an electronic keyboard.,A band is playing instruments.,1.25
train,A man is playing a violin.,The baby is laughing and crawling.,0.0
train,A man is stirring juice.,A man is peeling an onion.,0.75
train,The person is removing the scales from the fish.,A person is descaling a fish.,5.0
train,People are walking in the garden.,One boy is talking with other man.,0.0
train,A young child rides a horse.,The little girl rode a horse.,3.2
train,A person is cutting garlic into pieces with a knife.,Someone is putting ingredients into a wok.,0.75
train,A man is folding a piece of paper.,A man is slicing a plastic container with a sword.,0.5
train,The man was pushed into the water.,A man pushes another man into the ocean.,2.5
train,A boy is upset playing video games.,Someone is playing a gameboy.,1.75
train,A man makes a call on a cell phone.,A man is making a phone call.,4.0
train,A man is kicking pots of water.,A man is turning foods.,1.333
train,A woman is applying cosmetics to her face.,A woman is putting on makeup.,4.6
train,A cat gets stuck on a moving ceiling fan.,A cat is swinging on a fan.,4.2
train,A woman is riding a horse on the beach.,A woman is washing a bowl.,0.2
train,A person is chopping an herb.,A man is finely chopping a green substance.,3.0
train,Several ferrets climb out of their cage.,Ferrets climb down from a shelf.,2.2
train,A woman is collecting tap water in a mug.,A boy is filling a pitcher with water.,1.4
train,A young woman is playing the flute.,A woman is washing off the top of a freezer.,0.0
train,A woman shoots a shotgun.,The woman is shooting a rifle.,2.8
train,A person is whisking eggs in a bowl.,A woman is beating two eggs in a bowl using a wire whisk.,3.8
train,A person is adding chili powder to chili with beans.,The man is adding seasoning to the beans.,3.8
train,A woman rapidly fires a handgun.,A woman is shooting off a gun.,4.4
train,A person is slicing an onion.,A solenodon is walking along the ground.,0.0
train,Rocky and Apollo Creed are running down the beach.,The men are jogging on the beach.,3.0
train,A man is singing while playing the guitar.,A man is stuffing himself full with food.,0.5
train,The dog could not figure out how to get a stick out the doggy door.,A dog is trying to get through his dog door.,2.75
train,A dog is opening a fridge.,A dog closes a refrigerator door.,1.75
train,A woman is mixing eggs in the bowl.,A man is doing push ups.,0.0
train,A boat sails along the water.,The man is playing the guitar.,0.0
train,A woman is holding a dancing baby up.,A woman is abusing her child.,1.0
train,The lady added cheese to the sauce.,A man pours a plate of shredded cheese into a pot of sauce.,1.6
train,The cat shimmied under the bed.,A cat is crawling upside down under the couch.,2.0
train,A woman is chopping garlic.,A woman slices a fish.,1.0
train,A man is cutting grass.,A masked man sings.,0.0
train,Several kids jump up and down on a trampoline.,A man is doing back flips on a trampoline.,1.5
train,The man played haki sak in the office.,The man is seasoning the vegetables.,0.4
train,A man is carrying another man on his back.,A man is taking pictures of ant.,0.4
train,The lady made some slices on the shrimp.,A chef is slicing a shrimp.,2.8
train,A woman is pouring egg into a frying pan.,A man is petting two dogs.,0.167
train,A woman is frying ground meat.,A man is cutting a trunk with an axe.,0.5
train,Meat is dropped into a pan.,A woman is putting meat in a pan.,3.25
train,A woman is cutting scallions.,A woman falls on a sand castle.,0.0
train,A machine is sharpening a pencil.,A girl is riding a bicycle.,0.0
train,A man is cleaning the windows.,A man is driving a car.,0.4
train,A person is stirring rice.,A woman is cracking an egg.,1.0
train,A man puts a knife in a vice.,A man is dancing.,0.25
train,A boy plays violin on stage.,A boy is onstage playing the violin.,4.25
train,The men are fighting each other.,The man drew on the white paper.,0.4
train,A man is catching a ball.,A cat is rubbing against a baby.,0.0
train,A girl is reading a newspaper.,A chef is peeling a potato.,0.0
train,A man is walking along a path through wilderness.,A man is peeling an onion.,0.75
train,The man played his guitar.,A guy is singing while playing his guitar.,3.0
train,Swimmers are racing in a lake.,Women swimmers are diving in from the starting platform.,1.6
train,Some men are skating on the road.,Two boys are skate boarding.,2.6
train,A man pours liquid into a pan.,The chef poured oil in the pan.,2.6
train,A boy is playing piano and singing.,A pig is agitating a lion.,0.0
train,A person is boiling noodles.,A cat is licking a bottle.,0.0
train,A cat and a ferret are playing.,A ferret and kitten play together.,4.25
train,A monkey is walking through the water.,A guy is playing a trumpet.,0.0
train,A person is slicing some onions.,A woman is chopping herbs.,1.0
train,The man sang on stage into the microphone.,A man in a suit is standing at a microphone and singing.,3.5
train,The animal with the big eyes is eating.,A slow loris is eating.,2.6
train,A man is holding a frog.,A man is emptying a plastic container.,0.6
train,A baby is crawling happily.,A cat is walking on hardwood floor.,0.1
train,The man rode his motorcycle down the highway.,A person is driving a motorcycle on a road.,3.75
train,A man performs on a stage.,A man guts a fish.,0.4
train,The women are sitiing down.,Two women are sitting close to each other and talking.,2.6
train,A woman is slicing fruit.,Two women are slicing some lemons.,2.0
train,A man removes a couple of toaster scrambles from a plastic packet.,A man removes food from a bag.,1.75
train,The flag was moving in the air.,A flag is waving.,3.75
train,A woman is dancing by a fire.,A man ties a noose.,0.0
train,A lady mixed up a meat mixture in bowl.,A woman is stirring meat in a bowl.,4.0
train,The man talked on the telephone.,Girls are walking on the stage.,0.0
train,A man is playing the guitar and singing.,A man is opening a package containing headphones.,0.8
train,the soccer player kicked the ball side to side between his legs.,A person is kicking a soccer ball back and forth between his feet.,3.4
train,The baby laughed in his car seat.,A baby is laughing.,3.1
train,A man is lifting heavy weights.,A wallaby is licking a woman's hand.,0.25
train,A dog knocks a boy into the water twice.,A dog pushes a toddler into a rain puddle.,2.692
train,A woman puts make-up on.,A woman is putting on eyeshadow.,3.333
train,A boy is playing with a toy.,A boy plays a handheld game.,3.0
train,A man dives off of a cliff.,A man is riding a motorcycle.,0.667
train,A cat plays in his water.,The cat fished a straw out ouf his water dish.,3.5
train,The bird is taking a bath under the faucet.,A bird is bathing in a sink.,4.429
train,A man is coming out into the water.,A man rises from a swamp.,3.2
train,A man and woman dance.,A man is petting a dog.,0.333
train,A man is sweeping the floor of a house using a long broom.,The man swept the empty living room.,3.333
train,A group of couples are dancing.,Men and women are dancing slowly.,3.333
train,A man is scaling a fish.,A man pours some cooking oil into a pot.,1.0
train,A man is smoking.,A baby is sucking on a pacifier.,0.0
train,Someone is holding and petting a baby tiger.,Someone is rinsing a large beef steak at the kitchen sink.,0.4
train,The man is playing the guitar.,The cat cleaned his face with his paw.,0.0
train,The man did pushups on a wall.,The man tased the food.,0.25
train,A person breaks an egg into a small bowl.,A man cracks an egg.,2.6
train,A man is playing keyboards.,A man is riding a mechanical bull.,1.2
train,A child is walking down the street as a jeep pulls up.,A woman is walking along a road and a man in a motorcar pulls up beside her.,1.4
train,A man is adding oil to a pot.,A dog is catching a fish in a river.,0.2
train,The girl danced in front of the bonfire.,A woman is dancing to music standing near a bonfire.,2.75
train,The man is exercising.,A man is doing pull-ups.,3.2
train,A man is chopping butter into a container.,A woman is cutting shrimps.,0.6
train,The man took off his sunglasses while talking.,A man wearing a hard hat removes his glasses as he speaks.,3.4
train,The two men did a funny skit with a boxer in front of a crowd of people.,Boys are dancing in front of people.,1.5
train,The girl is tiding up her bed.,A woman is making a bed.,2.5
train,Someoen is cooking onions.,A man is swinging nunchucks.,0.0
train,The man is using a sledghammer to break the concrete block that is on the other man.,A man breaks a slab of concrete that is lying on a prone man with a sledge hammer.,5.0
train,The lady put the dried noodles in the hot water to cook.,A woman places a container of noodles in a pan of water.,4.333
train,A tiger is playing with his trainer.,A tiger attacks a man.,1.333
train,A panda bear is laying down.,A baby panda relaxes on some logs.,3.333
train,Two kids are playing in a swimming pool with a green colored crocodile float.,Two kids push an inflatable crocodile around in a pool.,4.2
train,A couple of policewomen are singing karaoke.,Two women are dancing.,0.8
train,A man is putting broccoli into water.,A person is peeling a potato.,1.0
train,A chimp is kicking a target.,A woman is putting oil into a skillet.,0.0
train,Some is grating onion into water.,A person grates a potato into a bowl.,1.5
train,A cat is playing with a watermelon on a floor.,A man is pouring oil into a pan.,0.0
train,A man is doing exercise.,A baby is laughing.,0.0
train,A cat retrieves an object out of a dish of water.,The cat tried to eat the corn on the cob.,0.6
train,A baby is talking.,A boy is trying to say firetruck.,1.2
train,A chef is slicing carrot.,A person is drawing a picture.,0.0
train,A woman boils eggs.,A woman places two eggs into a pot of water.,3.0
train,A woman puts ingredients in a whisked egg.,A man pours gasoline.,0.0
train,A girl is slicing a butter into two pieces.,A woman is slicing tofu.,1.0
train,Several swimmers jump into the water.,Swimmers are racing in a lake.,1.75
train,A man is playing the guitar.,A person is slicing a meat into pieces.,0.0
train,A girl is playing a guitar.,A boy is playing a key-board between the people.,1.0
train,A little girl plays the violin on a beach.,The girl sat on the couch to crochet.,0.0
train,A woman is adding some mushrooms and liquid to a pot.,A young man is playing the guitar.,0.0
train,A young man is riding a skateboard and jumps onto a sidewalk then off at another curb.,A man is riding a skateboard.,2.75
train,A man is karate kicking at another man wearing protective boxing gloves.,A man is kick boxing with a trainer.,2.5
train,Someone drew on Washington's face on the dollar.,A person draws on a dollar bill.,3.4
train,The girl is slicing an onion.,A woman is chopping an onion into small pieces.,2.2
train,A person dices up an orange pepper.,The cook is slicing bell peppers.,1.8
train,The man is playing the wooden flute.,A little boy is vacuuming the floor.,0.0
train,The man is aiming a gun.,A boy is playing on a toy phone.,0.0
train,The men are playing soccer.,A man is riding a motorcycle.,0.0
train,Panda's play on a swing.,A man is playing guitar.,0.8
train,I know that in France they have had whole herd slaughter and this does not seem to be the best way forward.,"I know that in France, the principle of slaughter of whole herd has been implemented and that this is not the best way to combat this phenomenon.",4.25
train,"Unfortunately, the ultimate objective of a European Constitution would be precisely the opposite, and so, of course, we cannot vote for it.",Unfortunately the final objective of a European Constitution would be exactly the opposite and obviously we cannot approve it.,4.8
train,The right of a government arbitrarily to set aside its own constitution is the defining characteristic of a tyranny.,The right for a government to draw aside its constitution arbitrarily is the definition characteristic of a tyranny.,4.8
train,The right of a government arbitrarily to set aside its own constitution is the defining characteristic of a tyranny.,The right for a government to dismiss arbitrarily its constitution is the definition of a characteristic tyranny.,4.8
train,"After all, it is by no means certain that the proposed definition of equitable price is better than any other, because the various definitions that are currently in use in the Member States are all perfectly satisfactory.","Indeed, it is not absolutely certain that the definition of fair price which is better than another, because the definitions used in the Member States in all amply sufficient.",3.75
train,"It must genuinely be a centre for coordinating the network of national agencies which, in turn, must activate and coordinate a network of centres of excellence for food safety at the level of the individual regions.","It should be the real coordination of the network of national agencies which, in turn, will speed up and a network of centres of excellence of food at regional level.",4.0
train,"On my own behalf and on behalf of my colleagues in the Committee on Fisheries, I would ask you, Madam President, to send Parliament' s condolences to the families of the victims and to the local authorities in both Brittany and in Marín, Galicia, from where the majority of the victims came.","Madam President, I would ask you, on behalf of my colleagues in the Committee on Fisheries and in my own name, to send a message of condolence on the part of Parliament to the families of the victims and the local authorities of Brittany as Marín, city of Galicia, where originating from most of the victims.",4.8
train,"One could indeed wish for more and for improvement, but I honestly believe that we have made a good start.","One can indeed wish more and better, but I believe very honestly that it is a good start.",4.8
train,"He will stand trial on 8 January on charges of having attended a meeting of the Tunisian opposition in France, which he denies.","It passes in lawsuit next on January 8. It is reproached to him for having taken part in a meeting of Tunisian opponents in France, which besides it denies.",4.2
train,"Thank you very much, Commissioner.","Thank you very much, Mr Commissioner.",4.5
train,"A step in the right direction, for which the European Parliament has been striving for a long time now, is the creation of a provisional unit for judicial cooperation.","The creation of a provisional unit of judicial cooperation is a step in the right direction, not to which the European Parliament has been seeking for a long time already.",4.0
train,There has been a budget heading for the funding of mine clearance and prevention programmes for many years now.,A budget line finance programmes of mine clearance and prevention for years.,4.0
train,"Clearly, explanations are necessary for the increased incidence of BSE, not only in France but also in other Member States.","It is obviously necessary to determine the reasons for the increase in the incidence of BSE, not only in France but also in other Member States.",5.0
train,"Mr President, the Commission' s attitude to the right of access to documents may be seen from the internal handbook sent on 11 October to employees of the Commission to tell them how to deal with requests from MEPs for access to documents.","Mr President, we can see the Commission's position in terms of public access to documents by reading the internal manual which was given on 11 October, with the Commission officials in order to explain the way in which they were to deal with the requests from the Members with regard to access to documents.",4.8
train,"Mr President, ladies and gentlemen, I should like to say a few words on the joint resolution, which will, of course, be passed.","Mr. President, my honourable Members, I would like to intervene on the joint resolution that obviously we will vote.",3.5
train,There has been a budget heading for the funding of mine clearance and prevention programmes for many years now.,A budget line finances clearance programmes and of prevention since years.,3.0
train,"I find it rather odd that people are already trying to tie the Commission's hands in relation to the proposal for a directive, while at the same calling on it to present a Green Paper on the current situation with regard to optional and supplementary health insurance schemes.",I find it a little strange to now obliging the Commission to a motion for a resolution and to ask him at the same time to draw up a Green Paper on the current state of voluntary insurance and supplementary sickness insurance.,4.4
train,People with the same business affairs in common are peacefully bound to one another.,The economic activities Commons generating peaceful links between people.,3.0
train,"Reiterating the calls made by the European Parliament in its resolution of 16 March 2000, what initiatives does the Presidency of the European Council propose to take with a view to playing a more active role so as to guarantee the full and complete application of the UN peace plan?","As the European Parliament, in its resolution of 16 March 2000, that they initiatives does the Council intend to take to play a more active role in order to ensure the full and entire application of the UN peace plan?",4.4
train,"Mr President, I would like to focus in my speech on Mrs Lalumière' s report, which I think is clearly worded and well put together.","Mr President, in my speech I shall focus on the report by Mrs Lalumière report, which I find formulated well thought-out and clearly.",4.8
train,"I stress this point because the market cannot regulate everything, which is why competition is not completely unrestricted, nor should it be.","I stress this because the market cannot regulate everything and that, in this sense, there cannot be any competition without limits.",4.2
train,"I call on Prague to respond to this signal, this challenge, this plea for dialogue, to grant our request and to ensure, together with our House, that this legacy of a nationalist era can be consigned to the past.","I invite Prague to take this message, this invitation, this request for dialogue, to act and to make it so that, together with this House, these being nationalistic period relics may be abandoned.",4.6
train,"It must genuinely be a centre for coordinating the network of national agencies which, in turn, must activate and coordinate a network of centres of excellence for food safety at the level of the individual regions.","It must be the true brain coordination of the network of national agencies, which, in turn, must activate and coordinate a network of centres of excellence of food safety at regional level.",4.6
train,"As a matter of urgency, therefore, the staff complement of the Interdepartmental Group attached to the Commission Secretariat should be strengthened at the earliest possible opportunity in order to ensure that all proposals for acts which are general in scope are accompanied, when considered by the College of Commissioners and on the basis of Article 299(2), by a simplified sheet outlining their potential impact.","Therefore, it is urgent that the personnel of the inter-service group are very quickly reinforced at the heart of the Secretary-General of the Commission, so that all the proposals of the Act of general interest can be accompanied, during their examination by the Commission on the basis of Article 299 (2) of a detailed fiche d'impact.",4.0
train,"We have started to exchange ideas on this question, from which it has emerged that all the Member States want to maintain this ceiling after enlargement.","We have started to have discussions on this issue, making it clear that all the Member States wish to maintain this ceiling after enlargement.",5.0
train,"As a matter of urgency, therefore, the staff complement of the Interdepartmental Group attached to the Commission Secretariat should be strengthened at the earliest possible opportunity in order to ensure that all proposals for acts which are general in scope are accompanied, when considered by the College of Commissioners and on the basis of Article 299(2), by a simplified sheet outlining their potential impact.","Thus, it is urgent that the staff of the interservice group are very quickly strengthened at the heart of the Secretary-General of the Commission, so that all the proposed act of general scope can be accompanied, during their examination by the college on the basis of Article 299 (2) of a fiche d'impact detailed.",4.0
train,"Without doubt, it was better to have no agreement at all than a poor one and it is true that, in this instance, the American proposal was a third-rate proposal, and one which was completely unacceptable to Europe.","Without doubt, was better to have no agreement only have an agreement that is bad and, in this case, the American proposal was a proposal to the rebate, totally unacceptable for Europe.",4.8
train,"The very worst situation is when the women concerned also come from distant countries, having taken the work on out of desperation because they have no other way of continuing to provide for themselves.",The situation is worse when it comes to women's distant countries which have accepted this work by necessity and who have no alternative to continue supporting themselves to their vital needs.,3.6
train,The joint debate is closed.,The joint debate is closed.,5.0
train,It is this kind of future I would also like to see in the other countries within the European Union.,This is a development of this kind that I wish the other Member States of the European Union.,4.2
train,"Without doubt, it was better to have no agreement at all than a poor one and it is true that, in this instance, the American proposal was a third-rate proposal, and one which was completely unacceptable to Europe.","Without doubt, it was better to have no agreement have an agreement that is wrong and, in this case, the American proposal was a watered-down proposal totally unacceptable for Europe.",4.2
train,"This is also the position advocated by the rapporteur, and it is shared by the European People' s Party.",That is the position defended by the rapporteur and shared by the European People's Party.,4.857
train,"Clearly, explanations are necessary for the increased incidence of BSE, not only in France but also in other Member States.","We must clearly define the reasons for the increase in the incidence of BSE, not only in France but also in other Member States.",4.667
train,"Whilst employment may be the European Union' s priority policy, fisheries, as another economic sector, cannot remain on the sidelines.","If employment is the political priority of the Union, fisheries, as an economic sector, cannot remain on the sidelines.",4.0
train,"Lastly, and most controversially, the committee strongly called for the use of a fast-track procedure to implement this legislation.","Finally, and this is a subject more controversial, the Commission invited vigorously to use the fast-track procedure to implement this legislation.",4.4
train,"If we want to help Indonesia we must act now with money and deeds, not merely words.","If we want to help Indonesia, we must speak now with money and concrete action, and not just with words.",4.6
train,There has been a budget heading for the funding of mine clearance and prevention programmes for many years now.,A budget line is funding programmes for mine clearance and prevention for years.,3.8
train,"Mr Gayssot, Greek ships have sunk without warning, when there were no storms in the vicinity.","Vessels, without which there is the slightest, Mr Gayssot.",2.8
train,But I would like to say to Parliament this afternoon that we should not lose sight of the fact that the EU spends just 1% of GDP and much of that is administered in the Member States.,"Nevertheless, I would like to say to the House this afternoon that we must not lose sight of the fact that the European Union spends only 1% of the GDP of the Member States and that the bulk of this money is managed in the Member States.",4.6
train,"The UK Labour members of the PES Group welcome the adoption of their contribution to the ongoing work of the IGC on reinforced cooperation, without endorsing every single detail.",". (IN) the British Labor Members of group PSE are pleased with the favourable response reserved for the contribution which they made to the ongoing work of the IGC on the reinforced cooperation, without adhering completely to all the details of this one.",3.25
train,"In Nigeria, Chevron has been accused by the All-Ijaw indigenous people of instigating violence against them and actually paying Nigerian soldiers to shoot protesters at the Warri naval base.","In Nigeria, the indigenous people All-Ijaw Chevron have been accused of inciting violence against them and to go so far as to pay Nigerian soldiers to draw on the demonstrators in the Warri naval base.",4.0
train,I know that in France they have had whole herd slaughter and this does not seem to be the best way forward.,"I know that in France, the principle of the slaughter of whole herds was applied and that does not seem to be the best way to combat this phenomenon.",4.25
train,"These objectives, the main one and the secondary ones, will be the touchstone by which the concrete proposals submitted by the Commission must be judged.","These objectives, the overriding goal and secondary objectives, will be the yardstick by which we judge the concrete proposals put forward by the Commission.",5.0
train,The European Council will also discuss the state of progress of the accession negotiations and hence of the enlargement.,"The European Council will discuss the state of progress of accession negotiations, and therefore of enlargement.",4.8
train,"- My party has serious reservations about Community law applying to the sale of consumer products, as against applying the concept of mutual recognition of standards.","My party has profound reservations about the regulation of the sale of consumer goods by means of Community legislation, as it expresses reservations about the concept of mutual recognition of standards.",4.4
train,The other viewpoint illustrated by the rapporteur' s initial statement and shared by a number of members is to promote regulations and codes of conduct which are needed in order to establish among insurers ways of organising costs on a mutual basis providing everybody with guaranteed access to high-quality care and to counter the risk of discriminatory practices developing together with risk and client selection.,"The other point of view, illustrated by the initial matter of the rapporteur and shared per number of Members, consists in promoting the regulations and the codes of conduct necessary to found, between insurers, the forms of mutualisation of the costs guaranteeing to all the supply of an high quality of care and to counter the risks to see developing discriminatory practices and a risk selection and customers.",4.2
train,"I wonder if the Commissioner has planned any steps in this respect to demonstrate that we really do consider Kostunica to be the only lawfully elected representative of the Serbian people, and the only partner with whom the European Union is involved as from today.","I wonder if the Commissioner, for the steps which they show that we consider and as the representative of the Serbian people and as the partner with which the European Union will have to deal with.",3.4
train,"Reiterating the calls made by the European Parliament in its resolution of 16 March 2000, what initiatives does the Presidency of the European Council propose to take with a view to playing a more active role so as to guarantee the full and complete application of the UN peace plan?","As the European Parliament has called for in its resolution of 16 March 2000, they initiatives European Council Presidency intend to take to play a more active role in order to ensure the full implementation of the UN peace plan?",4.6
train,"It is unlikely that the planned protection of the universal provision of services by means of a compensatory fund, as a result of which private profits are ploughed back into public services, will last.",The maintenance of the universal service to the assistance of a compensation Fund which enable engaging the advantage of public service will probably long fire.,3.2
train,"I wonder if the Commissioner has planned any steps in this respect to demonstrate that we really do consider Kostunica to be the only lawfully elected representative of the Serbian people, and the only partner with whom the European Union is involved as from today.",I wonder if the Commissioner already provides the steps that will make it possible to show that we consider Koitunica as the legally elected representative of the Serbian people and as a partner with which the European Union will now address.,4.8
train,"The labelling of beef that was agreed on, which is a minimum form of labelling and only came into force two and a half months ago, does not make it possible for the origin of animals to be adequately traced, and we were very slow to ban specified risk materials.","The labelling of beef which has been decided, which is a minimum and labelling which is in force for two and a half months, does not properly to trace the origin of the animals and we have banned quite late specified risk materials.",4.6
train,We shall have to speak with just one disagreeable voice in the WTO.,We speak with a single voice within the WTO.,3.2
train,"They will keep the pressure on, and they are strengthening their position with the revenue they are generating from delivering mail above 150 grams.",They will continue to put pressure on the money they gain the distribution beyond the bounds of the 150 grams enables them to strengthen their position.,4.0
train,It is gratifying that Parliament has succeeded in producing a large majority in favour of more openness.,It must be welcomed that the European Parliament has succeeded in bringing together a broad majority in favour of greater transparency.,4.0
train,"There is an urgent need, following the recent attacks on the Greek minority in Himara, to promote democratisation measures and measures to strengthen institutions and respect for human rights in Albania.","The recent incidents against the Greek minority of Himara make more imperative that we need to promote measures for democratisation, institution-building and respect for human rights in Albania.",4.8
train,"I call on Prague to respond to this signal, this challenge, this plea for dialogue, to grant our request and to ensure, together with our House, that this legacy of a nationalist era can be consigned to the past.","I call on Prague to seize this sign, this invitation, this request for dialogue, to follow them up and to ensure that, together with this House, these relics of a nationalist era can be abandoned.",4.2
train,"The labelling of beef that was agreed on, which is a minimum form of labelling and only came into force two and a half months ago, does not make it possible for the origin of animals to be adequately traced, and we were very slow to ban specified risk materials.","The labelling of beef and veal, which has been decided, which is a minimum and which is in force for two and a half months, does not make it possible to trace the origin of the animals properly and we have banned well late at risk.",4.0
train,"And I am telling you loud and clear: Kostunica must be given his chance here and I therefore hope that he will give amnesty in the next couple of weeks or months, but meanwhile, I do want the introduction of those two new budget lines, democratisation and reconstruction, to be accompanied by political conditions, both from a political and budgetary perspective.","And I say this to you very clearly: we must give its opportunity to Kostunica and I therefore hope that it will ensure an amnesty during the weeks or months ahead; but in the meantime, I wish, however, that, in political terms and in budgetary terms, the political conditions are linked to the introduction of these two new budget lines, namely democratisation and reconstruction.",4.8
train,"The House had also fought, however, for the reduction of the funds available for innovative measures to be offset by means of resources from the flexibility instrument, a demand which is recorded in a declaration on the financial perspective in the Interinstitutional Agreement.","This Parliament has, however, also fought for this reduction in the funds allocated to the innovative actions to be compensated for by the use of framework of flexibility, defined in a statement on the financial perspective.",3.8
train,"On the contrary, the influence of the national democracies is being reduced by the further restriction of the right of veto and by the fact that the European Parliament is being given more power.","On the contrary, the power of national democracies is still more force to limit the right of veto and to give more power for the European Parliament.",4.2
train,The lesson for this Parliament this morning must be that we have to conclude that maritime laws throughout the world are in a state of shambles and we have to begin the process of putting them right.,"The lesson that this House in this morning's debate must learn is that we are forced to conclude that the maritime laws are all over the world, in a state of chaos, and that we must set about the task to sort all this out.",4.2
train,We have heard that the previous Council Presidency first restructured and then scrapped the Ministry for Equality.,We have heard that the previous presidency has restructured first and then dismantled the Ministry of equal opportunities.,4.4
train,"The broader Standard & Poor's 500 Index .SPX gained 3 points, or 0.39 percent, at 924.","The technology-laced Nasdaq Composite Index <.IXIC> rose 6 points, or 0.41 percent, to 1,498.",1.0
train,"This is also the position advocated by the rapporteur, and it is shared by the European People' s Party.",It is the position defended by the rapporteur and shared by the European popular party.,4.2
train,"It is unlikely that the planned protection of the universal provision of services by means of a compensatory fund, as a result of which private profits are ploughed back into public services, will last.",The safeguarding of universal service to a compensation fund which would engage in private profits for the benefit of the public service will probably long.,3.2
train,". (ES) Mr President, enlargement is essential for the construction of a strong and united European continent.",". (ES) Mr. President, widening is essential for the construction of a strong and plain continent of Europe.",4.6
train,"The French Presidency thanks you, Madam President, ladies and gentlemen, for this cooperation, for your support and also for the warm reception you have given us.","For this cooperation, for your support and also for your warm welcome, Madam President, ladies and gentlemen, the French Presidency thank you.",5.0
train,"Secondly, say no to the big bang idea of incorporating candidate countries simultaneously as a large group, since that would militate against the principle that each country should be admitted on its own merits.","Secondly, we must say 'no' to the concept which would be admitted that big bang, but at the same time, a large group of countries, because this would be in contradiction with the principle of the admission of each country on its merits.",4.2
train,"Secondly, say no to the big bang idea of incorporating candidate countries simultaneously as a large group, since that would militate against the principle that each country should be admitted on its own merits.","Secondly, we must say 'no' to the big bang concept which would admit that at the same time, a large group of countries, because that would be at odds with the principle of the admission of each country according to its merits.",3.8
train,"A step in the right direction, for which the European Parliament has been striving for a long time now, is the creation of a provisional unit for judicial cooperation.","The creation of a provisional unit of judicial cooperation is a step in the right direction, which the European Parliament has been striving for a long time.",4.6
train,The debate is closed.,The debate is closed.,5.0
train,Those who stand apart from reinforced cooperation are really being given the same freedom as the back seat passengers in a car.,Those who reject the enhanced cooperation have the same freedom of movement that passengers in the back seat of a car.,4.4
train,"Worst of all, I believe, is having to issue a warning that a court judgment in their favour may just be a set of comforting words and make no real difference in their lives.","In my opinion, there is nothing worse than having to inform the people to be made in their favour could be that a series of words and have no worries on their existence.",4.4
train,"While withdrawing the resolution, however, I express the conviction that this Parliament would have made its voice heard better if, in anticipation of the Council of Nice, it had devoted a specific and separate resolution to these important and difficult topics of the Intergovernmental Conference, instead of dealing with them in a single resolution that also embraces all the other points on the Council agenda.","By withdrawing our resolution, I am, however, convinced that Parliament would do better to devote its voice, in view of the Nice Council, a specific resolution separate and the extremely important subjects and difficult if the Intergovernmental Conference, rather than treating them within the framework of a single resolution including also all other items on the agenda of the Council.",4.4
train,"I should also have liked the Court of Auditors' report to have been a little more user-friendly and to have provided a number of clear recommendations, for example one or two per chapter.","I would also have liked the report of the Court of Auditors was a little more user-friendly and that it had submitted some clear recommendations - for example, one or two recommendations per chapter.",5.0
train,That is a shameful state of affairs when we consider that the EU itself is a champion of modernised business practice.,This is a disgrace when we think that the European Union is a champion of the modernisation of economic life.,3.6
train,"In Nigeria, Chevron has been accused by the All-Ijaw indigenous people of instigating violence against them and actually paying Nigerian soldiers to shoot protesters at the Warri naval base.","In Nigeria, the All-Ijaw natives showed Chevron to incite with the violence in their opposition and of going until paying Nigerian soldiers to shoot at the demonstrators at the naval base from Warri.",3.6
train,Slovakia has not been condemned to the second division and it is logical that it should like to join together with the Czech Republic.,Slovakia is not condemned to remain in the second group and it is logical that it wishes to join the Union at the same time as the Czech Republic.,4.4
train,We welcome the arrangements proposed in this respect by the Preparatory Committee and adopted by the General Assembly regarding procedures for the registration of non-governmental organisations for involvement in the preparatory process and the Special Session in September 2001.,"We welcome the provisions proposed in this respect by the preparatory committee and decided by the General Assembly in relation to the method of accreditation of non-governmental organisations, at the preparatory process and the special session in September 2001.",4.8
train,"You do not even intend to incorporate it into the Treaty, evidence indeed that this text, this exercise was always destined to be laid aside.","You do not want to incorporate in the Treaty, which demonstrates that this text should be set aside.",4.0
train,"This is a vague area, and it is possible that more restrictive provisions may also remain in force, and this is one point in respect of which we have tabled amendments.","It is not clear on this point, and it is not impossible that can also remain in force more restrictive measures, especially on this point than we tabled amendments.",4.4
train,"Mr Gayssot, Greek ships have sunk without warning, when there were no storms in the vicinity.","Greek ships were sunk, without any storm around, Mr Gayssot.",5.0
train,"Unfortunately, the ultimate objective of a European Constitution would be precisely the opposite, and so, of course, we cannot vote for it.",Unfortunately the ultimate objective of a European Constitution would be opposite and obviously we cannot support it.,4.6
train,"I would urge the French Presidency to do their utmost to overcome this divide, because it is extremely destructive.",I make an urgent appeal to the Presidency to do everything in its power to fill this role.,2.4
train,That made them heavily dependent on loans.,A policy which has been strongly capital.,1.4
train,It is this kind of future I would also like to see in the other countries within the European Union.,This is a development of this type that I wish to other States of the European Union.,4.6
train,The Committee on Legal Affairs and the Internal Market rightly insists on no upper limit and a minimum of no less than 7%.,It is right in saying that the Committee on Legal Affairs continues in the refusal of a ceiling and the maintenance of a minimum rate which cannot be less than 7%.,4.5
train,"The very worst situation is when the women concerned also come from distant countries, having taken the work on out of desperation because they have no other way of continuing to provide for themselves.",Things deteriorate when it is a question of women from countries which have accepted this work and who have no other possibility to continue to provide their basic needs.,3.75
train,"He will stand trial on 8 January on charges of having attended a meeting of the Tunisian opposition in France, which he denies.","It goes trial on 8 January of next year. It is accused of having participated in a meeting of Tunisian opponents in France, as indeed it denies.",4.4
train,As long ago as 1996 the European Parliament came out in favour of a ban on the use of meat-and-bone meal throughout the European Union in accordance with the precautionary principle - if only.,"Since 1996, the European Parliament had decided in favour of a prohibition of the use of the bone meals in the European Union, in accordance with the precautionary principle - so only it had been listened to.",4.2
train,"You do not even intend to incorporate it into the Treaty, evidence indeed that this text, this exercise was always destined to be laid aside.","You do not even want to incorporate into the Treaty, which shows that this text should be set aside.",3.8
train,"You do not even intend to incorporate it into the Treaty, evidence indeed that this text, this exercise was always destined to be laid aside.","You do not even want to incorporate into the Treaty, that proves that this text should be set aside.",3.6
train,"Without doubt, it was better to have no agreement at all than a poor one and it is true that, in this instance, the American proposal was a third-rate proposal, and one which was completely unacceptable to Europe.","Undoubtedly, was it not to have an agreement better than to have an agreement which is bad and, in this case, the American proposal was a proposal with the reduction, completely unacceptable for Europe.",4.6
train,"On the contrary, the influence of the national democracies is being reduced by the further restriction of the right of veto and by the fact that the European Parliament is being given more power.","On the contrary, the power of the national democracies decreases in force of limiting increasingly the right of veto and to give ever more power in Parliament of the EU.",4.4
train,The European Council will also discuss the state of progress of the accession negotiations and hence of the enlargement.,"The European Council will also discuss the State of progress of the negotiations on membership, and therefore of the '.",4.2
train,"I call on Prague to respond to this signal, this challenge, this plea for dialogue, to grant our request and to ensure, together with our House, that this legacy of a nationalist era can be consigned to the past.","I invite Prague to seize this, this invitation, this request for dialogue, to respond and to ensure that, together with this House, these relics of a nationalist age can be abandoned.",3.4
train,"Finally, in a word, the fourth pillar devoted to equal opportunities reinforces the integrated approach to equality through gender mainstreaming and through specific guidelines.","Finally, in a word, the fourth pillar dedicated to equal opportunities reinforces the integrated approach to equality by the mainstreaming and by specific guidelines.",4.0
train,This rule can be applied equally to all recreational but dangerous drugs when no one but the person consuming the drug is likely to be affected.,This rule can also apply to all drugs récréationnelles but dangerous as far as the consumer of drugs should be the only to run risks.,3.8
train,"When we are faced with a potential risk, it is important to apply the precautionary principle.","When we are confronted with a potential risk, it is important to implement the precautionary principle.",5.0
train,(Applause),"I already answered on this point and I subscribe completely so that he said on the need for improving the public debate considerably. I will not return on what I said, but it is true that, too often, the citizens feel foreign with decisions which are made in authorities that they do not know.",0.0
train,"These objectives, the main one and the secondary ones, will be the touchstone by which the concrete proposals submitted by the Commission must be judged.","These objectives, the secondary primary objective and objectives, will represent the stone of key enabling us to consider the concrete proposals presented by the Commission.",3.8
train,"When we are faced with a potential risk, it is important to apply the precautionary principle.","When we are faced with a potential risk, it is important to implement the precautionary principle.",5.0
train,"From the first discussions on this dossier, which were held at European level at the initiative of the European Parliament, the Commission has given a commitment to the Member States to pursue a course of action designed to develop what we might call a European police culture, grounded in the highest standards of duty, respect for the rights and freedoms of our citizens and efficiency in the fight against crime.","Since the first, on this issue, which took place at the European level on the initiative of the European Parliament, the Commission is in relation to the Member States to promote an action intended to what we could consider as a culture, on the standard them in the matter of respect for the rights and freedoms of the citizens, and effectiveness in the fight against crime.",4.2
train,"Mr President, ladies and gentlemen, I should like to say a few words on the joint resolution, which will, of course, be passed.","Mr President, ladies and gentlemen, I would like to speak on the joint resolution that of course we will.",4.2
train,"These objectives, the main one and the secondary ones, will be the touchstone by which the concrete proposals submitted by the Commission must be judged.","These objectives, the objective of primary and secondary objectives, the cornerstone of allowing us to judge the concrete proposals by the Commission.",4.6
train,"While withdrawing the resolution, however, I express the conviction that this Parliament would have made its voice heard better if, in anticipation of the Council of Nice, it had devoted a specific and separate resolution to these important and difficult topics of the Intergovernmental Conference, instead of dealing with them in a single resolution that also embraces all the other points on the Council agenda.","By withdrawing our resolution, I express however the conviction that our Parliament would have better done to hear its voice while devoting, for Conseil of Nice, a resolution specific and distinct with the so important and so difficult topics to the intergovernmental Conference, rather than to treat them within the framework of one only resolution also including all the other points of about an agenda of the Council.",4.4
train,Those who stand apart from reinforced cooperation are really being given the same freedom as the back seat passengers in a car.,Those who refuse and enjoy the same freedom of movement as the passengers out of a car.,1.8
train,"In the last three weeks, progress has been made in three major areas.","These last weeks, three significant progresses were made.",3.8
train,This is no time for the faint-hearted.,It is not the moment to be hesitant.,3.4
train,"One could indeed wish for more and for improvement, but I honestly believe that we have made a good start.","We can indeed want more and better, but quite honestly that I believe this is a good start.",4.4
train,"Secondly, say no to the big bang idea of incorporating candidate countries simultaneously as a large group, since that would militate against the principle that each country should be admitted on its own merits.","Secondly, we must say 'no' to the concept being recognised that the big bang, but at the same time, a large group of countries, because this would be in contradiction with the principle of the admission of each country on its merits.",4.8
train,The only instance in which no tax is levied is when the supplier is in a non-EU country and the recipient is in a Member State of the EU.,The only way for which no tax is not yet seen is that of supply in the European Community from third countries.,3.8
train,(Applause),"I have already replied to this point and I agree entirely with what he said about the need to improve considerably the public debate I will not repeat what I said, but it is true that, all too often, citizens feel alienated to decisions that are taken in bodies that they do not know.",0.0
train,"Given this situation, there is an inescapable need for greater involvement and greater effectiveness in the fight against poverty and underdevelopment.","Given these realities, the need for greater involvement and greater efficiency in the fight against poverty and underdevelopment is essential.",5.0
train,"- My party has serious reservations about Community law applying to the sale of consumer products, as against applying the concept of mutual recognition of standards.","My party has serious reservations about the regulation of the sale of consumer goods through Community legislation, as it expresses reservations about the concept of mutual recognition of standards.",4.6
train,"Given this situation, there is an inescapable need for greater involvement and greater effectiveness in the fight against poverty and underdevelopment.","Faced with this situation, the need for greater involvement and greater effectiveness in the fight against poverty and underdevelopment is essential.",5.0
train,The only instance in which no tax is levied is when the supplier is in a non-EU country and the recipient is in a Member State of the EU.,The only case for which no tax is a delivery is still seen in the European Community from a third country.,3.5
train,It is a matter of the utmost importance and yet has curiously attracted very little public attention.,"The task, which is however capital, did not arouse an lively interest on behalf of the public yet.",3.75
train,"B5-0794/2000, by Mr Medina Ortega, Mr Linkohr and Mr Fava, on behalf of the Group of the Party of European Socialists, on the kidnap in Colombia of a Spanish Jesuit engaged in negotiations with the guerillas;","(B5-0794 / 2000, by Mr Medina Ortega, Linkohr, on behalf of the Group of the Party of European Socialists and the Group of the Party of European Socialists, from a Spanish in the negotiations with the;",3.6
train,We have heard that the previous Council Presidency first restructured and then scrapped the Ministry for Equality.,We have heard that the previous presidency first restructured then dismantled the Ministry for equal opportunities.,4.6
train,". (ES) Mr President, enlargement is essential for the construction of a strong and united European continent.","(ES) Mr President, enlargement is essential for the construction of a strong and United European continent.",5.0
train,Either we are in a club or we are out of it and it is particularly important that we accept this.,"Either we are part of the club, or we are not and we must therefore we bow to that decision.",4.8
train,"I would urge the French Presidency to do their utmost to overcome this divide, because it is extremely destructive.",I urge the French Presidency to should do everything in its power to bridge the gap particularly destructive.,4.2
train,It is a matter of the utmost importance and yet has curiously attracted very little public attention.,"The most urgent task, which is, however, has not yet a lively interest on the part of the public.",4.4
train,"I call on Prague to respond to this signal, this challenge, this plea for dialogue, to grant our request and to ensure, together with our House, that this legacy of a nationalist era can be consigned to the past.","I invite Prague to seize this sign, this invitation, this request for dialogue, to follow up and to ensure that, together with this House, these reliques an era nationalist may be abandoned.",4.8
train,"Lastly, and most controversially, the committee strongly called for the use of a fast-track procedure to implement this legislation.","Finally, and this is something which is most controversial, the committee has called vehemently to use the fast-track procedure to implement this legislation.",4.8
train,"Therefore, I also believe that this reconciliation is sustainable, but that the government, which has very courageously found a solution to the university issue and to many other issues, needs visible signs of its success, and powerful support, else peace throughout the region will be under threat.","This is why I also think that this reconciliation can hold. However, the government, which very courageously found a solution with the question of the universities and many other problems, needs visible signs of the success as well as strong support, under penalty of seeing the peace threatened as a whole of the area.",4.8
train,(Parliament accepted the oral amendment),(The House accepts the oral amendment),4.8
train,"That was changed in the face of criticism, especially from Ireland and France, and a different spin has now been put on it by the British Chancellor of the Exchequer: it is now being portrayed as a user charge for all, including British lorry drivers.","Faced with the criticism, especially those in Ireland and France, the British Chancellor of the Exchequer, gave a different interpretation: it is now a tax for all users, including the British drivers of heavy goods vehicles.",4.6
train,The only instance in which no tax is levied is when the supplier is in a non-EU country and the recipient is in a Member State of the EU.,The only case for which no tax is still being EU is one of a - in the change from a third country.,3.6
train,I know that in France they have had whole herd slaughter and this does not seem to be the best way forward.,"I know that in France, the principle of demolition of the whole herd was applied and that does not seem the best means of fighting this phenomenon.",4.2
train,Spain has done a magnificent job in turning round the difficult neighbourly relations which Europe and North Africa and Spain and Morocco have suffered during the course of history.,Spain has developed a remarkably positive way the difficult neighbourhood that has always existed between Europe and North Africa and between Spain and Morocco.,4.2
train,"The very worst situation is when the women concerned also come from distant countries, having taken the work on out of desperation because they have no other way of continuing to provide for themselves.","The situation is worsening, when it comes to women distant countries which have accepted this work by necessity and which have no alternative to continue to meet their basic needs.",4.4
train,The European Council will also discuss the state of progress of the accession negotiations and hence of the enlargement.,"The European Council will also discuss the progress of the accession negotiations, and therefore of enlargement.",5.0
train,"If we want to help Indonesia we must act now with money and deeds, not merely words.","If we want to help Indonesia, we must intervene now with money and concrete actions, and not only with words.",5.0
train,"The Council of Europe, along with the Court of Human Rights, has a wealth of experience of such forms of supervision, and we can build on these.","Just as the Court of human rights, the Council of Europe also has a solid experience in this regard such forms of control and we can take as a basis.",4.4
train,The other viewpoint illustrated by the rapporteur' s initial statement and shared by a number of members is to promote regulations and codes of conduct which are needed in order to establish among insurers ways of organising costs on a mutual basis providing everybody with guaranteed access to high-quality care and to counter the risk of discriminatory practices developing together with risk and client selection.,"The other point of view, illustrated by the comments by the rapporteur and a number of colleagues, is to promote the regulations and codes of conduct for dialogue, between a good supply of guaranteeing the provision of a good practices and to counter the risk of discriminatory practices and a series of risks and customers.",4.0
train,"From the first discussions on this dossier, which were held at European level at the initiative of the European Parliament, the Commission has given a commitment to the Member States to pursue a course of action designed to develop what we might call a European police culture, grounded in the highest standards of duty, respect for the rights and freedoms of our citizens and efficiency in the fight against crime.","Since the first thoughts on this issue, which took place at European level on the initiative of the European Parliament, the Commission is committed to the Member States to promote action to develop what we could consider a European police culture, based on the highest standards in terms of ethics, respect for citizens' rights and freedoms, and effectiveness in the fight against crime.",4.8
train,It is this kind of future I would also like to see in the other countries within the European Union.,It is a policy of this type that I wish to other States of the European Union.,4.0
train,"Action is needed quickly, which is why we decided to include this item on the agenda.",There is urgency and that is why we decided to put this item on the agenda.,5.0
train,"Mr President, I would like to focus in my speech on Mrs Lalumière' s report, which I think is clearly worded and well put together.","Mr President, in my speech I shall focus on the report by Mrs LalumiÃšre report, which I think is well thought-out and clearly formulated.",4.4
train,This is no time for the faint-hearted.,This is not the time to be hesitant.,4.375
train,It is this kind of future I would also like to see in the other countries within the European Union.,It is an evolution of this type which I wish in the other States of the European Union.,4.5
train,Those who stand apart from reinforced cooperation are really being given the same freedom as the back seat passengers in a car.,Those who refuse enhanced cooperation enjoy the same freedom of movement that passengers in the back seat of a car.,4.5
train,"- My party has serious reservations about Community law applying to the sale of consumer products, as against applying the concept of mutual recognition of standards.","My party expresses serious reservations about the regulation of the sale of consumer products by means of Community legislation, as it makes reservations about the concept of the mutual recognition of standards.",4.5
train,"It must genuinely be a centre for coordinating the network of national agencies which, in turn, must activate and coordinate a network of centres of excellence for food safety at the level of the individual regions.","It must be true brain of coordination of the network of national agencies which, in turn, will have to activate and coordinate a network of centres of excellence in food safety at regional level.",4.6
train,Approval of the Minutes of the previous sitting,Approval of the Minutes of the previous sitting,5.0
train,"A step in the right direction, for which the European Parliament has been striving for a long time now, is the creation of a provisional unit for judicial cooperation.","The creation of a Provisional Judicial Cooperation Unit is a step in the right direction, not to which the European Parliament is aiming for a long time.",4.6
train,"In the last three weeks, progress has been made in three major areas.","In recent weeks, three significant progress has been made.",3.75
train,"When we are faced with a potential risk, it is important to apply the precautionary principle.","When we are faced with a potential risk, it is important to put into practice the precautionary principle.",5.0
train,We shall have to speak with just one disagreeable voice in the WTO.,We will speak with one voice grace within the WTO.,3.75
train,I think that France has set an excellent example by finally deciding to take this step.,I find exemplary that France will be resolved to take this step.,4.6
train,(Applause),"I have already answered on this point and I support completely what he has said on the necessity of improving the public debate, and I will not go back on what I have said, but it is true that, all too often, the citizens feel the decisions that are taken in the authorities that they do not know.",0.0
train,"On my own behalf and on behalf of my colleagues in the Committee on Fisheries, I would ask you, Madam President, to send Parliament' s condolences to the families of the victims and to the local authorities in both Brittany and in Marín, Galicia, from where the majority of the victims came.","Madam the President, I ask you, in the name of my colleagues in the Committee on Fisheries and in my proper name, to send a message of sympathy on behalf of the Parliament to the families of the victims and to the local authorities both of Brittany and of Marín, town of Galicia, from where are originating the majority in the victims.",4.0
train,"Mr President, we took a great deal of care over preparing the Karamanou report in the Committee on Citizens' Freedoms and Rights, Justice and Home Affairs.","Mr President, the Committee on Citizens' Freedoms and Rights, Justice and Internal Affairs has prepared with great care the Karamanou report.",4.6
train,"This is also the position advocated by the rapporteur, and it is shared by the European People' s Party.",This is the position defended by the rapporteur and shared by the European People's Party.,4.6
train,"Mr President, I would like to focus in my speech on Mrs Lalumière' s report, which I think is clearly worded and well put together.","Mr President, in my speech I shall focus on the report by Mrs Lalumière, report that I think it is well thought-out and clearly formulated.",4.2
train,"Given this situation, there is an inescapable need for greater involvement and greater effectiveness in the fight against poverty and underdevelopment.","In view of these realities, the need for greater involvement and greater efficiency in the fight against poverty and underdevelopment is essential.",4.8
train,"There is, of course, one crucial event, namely that a start has been made with category four and with looking at ways how we will deal with it, but it is not yet entirely clear whether we have managed to resolve this, partly because the Council refuses to have sufficient input in the attendant thought processes.","There is, of course, a very important point is the fact that we have begun the heading four, with its approach, but we do not yet know very well if we managed to resolve the problem, particularly because the Council does not wish to participate enough food for thought.",4.4
train,"The French Presidency thanks you, Madam President, ladies and gentlemen, for this cooperation, for your support and also for the warm reception you have given us.","For this cooperation, for your support and also for your reception, Madam President, ladies and gentlemen of the European Parliament, the French Presidency thanks you.",4.8
train,"Firstly, simplification and clarification of the Treaties.","First, that of a simplification and clarification of the Treaties.",4.8
train,"It must genuinely be a centre for coordinating the network of national agencies which, in turn, must activate and coordinate a network of centres of excellence for food safety at the level of the individual regions.","It must be the real brains of coordination of the network of national agencies which, in turn, will have to activate and coordinate a network of centres of excellence on food safety at regional level.",4.6
train,"Mr Gayssot, Greek ships have sunk without warning, when there were no storms in the vicinity.","The Greek ships have sunk, without there being the slightest storm in its neck of the woods, Mr Gayssot.",5.0
train,"As there is still a lot of uncertainty, we must know what the scientific facts are and what action must be taken.","We need to know today, since we are still in uncertainty, which are the scientific data, which are the measures to be taken.",4.6
train,"Do you think that the Austrian model, i.e. bilateral majority resolutions, will be used in future as a way of passing resolutions which bypass the European institutions and of forming a new institution or a new group in order to circumvent unanimity in the Council?","Do you think that the Austrian 'model' - the majority decisions to be taken in future bilateral - it will be an instrument to take decisions by ignoring the European institutions and to set up a new institution, or a new group, in order to get round the unanimity rule in the Council?",4.8
train,"Thirdly, acceptance of enlargement and its positive prospects for the individual countries and for the EU as a whole basically depend - and Denmark demonstrated this - on dismantling the social and democratic deficits of European policy.",Thirdly: the positive acceptance of enlargement and its prospects for the various countries and the EU as a whole largely depend - the example of Denmark east there for us to show it - elimination on the social and democratic deficits for the European policy.,4.8
train,Those who stand apart from reinforced cooperation are really being given the same freedom as the back seat passengers in a car.,Those who reject reinforced cooperation enjoy the same freedom of movement that passengers back the seat of a car.,4.4
train,The joint debate is closed.,The joint debate is closed.,5.0
train,The right of a government arbitrarily to set aside its own constitution is the defining characteristic of a tyranny.,The right to a government of arbitrarily its Constitution is the definition of a dictatorship.,4.2
train,"The French Presidency thanks you, Madam President, ladies and gentlemen, for this cooperation, for your support and also for the warm reception you have given us.","For this cooperation, for your support and for your kind welcome, Madam President, ladies and gentlemen, the French Presidency thank you.",4.8
train,"If we want to help Indonesia we must act now with money and deeds, not merely words.","If we want to help Indonesia, we now have to intervene with money and concrete actions, and not only with words.",5.0
train,The lesson for this Parliament this morning must be that we have to conclude that maritime laws throughout the world are in a state of shambles and we have to begin the process of putting them right.,"The lesson which this Parliament in her debate of this morning must retain is that we are forced to conclude that the maritime laws are, all over the world, in a state of disorder, and that we must harness ourselves with the task to put order at it.",4.4
train,Approval of the Minutes of the previous sitting,Approval of the official report of the previous sitting,4.4
train,"Thirdly, acceptance of enlargement and its positive prospects for the individual countries and for the EU as a whole basically depend - and Denmark demonstrated this - on dismantling the social and democratic deficits of European policy.",Thirdly: the acceptance of enlargement and its positive prospects for the various countries and for the EU as a whole depend – the example of Denmark is there for us to show this - the elimination of social and democratic deficits of European policy.,4.6
train,"As a matter of urgency, therefore, the staff complement of the Interdepartmental Group attached to the Commission Secretariat should be strengthened at the earliest possible opportunity in order to ensure that all proposals for acts which are general in scope are accompanied, when considered by the College of Commissioners and on the basis of Article 299(2), by a simplified sheet outlining their potential impact.","Thus, it is imperative that the inter-service Group are very quickly, of the Commission, so that all the proposals to act can be, during their examination by the force on the basis of Article 299, paragraph 2, a detailed impact.",3.2
train,(The sitting was suspended at 2.06 p.m. and resumed at 3 p.m.),(The sitting was suspended at 14h06 and resumed at 3 p.m.),4.857
train,"Finally, I welcome the idea that we should review the implementation of the programme annually.",Finally I accomodate the idea favorably to give us an annual appointment in order to take stock of the setting in uvre program.,4.0
train,"At Feira, the Council considered those countries participating in the Stabilisation and Association Process as potential applicants for membership of the European Union.","In Feira, it has recognised the quality of potential candidates for accession to the countries participating in the stabilisation and association process.",4.111
train,"Mr President, ladies and gentlemen, I should like to say a few words on the joint resolution, which will, of course, be passed.","Mr President, ladies and gentlemen, I would like to speak on the joint resolution that we will obviously vote.",4.6
train,"We have started to exchange ideas on this question, from which it has emerged that all the Member States want to maintain this ceiling after enlargement.","We started discussions on this issue, which show that all the Member States wish to maintaining this ceiling after enlargement.",5.0
train,"Let us, as a Europe of 15 Member States, organise ourselves in order to be able to welcome those countries who are knocking at the door into the fold under respectable conditions.","We must organise ourselves in fifteen Member States, to be able to welcome in good conditions for the countries which are knocking on our door.",4.0
train,"Thank you very much, Commissioner.","Thank you very much, Mister the Police chief.",4.2
train,Those who stand apart from reinforced cooperation are really being given the same freedom as the back seat passengers in a car.,Those who deny the enhanced cooperation enjoy the same freedom of movement as passengers in the back seat of a car.,4.8
train,The European Council will also discuss the state of progress of the accession negotiations and hence of the enlargement.,"The European Council will also be discussing the state of progress of accession negotiations, and therefore of enlargement.",5.0
train,"Mr President, the Commission' s attitude to the right of access to documents may be seen from the internal handbook sent on 11 October to employees of the Commission to tell them how to deal with requests from MEPs for access to documents.","Mr President, we know the position of the Commission on public access to documents in reading the internal manual, which was submitted, on 11 October, the Commission's officials in order to explain the way in which they were to deal with the requests from the Members regarding access to documents.",4.4
train,"The House had also fought, however, for the reduction of the funds available for innovative measures to be offset by means of resources from the flexibility instrument, a demand which is recorded in a declaration on the financial perspective in the Interinstitutional Agreement.","This Parliament has, however, also fought for this reduction of funds for innovative actions should be compensated for by the use of flexibility, defined in a statement on the financial perspective.",3.8
train,"Clearly, explanations are necessary for the increased incidence of BSE, not only in France but also in other Member States.","We should obviously determine the reasons of the increased incidence of the ESB, not only in France but also in other Member States.",3.6
train,It must be respected and protected' .,It must be respected and protected.,5.0
train,"Lastly, and most controversially, the committee strongly called for the use of a fast-track procedure to implement this legislation.","Finally, and this is a more controversial topic, the Committee has called with vigour to make use of the fast-track procedure to implement this legislation.",4.8
train,"Declarations must be followed by concrete steps to trace, freeze, seize and confiscate the proceeds of crime.","The debate must be followed by concrete actions to identify, freeze, seize and confiscate the proceeds of crime.",4.6
train,"B5-0794/2000, by Mr Medina Ortega, Mr Linkohr and Mr Fava, on behalf of the Group of the Party of European Socialists, on the kidnap in Colombia of a Spanish Jesuit engaged in negotiations with the guerillas;","B5-0794/2000, Misters Medina Ortega, Linkohr and Fava, in the name of the Europeans Group of the European Socialist, on removal in Colombia of a Spanish Jesuit engaged in the negotiations with the guerrilla;",4.2
train,"That is what we have done: we have avoided a budgetary crisis by going to Article 272; the financial perspective has been maintained, even though we have used the flexibility instrument.","That is what we have done: we have avoided a budgetary crisis by returning to Article 272; the financial perspectives have been maintained, even if we have used the flexibility instrument.",4.833
train,"Finally, in a word, the fourth pillar devoted to equal opportunities reinforces the integrated approach to equality through gender mainstreaming and through specific guidelines.","Finally, in a word, the fourth pillar dedicated to equal opportunities reinforces the integrated approach of equality by gender mainstreaming and specific guidelines.",5.0
train,We shall have to speak with just one disagreeable voice in the WTO.,We will speak with one voice disgracieuse within OMC.,2.8
train,(Applause),"I have already replied on this point and I entirely agree with what he has said about the need to improve considerably the public debate, and I will not repeat what I said, but it is true that, all too often, citizens feel alienated to decisions that are taken in the bodies that they do not know.",0.0
train,"Therefore, I also believe that this reconciliation is sustainable, but that the government, which has very courageously found a solution to the university issue and to many other issues, needs visible signs of its success, and powerful support, else peace throughout the region will be under threat.","This is why I also think that this reconciliation can hold. however, the government, which has very courageously found a solution to the question and to many other problems, need visible signs of success so that a strong support to the peace in the whole of the region.",4.2
train,"I should like to thank the rapporteur of the Committee on Foreign Affairs, Human Rights, Common Security and Defence Policy, Mr Brok, for his clear, comprehensive report.","I thank the rapporteur of the Committee on Foreign Affairs, Mr Brok, on his clear and comprehensive report.",3.6
train,"You do not even intend to incorporate it into the Treaty, evidence indeed that this text, this exercise was always destined to be laid aside.","You do not even want to incorporate into the Treaty, which proves that this text should be put to one side.",4.2
train,"I would urge the French Presidency to do their utmost to overcome this divide, because it is extremely destructive.",I launch an urgent appeal with the French presidency so that it does all that is in its capacity to fill this particularly destroying ditch.,3.2
train,"Lastly, and most controversially, the committee strongly called for the use of a fast-track procedure to implement this legislation.","Finally, and this is a more controversial subject, the Commission to make use of the procedure for the implementation of this legislation.",4.4
train,"Firstly, simplification and clarification of the Treaties.","First of all, the simplification and clarification of the Treaties.",5.0
train,"Mr President, I voted for the García-Margallo y Marfil report on the taxation of electronic commerce.","Mr President, I voted for the García-Margallo y Marfil report, which concerns the taxation of services provided by electronic means.",4.4
train,"Thank you very much, Commissioner.","Thank you very much, Commissioner.",5.0
train,"Therefore, I also believe that this reconciliation is sustainable, but that the government, which has very courageously found a solution to the university issue and to many other issues, needs visible signs of its success, and powerful support, else peace throughout the region will be under threat.","That is why I also believe that this reconciliation can have, however, the Government, which has very courageously a solution to the issue of universities and many other problems, needs visible signs of success as well as strong support, otherwise the threatened peace in the region as a whole.",4.0
train,"This is a vague area, and it is possible that more restrictive provisions may also remain in force, and this is one point in respect of which we have tabled amendments.","The things are not clear on this point, and it is not impossible that can also remain in force more restrictive provisions. It is in particular on this point that we introduced amendments.",4.2
train,I think that France has set an excellent example by finally deciding to take this step.,I think it is exemplary that France is resolved to take that step.,5.0
train,Spain has done a magnificent job in turning round the difficult neighbourly relations which Europe and North Africa and Spain and Morocco have suffered during the course of history.,"Spain has developed a remarkably positive the difficult neighbourhood, which has always existed between Europe and North Africa and between Spain and Morocco.",4.0
train,"We have started to exchange ideas on this question, from which it has emerged that all the Member States want to maintain this ceiling after enlargement.","We have started to have exchanges on this issue, where it emerges that all the Member States want the maintenance of this ceiling after enlargement.",5.0
train,"Mr Gayssot, Greek ships have sunk without warning, when there were no storms in the vicinity.","Greek vessels flowed, without any storm in around, Mr Gayssot.",2.6
train,"B5-0794/2000, by Mr Medina Ortega, Mr Linkohr and Mr Fava, on behalf of the Group of the Party of European Socialists, on the kidnap in Colombia of a Spanish Jesuit engaged in negotiations with the guerillas;","B5-0794 / 2000, by Mr Medina Ortega, Mr Linkohr and Mr Fava, on behalf of the Group of the Party of European Socialists, on Colombia removal of a Spanish Jesuit engaged in negotiations with the guerrilla;",3.4
train,"The French Presidency thanks you, Madam President, ladies and gentlemen, for this cooperation, for your support and also for the warm reception you have given us.","For this cooperation, for your support and also for your reception, Madam President, ladies and gentlemen, Europe, the French Presidency would like to thank you.",5.0
train,This is our priority fight in order to ensure that the affirmation of fundamental rights is put into practice in our political decisions.,This is our priority struggle for the affirmation of fundamental rights has found expression in political choices.,4.0
train,"Worst of all, I believe, is having to issue a warning that a court judgment in their favour may just be a set of comforting words and make no real difference in their lives.","In my view, however, there is nothing worse than having to warn people that a ruling in their favour could not have been a series of words réconfortants and do not have any consequences concrete on their existence.",3.4
train,"I find it rather odd that people are already trying to tie the Commission's hands in relation to the proposal for a directive, while at the same calling on it to present a Green Paper on the current situation with regard to optional and supplementary health insurance schemes.",I find a little strange to want as of now forcing the Commission with a motion for resolutions and to ask him in the same time to establish one Green Paper on the current state of the voluntary insurances and the complementary health insurances.,4.2
train,"They will keep the pressure on, and they are strengthening their position with the revenue they are generating from delivering mail above 150 grams.",They will continue to put pressure. The money that they earn with the distribution beyond the limit of 150 grams allows them to strengthen their position.,4.6
train,"I wonder if the Commissioner has planned any steps in this respect to demonstrate that we really do consider Kostunica to be the only lawfully elected representative of the Serbian people, and the only partner with whom the European Union is involved as from today.",I wonder whether the Commissioner already provides steps which will show that we regard Kostunica as the legally elected representative of the Serbian people and as the partner with which the European Union must now address.,4.0
train,There has been a budget heading for the funding of mine clearance and prevention programmes for many years now.,A budget line financing demining and prevention programmes for years.,4.0
train,"Reiterating the calls made by the European Parliament in its resolution of 16 March 2000, what initiatives does the Presidency of the European Council propose to take with a view to playing a more active role so as to guarantee the full and complete application of the UN peace plan?","As requested by the European Parliament in its resolution of 16 March 2000, that these initiatives the presidency of the European Council is going to take to play a more active role in order to ensure the full implementation of the UN peace plan?",4.0
train,People with the same business affairs in common are peacefully bound to one another.,The economic activities of links between the people.,2.8
train,The other viewpoint illustrated by the rapporteur' s initial statement and shared by a number of members is to promote regulations and codes of conduct which are needed in order to establish among insurers ways of organising costs on a mutual basis providing everybody with guaranteed access to high-quality care and to counter the risk of discriminatory practices developing together with risk and client selection.,"The other point of view, illustrated by the original words of the rapporteur and shared by many colleagues, is to promote the regulations and the codes of conduct needed to establish, between insurers, forms of mutual costs guaranteeing to all the provision of a good quality of care and to counter the risk of seeing develop discriminatory practices and a selection of risks and customers.",4.4
train,"Whilst employment may be the European Union' s priority policy, fisheries, as another economic sector, cannot remain on the sidelines.","If employment is the political priority of the Union, the fishing industry, as the economic sector, cannot remain on the sidelines.",4.2
train,"As a matter of urgency, therefore, the staff complement of the Interdepartmental Group attached to the Commission Secretariat should be strengthened at the earliest possible opportunity in order to ensure that all proposals for acts which are general in scope are accompanied, when considered by the College of Commissioners and on the basis of Article 299(2), by a simplified sheet outlining their potential impact.","Thus, it is urgent that the inter-service group staff should be strengthened very quickly at the heart of the General Secretariat of the Commission, so that all proposals to act of general scope can be accompanied, during their examination by the college on the basis of Article 299(2), a detailed impact statement.",4.6
train,People with the same business affairs in common are peacefully bound to one another.,The common economic activities create peaceful links between people.,4.167
train,"The House had also fought, however, for the reduction of the funds available for innovative measures to be offset by means of resources from the flexibility instrument, a demand which is recorded in a declaration on the financial perspective in the Interinstitutional Agreement.","This House but also fought so that this reduction in funds allocated to the innovative actions is offset by the use of framework of flexibility, as defined in a statement on the financial perspective.",4.2
train,"Finally, in a word, the fourth pillar devoted to equal opportunities reinforces the integrated approach to equality through gender mainstreaming and through specific guidelines.","Finally, in a word, the fourth pillar of the approach of the approach adopted by the gender mainstreaming and guidelines.",3.2
train,"Finally, in a word, the fourth pillar devoted to equal opportunities reinforces the integrated approach to equality through gender mainstreaming and through specific guidelines.","Lastly, in a word, the fourth pillar dedicated to the equal opportunity consolidates the integrated approach of the equality by the gender mainstreaming and specific guiding lines.",4.6
train,"In Nigeria, Chevron has been accused by the All-Ijaw indigenous people of instigating violence against them and actually paying Nigerian soldiers to shoot protesters at the Warri naval base.","In Nigeria, the indigenous people all-ijaw accused Chevron to incite violence against them and to pay Nigerian soldiers to draw on the demonstrators in the warri naval base.",4.8
train,Slovakia has not been condemned to the second division and it is logical that it should like to join together with the Czech Republic.,Slovakia is not condemned to remain in the second group and it is logical that it wants to join the Union at the same time as the Czech Republic.,4.667
train,All those who are at present engaged in illicit work would obtain work with decent social conditions.,All those who are currently working to obtain an undeclared employment in decent social conditions.,4.4
train,But I would like to say to Parliament this afternoon that we should not lose sight of the fact that the EU spends just 1% of GDP and much of that is administered in the Member States.,But I would like to say to the House this afternoon that we must not lose sight of the fact that the European Union spends only 1% of the GDP of the Member States and that the bulk of this money is administered in the Member States.,4.8
train,"As a matter of urgency, therefore, the staff complement of the Interdepartmental Group attached to the Commission Secretariat should be strengthened at the earliest possible opportunity in order to ensure that all proposals for acts which are general in scope are accompanied, when considered by the College of Commissioners and on the basis of Article 299(2), by a simplified sheet outlining their potential impact.","Thus, it is urgent that the staff of the interservice group are very quickly strengthened at the heart of the secretariat of the committee, so that all the proposed act of general scope can be accompanied by the college in their discussion on the basis of Article 299, paragraph 2, a fiche d'impact detailed.",4.0
train,"These objectives, the main one and the secondary ones, will be the touchstone by which the concrete proposals submitted by the Commission must be judged.","These objectives, the overarching objective and secondary objectives, represent the touchstone allowing us to judge the concrete proposals presented by the Commission.",4.6
train,"After all, it is by no means certain that the proposed definition of equitable price is better than any other, because the various definitions that are currently in use in the Member States are all perfectly satisfactory.","In fact, it is by no means certain that the definition of fair prices which is being proposed is better than another, because the different definitions currently used in the Member States all are quite adequate.",4.6
train,". (ES) Mr President, enlargement is essential for the construction of a strong and united European continent.",". (ES) Mr President, enlargement is essential for the construction of a strong and unified European continent.",5.0
train,We shall have to speak with just one disagreeable voice in the WTO.,We speak with one voice disgracieuse within the WTO.,4.833
train,"We have started to exchange ideas on this question, from which it has emerged that all the Member States want to maintain this ceiling after enlargement.","We started to have exchanges on this question, from where it arises that all the Member States wish the maintenance of this ceiling after widening.",4.8
train,"Finally, I welcome the idea that we should review the implementation of the programme annually.","Finally, I welcome the idea of giving us an annual meeting in order to make an assessment of the implementation of the programme.",4.714
train,"In Nigeria, Chevron has been accused by the All-Ijaw indigenous people of instigating violence against them and actually paying Nigerian soldiers to shoot protesters at the Warri naval base.","In Nigeria, the indigenous All-Ijaw accused Chevron to encourage violence against them and to go as far as to pay Nigerian soldiers to draw on the demonstrators in the naval base of Warri.",4.6
train,The aim of the annual review is to identify such potential improvements.,The report aims to identify such improvements.,4.2
train,"Action is needed quickly, which is why we decided to include this item on the agenda.",It is an urgent matter and it is to this that we have to put this point to the order of the day.,3.6
train,Those who stand apart from reinforced cooperation are really being given the same freedom as the back seat passengers in a car.,Those which refuse the reinforced cooperation enjoy the same freedom of movement as the passengers of the back seat of a car.,4.6
train,"Declarations must be followed by concrete steps to trace, freeze, seize and confiscate the proceeds of crime.","Statements must be matched by action to identify, freeze, seize and confiscate the proceeds of crime.",5.0
train,"As there is still a lot of uncertainty, we must know what the scientific facts are and what action must be taken.","We must be aware today, since we are still in uncertainty, what are the scientific data, what are the measures to be taken.",4.6
train,The only instance in which no tax is levied is when the supplier is in a non-EU country and the recipient is in a Member State of the EU.,The only case for which no tax is still perceived is that of a delivery in the European Community starting from a third country.,4.6
train,"Reiterating the calls made by the European Parliament in its resolution of 16 March 2000, what initiatives does the Presidency of the European Council propose to take with a view to playing a more active role so as to guarantee the full and complete application of the UN peace plan?","As the European Parliament asked it in its resolution of March 16, 2000, that they initiatives the presidency of the European Council does hope to take to play a more active part in order to guarantee the application full and whole peace plan of UNO?",4.2
train,"If we define a clear, binding framework for the Member States, then there should be a longer evaluation period for the various support systems required to satisfy these requirements.","If we define a clear framework and constraining for the Member States, the various systems having to satisfy these requirements should have more a long period of setting with the test.",4.2
train,"The Council of Europe, along with the Court of Human Rights, has a wealth of experience of such forms of supervision, and we can build on these.","As the Court of Human Rights, the Council of Europe has also solid experience as regards such forms of control. We can take as a basis.",4.2
train,"On my own behalf and on behalf of my colleagues in the Committee on Fisheries, I would ask you, Madam President, to send Parliament' s condolences to the families of the victims and to the local authorities in both Brittany and in Marín, Galicia, from where the majority of the victims came.","Madam President, I would ask you, on behalf of my colleagues in the Committee on Fisheries and on my own behalf, to send a message of condolence from Parliament to the families of the victims and the local authorities of both Brittany and MarÃ­n, city of Galicia, which most of the victims.",4.25
train,"At Feira, the Council considered those countries participating in the Stabilisation and Association Process as potential applicants for membership of the European Union.","In Feira, he has recognised the quality of potential candidates for accession to the countries participating in the stabilisation and association process.",4.5
train,Spain has done a magnificent job in turning round the difficult neighbourly relations which Europe and North Africa and Spain and Morocco have suffered during the course of history.,Spain has developed in a remarkably positive the difficult neighbourhood which always existed between Europe and North Africa and between Spain and Morocco.,4.0
train,"As a matter of urgency, therefore, the staff complement of the Interdepartmental Group attached to the Commission Secretariat should be strengthened at the earliest possible opportunity in order to ensure that all proposals for acts which are general in scope are accompanied, when considered by the College of Commissioners and on the basis of Article 299(2), by a simplified sheet outlining their potential impact.","Thus, it is urgent that the staff of the interservice group are very quickly strengthened at the heart of the secretariat of the committee, so that all the proposed act of general scope can be accompanied, during their examination by the College on the basis of Article 299 (2), a fiche d'impact detail.",4.2
train,"As there is still a lot of uncertainty, we must know what the scientific facts are and what action must be taken.","We need to know today, since we are still in uncertainty, what are the scientific data, what are the measures to be taken.",4.6
train,"I call on Prague to respond to this signal, this challenge, this plea for dialogue, to grant our request and to ensure, together with our House, that this legacy of a nationalist era can be consigned to the past.","I would urge Prague to seize this sign, this invitation, this request for dialogue, to follow them up, and to ensure that, together with this House, these relics of a nationalist era can be abandoned.",4.5
train,"As there is still a lot of uncertainty, we must know what the scientific facts are and what action must be taken.","It is necessary to know today, since we are always in uncertainty, which are the scientific data, which are the measures to be taken.",4.5
train,"Mr President, the Commission' s attitude to the right of access to documents may be seen from the internal handbook sent on 11 October to employees of the Commission to tell them how to deal with requests from MEPs for access to documents.","Mr President, we have to know the Commission's position in relation to public access to documents on reading the internal Manuel which has been submitted, on 11 October, to the Commission officials in order to explain how they deal with the requests of Members regarding access to documents.",4.25
train,"Mr President, we took a great deal of care over preparing the Karamanou report in the Committee on Citizens' Freedoms and Rights, Justice and Home Affairs.","Mr President, the Committee on Citizens' Freedoms and Rights, Justice and Internal Affairs has prepared carefully the Karamanou report.",4.75
train,"I should like to thank the rapporteur of the Committee on Foreign Affairs, Human Rights, Common Security and Defence Policy, Mr Brok, for his clear, comprehensive report.","I would like to thank the rapporteur of the Committee on Foreign Affairs, Mr Brok, for his clear and comprehensive report.",4.25
train,"Whilst employment may be the European Union' s priority policy, fisheries, as another economic sector, cannot remain on the sidelines.","If the employment is the policy of the Union, the Community, as a sector, cannot remain on the sidelines.",3.75
train,"This is a vague area, and it is possible that more restrictive provisions may also remain in force, and this is one point in respect of which we have tabled amendments.","Things are not clear on this point, and it is not impossible that we can also remain in force more restrictive provisions, but particularly on this point that we have tabled amendments.",4.0
train,The lesson for this Parliament this morning must be that we have to conclude that maritime laws throughout the world are in a state of shambles and we have to begin the process of putting them right.,"The lesson for us within this House in its debate this morning is that we are forced to conclude that the maritime laws are in the world, in a state of control, and that we must get down to the task to put its house in order.",4.5
train,That is a shameful state of affairs when we consider that the EU itself is a champion of modernised business practice.,It is a disgrace when we think that the European Union raises champion of the modernisation of economic life!,4.4
train,"I should also have liked the Court of Auditors' report to have been a little more user-friendly and to have provided a number of clear recommendations, for example one or two per chapter.","I would also have liked to see the report of the Court of Auditors was a little more user-friendly and that he had tabled a number of clear recommendations, for example, one or two recommendations by chapter.",5.0
train,"At Feira, the Council considered those countries participating in the Stabilisation and Association Process as potential applicants for membership of the European Union.","In it, he has recognised the quality of potential candidates for membership in the countries participating in the stabilisation and association process.",3.0
train,People with the same business affairs in common are peacefully bound to one another.,The common economic activities create peaceful links between the people.,4.2
train,It is gratifying that Parliament has succeeded in producing a large majority in favour of more openness.,It is gratifying that Parliament has managed to gather a large majority in favour of greater transparency.,4.571
train,"The French Presidency thanks you, Madam President, ladies and gentlemen, for this cooperation, for your support and also for the warm reception you have given us.","For this cooperation, for your support and also for your welcome, Madam President, ladies and gentlemen of the European institutions, the French Presidency thank you.",4.6
train,"If we define a clear, binding framework for the Member States, then there should be a longer evaluation period for the various support systems required to satisfy these requirements.","If we create a clear and binding framework for the Member States, the various systems have to meet these requirements should have a longer period of put to the test.",4.2
train,"The resolution on Nice, voted today, does not reflect this.","The resolution on the Nice Summit, which has just been adopted, does not reflect it.",4.6
train,"Unfortunately, the ultimate objective of a European Constitution would be precisely the opposite, and so, of course, we cannot vote for it.","Unfortunately, the final objective of a European Constitution would be exactly the opposite and obviously we cannot endorse it.",4.8
train,"Finally, I welcome the idea that we should review the implementation of the programme annually.","Finally, I welcome the idea of giving us an annual meeting in order to take stock of the implementation of the programme.",4.8
train,But I would like to say to Parliament this afternoon that we should not lose sight of the fact that the EU spends just 1% of GDP and much of that is administered in the Member States.,"Nevertheless, I would like to say to the House this afternoon that we must not lose sight of the fact that the European Union spends only 1% of the GDP of the Member States and that most of this money is managed in the Member States.",4.4
train,(Parliament accepted the oral amendment),(Parliament accepts the oral amendment),5.0
train,"That is what we have done: we have avoided a budgetary crisis by going to Article 272; the financial perspective has been maintained, even though we have used the flexibility instrument.","That is what we have done: we avoided a budgetary crisis back to Article 272, the financial perspective has been maintained, even if we use the flexibility instrument.",4.6
train,Spain has done a magnificent job in turning round the difficult neighbourly relations which Europe and North Africa and Spain and Morocco have suffered during the course of history.,Spain has developed a remarkably positive the difficult neighbourhood which has always existed between Europe and North Africa and between Spain and Morocco.,4.0
train,"From the first discussions on this dossier, which were held at European level at the initiative of the European Parliament, the Commission has given a commitment to the Member States to pursue a course of action designed to develop what we might call a European police culture, grounded in the highest standards of duty, respect for the rights and freedoms of our citizens and efficiency in the fight against crime.","Since the initial reflections on this issue, which took place at European level at the initiative of the European Parliament, the Commission is committed towards the Member States to promote action to develop what we could consider it as a police European culture, focused on the highest standards in the field of ethics, respect for the rights and freedoms of the people, and effectiveness in the fight against crime.",4.2
train,"That was changed in the face of criticism, especially from Ireland and France, and a different spin has now been put on it by the British Chancellor of the Exchequer: it is now being portrayed as a user charge for all, including British lorry drivers.","Vis-a-vis criticisms, particularly those of Ireland and France, the British Chancellor of the Exchequer gave a new interpretation of it: it would be now about a tax for all the users, including the British drivers of heavy lorries.",4.5
train,"There is an urgent need, following the recent attacks on the Greek minority in Himara, to promote democratisation measures and measures to strengthen institutions and respect for human rights in Albania.","The recent incidents against the Greek minority in Himara make more imperative the need to promote measures to democratisation, the strengthening of institutions and the respect for human rights in Albania.",5.0
train,People with the same business affairs in common are peacefully bound to one another.,The joint economic activities create peaceful links between peoples.,4.0
train,But I would like to say to Parliament this afternoon that we should not lose sight of the fact that the EU spends just 1% of GDP and much of that is administered in the Member States.,"However, I would like to say to the House this afternoon that we must not lose sight of the fact that the European Union is spending that 1% of GDP in the Member States and that most of this money is managed in the Member States.",5.0
train,This rule can be applied equally to all recreational but dangerous drugs when no one but the person consuming the drug is likely to be affected.,This could also apply to all drugs but dangerous insofar as the consumer of drugs is the only to run risks.,3.6
train,"Clearly, explanations are necessary for the increased incidence of BSE, not only in France but also in other Member States.","It is obviously necessary to clarify the reasons for the increase in the incidence of BSE, not only in France but also in other Member States.",5.0
train,"Declarations must be followed by concrete steps to trace, freeze, seize and confiscate the proceeds of crime.","The statements must be followed by specific actions to identify, freeze, seize and confiscate the proceeds of crime.",5.0
train,I know that in France they have had whole herd slaughter and this does not seem to be the best way forward.,"I know that in France, the slaughter of whole herds principle was applied and that it does not seem to be the best way to combat this phenomenon.",4.75
train,I also voted against a text which calls for the incorporation of the Charter of Fundamental Rights into the eventual Treaty of Nice.,I also voted against a text which requires the integration of the Charter of Fundamental Rights in the future Treaty which will be adopted in Nice.,4.6
train,"Mr President, ladies and gentlemen, I should like to say a few words on the joint resolution, which will, of course, be passed.","Mr President, my dear colleagues, I would like to intervene on the common resolution which of course we will.",3.8
train,"I should like to thank the rapporteur of the Committee on Foreign Affairs, Human Rights, Common Security and Defence Policy, Mr Brok, for his clear, comprehensive report.","I thank the rapporteur for the Committee for the foreign affairs, Mr Brok, for his clear and complete report/ratio.",3.8
train,"Mr President, the Commission' s attitude to the right of access to documents may be seen from the internal handbook sent on 11 October to employees of the Commission to tell them how to deal with requests from MEPs for access to documents.","Mr President, we can hear the Commission's position on public access to documents from the internal manual, which was submitted on 11 October, the Commission's officials in order to explain to them how to deal with the requests of Members as regards access to documents.",4.0
train,As long ago as 1996 the European Parliament came out in favour of a ban on the use of meat-and-bone meal throughout the European Union in accordance with the precautionary principle - if only.,"From 1996, the European Parliament has declared itself in favour of a ban on the use of meat and bone meal in the European Union, in accordance with the precautionary principle - only if we had listened.",4.6
train,"I find it rather odd that people are already trying to tie the Commission's hands in relation to the proposal for a directive, while at the same calling on it to present a Green Paper on the current situation with regard to optional and supplementary health insurance schemes.",I find it a little strange to now force the Commission to a motion for a resolution and ask him at the same time to draw up a Green Paper on the current state of voluntary and insurance supplementary sickness insurance.,4.4
train,"Do you think that the Austrian model, i.e. bilateral majority resolutions, will be used in future as a way of passing resolutions which bypass the European institutions and of forming a new institution or a new group in order to circumvent unanimity in the Council?","Do you believe that the Austrian model ""’ – namely bilateral majority decision-making - will in future an instrument to take decisions by ignoring the European institutions and start a new institution, or a new group, to get round the unanimity rule in the Council?",4.6
train,This is no time for the faint-hearted.,It is not the time to be hesitant.,4.4
train,"The Council of Europe, along with the Court of Human Rights, has a wealth of experience of such forms of supervision, and we can build on these.","Just as the Court of Human Rights, the Council of Europe also has a solid experience in terms of such forms of control. We can to base.",3.25
train,"This is a vague area, and it is possible that more restrictive provisions may also remain in force, and this is one point in respect of which we have tabled amendments.","It is not clear on this point, and it is not impossible that can also remain in force for more restrictive provisions. This is particularly on this point that we have tabled amendments.",3.75
train,"The Council of Europe, along with the Court of Human Rights, has a wealth of experience of such forms of supervision, and we can build on these.","As the Court of Human Rights, the Council of Europe also has a solid experience with regard to such forms of control we can take it as a basis.",4.25
train,"If we define a clear, binding framework for the Member States, then there should be a longer evaluation period for the various support systems required to satisfy these requirements.","If we define a clear framework and binding on the Member States, the different systems to meet these requirements should have a longer period of being tested.",4.8
train,That made them heavily dependent on loans.,A development which made capital borrowed heavily dependent.,3.4
train,"Therefore, I also believe that this reconciliation is sustainable, but that the government, which has very courageously found a solution to the university issue and to many other issues, needs visible signs of its success, and powerful support, else peace throughout the region will be under threat.","That is why I also believe that this reconciliation can take, and the government, which has very courageously found a solution to the issue of universities and many other problems, needs visible signs of success and a strong support, otherwise the peace threatened in the region as a whole.",4.6
train,"That is what we have done: we have avoided a budgetary crisis by going to Article 272; the financial perspective has been maintained, even though we have used the flexibility instrument.","This is what we have done: we have a budget crisis in coming to Article 272; the financial perspectives have been maintained, even if we have used the flexibility instrument.",4.6
train,"Given this situation, there is an inescapable need for greater involvement and greater effectiveness in the fight against poverty and underdevelopment.","Faced with these realities, the need for greater involvement and of greater efficiency in the fight against poverty and underdevelopment is essential.",4.8
train,I know that in France they have had whole herd slaughter and this does not seem to be the best way forward.,"I know that in France, the principle of slaughter of the entire herd has been implemented and that this does not seem to be the best way to combat this phenomenon.",3.8
train,"Unfortunately, the ultimate objective of a European Constitution would be precisely the opposite, and so, of course, we cannot vote for it.",Unfortunately the final objective of a European Constitution would be exactly opposite and obviously we cannot approve it.,4.8
train,"A step in the right direction, for which the European Parliament has been striving for a long time now, is the creation of a provisional unit for judicial cooperation.","The creation of a provisional judicial cooperation is a step in the right direction, which the European Parliament for a long time.",4.2
train,"Declarations must be followed by concrete steps to trace, freeze, seize and confiscate the proceeds of crime.","The statements must be matched by action to identify, freeze, seize and confiscate the proceeds of crime.",4.75
train,It is a matter of the utmost importance and yet has curiously attracted very little public attention.,"The task, which is nevertheless capital, has not yet aroused great interest on the part of the public.",3.5
train,"Let us, as a Europe of 15 Member States, organise ourselves in order to be able to welcome those countries who are knocking at the door into the fold under respectable conditions.",Let us hold to fifteen in order to be able to welcome in the right conditions which countries knocking at our door.,3.8
train,That made them heavily dependent on loans.,A development which has made the heavily dependent on capital borrowed.,4.0
train,We have heard that the previous Council Presidency first restructured and then scrapped the Ministry for Equality.,We have heard that the previous presidency was first restructured then dismantled the Ministry of equal opportunities.,5.0
train,"Given this situation, there is an inescapable need for greater involvement and greater effectiveness in the fight against poverty and underdevelopment.","Faced with these, the necessity of a greater involvement and greater effectiveness in the fight against poverty and is essential.",4.6
train,"In Nigeria, Chevron has been accused by the All-Ijaw indigenous people of instigating violence against them and actually paying Nigerian soldiers to shoot protesters at the Warri naval base.","In Nigeria, the indigenous people all ijaw Chevron have accused of encouraging the violence against them and to go up to pay Nigerian soldiers to draw on the demonstrators at the naval base of Warri.",4.4
train,"I would urge the French Presidency to do their utmost to overcome this divide, because it is extremely destructive.",I appeal urgently to the French Presidency to do everything in its power to fulfil this particularly destructive gap.,4.8
train,"There is an urgent need, following the recent attacks on the Greek minority in Himara, to promote democratisation measures and measures to strengthen institutions and respect for human rights in Albania.","The recent incidents against the Greek minority in Himara make more imperative that measures to promote democratisation, strengthening the institutions and respect for human rights in Albania.",4.6
train,"The labelling of beef that was agreed on, which is a minimum form of labelling and only came into force two and a half months ago, does not make it possible for the origin of animals to be adequately traced, and we were very slow to ban specified risk materials.","The labelling of beef which has been decided, which is a minimum labelling and which has only been in force for two and a half months, does not make it possible to properly remind the origin of the animals and we banned very late specified risk material.",4.8
train,"On the other hand, we would like to be given a chance to prove to Europe that we are able to develop the constitutional equality of Serbia and Montenegro within Yugoslavia on our own, by recognising the genuine principles of democracy.","Furthermore, we would like to have a chance to prove to the Europe that we are able to develop only the constitutional equality of Serbia and Montenegro in Yugoslavia, recognising the genuine democratic principles.",4.4
train,"They will keep the pressure on, and they are strengthening their position with the revenue they are generating from delivering mail above 150 grams.",They will continue to put pressure. The money they earn with the distribution beyond the limit of 150 grammes enables them to strengthen their position.,4.8
train,"I wonder if the Commissioner has planned any steps in this respect to demonstrate that we really do consider Kostunica to be the only lawfully elected representative of the Serbian people, and the only partner with whom the European Union is involved as from today.",I wonder whether the police chief envisages already stages which will make it possible to show that we regard Kostunica as the legally elected representative of Serbian people and as the partner with whom the European Union will have henceforth to treat.,4.4
train,"Action is needed quickly, which is why we decided to include this item on the agenda.",It is urgent and it is for that reason that we have decided to put this item on the agenda.,4.8
train,"The resolution on Nice, voted today, does not reflect this.","The resolution on the Nice Summit, which has just been voted, does not reflect it.",4.2
train,"On my own behalf and on behalf of my colleagues in the Committee on Fisheries, I would ask you, Madam President, to send Parliament' s condolences to the families of the victims and to the local authorities in both Brittany and in Marín, Galicia, from where the majority of the victims came.","Madam President, I would ask you, on behalf of my colleagues in the Committee on Fisheries and on my own behalf, to send a message of condolence from Parliament to the families of the victims and the local authorities of both Brittany Marín, that the city of Galicia, which are from most of the victims.",4.6
train,"Worst of all, I believe, is having to issue a warning that a court judgment in their favour may just be a set of comforting words and make no real difference in their lives.","In my view, there is, however, nothing worse than having to warn people that a ruling for them could only be a series of words pleasing and have no practical effect on their existence.",4.8
train,The other viewpoint illustrated by the rapporteur' s initial statement and shared by a number of members is to promote regulations and codes of conduct which are needed in order to establish among insurers ways of organising costs on a mutual basis providing everybody with guaranteed access to high-quality care and to counter the risk of discriminatory practices developing together with risk and client selection.,"The other point of view, illustrated by the original subject of the rapporteur and shared by many colleagues, is to promote the regulations and codes of conduct to be found, between insurers, the forms of mutual cost guarantee to all the supply of good quality care and to counter the risks to see developing discriminatory practices and a selection of risks and customers.",4.4
train,"That was changed in the face of criticism, especially from Ireland and France, and a different spin has now been put on it by the British Chancellor of the Exchequer: it is now being portrayed as a user charge for all, including British lorry drivers.","Criticism, especially those of Ireland and France, the Chancellor of the Exchequer has given a new interpretation: it is now a tax for all users, including the British lorry drivers.",4.2
train,"One could indeed wish for more and for improvement, but I honestly believe that we have made a good start.","We can indeed wish more and better, but I quite honestly believe that it is a good start.",4.8
train,This is our priority fight in order to ensure that the affirmation of fundamental rights is put into practice in our political decisions.,This is our priority for the affirmation of fundamental rights to be implemented in political choices.,4.6
train,"Let us, as a Europe of 15 Member States, organise ourselves in order to be able to welcome those countries who are knocking at the door into the fold under respectable conditions.","Let us, here in order to be able to welcome in good conditions the countries that are knocking at our door.",3.6
train,Either we are in a club or we are out of it and it is particularly important that we accept this.,"Either we are part of the club, we are not and we must, therefore, we have to comply with this.",3.6
train,"They will keep the pressure on, and they are strengthening their position with the revenue they are generating from delivering mail above 150 grams.",They continue to put the pressure that they earn. money with the distribution of the limit of 150 grammes allows them to strengthen their position.,4.6
train,"From the first discussions on this dossier, which were held at European level at the initiative of the European Parliament, the Commission has given a commitment to the Member States to pursue a course of action designed to develop what we might call a European police culture, grounded in the highest standards of duty, respect for the rights and freedoms of our citizens and efficiency in the fight against crime.","Since the first reflexions on this file, which took place at the European level on the initiative of the European Parliament, the Commission committed itself with respect to the Member States promoting an action intended to develop what we could regard as a European police culture, centered on the highest standards as regards deontology, of respect for the rights and freedoms of the citizens, and of effectiveness in the fight against crime.",4.8
train,"Mr President, I voted for the García-Margallo y Marfil report on the taxation of electronic commerce.","Mr President, I voted in favour of the Garcia-Margallo y Marfil report, which concerns the taxation of services provided electronically.",4.6
train,"Mr President, the Commission' s attitude to the right of access to documents may be seen from the internal handbook sent on 11 October to employees of the Commission to tell them how to deal with requests from MEPs for access to documents.","Mr President, we know the position of the Commission on public access to documents in the internal manual, which was submitted on 11 October, the Commission's officials in order to explain how to handle applications by Members as regards access to documents.",4.4
train,I think that France has set an excellent example by finally deciding to take this step.,I find exemplary that France will be to take this step.,4.8
train,"Secondly, say no to the big bang idea of incorporating candidate countries simultaneously as a large group, since that would militate against the principle that each country should be admitted on its own merits.","Secondly, it is necessary to say “not” to the concept big-bang which would like that one admits at the same time an major group of country, because that would be in conflict with the principle of the admission of each country according to its merits.",4.4
train,"Lastly, and most controversially, the committee strongly called for the use of a fast-track procedure to implement this legislation.","Lastly, and it is there a subject more discussed, the commission invited with strength to make use of the procedure accelerated to put in uvre this legislation.",4.4
train,"The House had also fought, however, for the reduction of the funds available for innovative measures to be offset by means of resources from the flexibility instrument, a demand which is recorded in a declaration on the financial perspective in the Interinstitutional Agreement.","This Parliament has, however, also for this Fund actions by the use of framework, defined in a statement on the financial perspective.",2.0
train,"Above all, when a one-man company or a company with fewer than 250 employees has a project, it should not need to provide 120% loan guarantees in the form of land to receive financing; it should also be possible for it to be funded on the basis of a good idea.","Above all, when a company unipersonnelle or a society with fewer than 250 employees has a project, it must be possible to benefit from funding not only with a guaranteed to 120%, but also on the basis of a simple idea:",4.4
train,(Parliament accepted the oral amendment),(The Parliament accepts the oral amendment),4.8
train,"And I am telling you loud and clear: Kostunica must be given his chance here and I therefore hope that he will give amnesty in the next couple of weeks or months, but meanwhile, I do want the introduction of those two new budget lines, democratisation and reconstruction, to be accompanied by political conditions, both from a political and budgetary perspective.","And I would say to you very clearly: it must be given a chance to Kostunica, and I therefore hope that it will provide an amnesty over the coming weeks or months; but in the meantime, I hope, however, that, in political terms and in budgetary terms, the political conditions are linked to the introduction of these two new budget lines, namely democratisation and reconstruction.",4.4
train,There has been a budget heading for the funding of mine clearance and prevention programmes for many years now.,A budget line has programmes to de-mining and prevention for years.,4.0
train,We welcome the arrangements proposed in this respect by the Preparatory Committee and adopted by the General Assembly regarding procedures for the registration of non-governmental organisations for involvement in the preparatory process and the Special Session in September 2001.,"We congratulate the provisions proposed in this respect by the Committee and by the general Assembly of the United Nations with regard to the method of non-governmental organisations, and the extraordinary session of September 2001.",4.0
train,As long ago as 1996 the European Parliament came out in favour of a ban on the use of meat-and-bone meal throughout the European Union in accordance with the precautionary principle - if only.,"In 1996, the European Parliament was in favour of a ban on the use of meat meal in the European Union, in accordance with the precautionary principle - if only we had listened to.",3.8
train,We shall have to speak with just one disagreeable voice in the WTO.,We shall talk with one voice disgracieuse within the WTO.,4.4
train,"The labelling of beef that was agreed on, which is a minimum form of labelling and only came into force two and a half months ago, does not make it possible for the origin of animals to be adequately traced, and we were very slow to ban specified risk materials.","The labelling of beef which has been decided, which is a minimum labelling and which has only been in force for two and a half months ago, does not make it possible to trace the origin of animals properly very late and have banned the specified risk material.",4.4
train,"Without doubt, it was better to have no agreement at all than a poor one and it is true that, in this instance, the American proposal was a third-rate proposal, and one which was completely unacceptable to Europe.","Without doubt, just better to have no agreement than having an agreement that is wrong and, in this case, the US proposal was a watered-down proposal, which is totally unacceptable for Europe.",4.6
train,Knowledge of foreign languages is accepted as a necessary precursor to mobility.,It is allowed that the knowledge of foreign languages is a necessary precondition with mobility.,4.8
train,Either we are in a club or we are out of it and it is particularly important that we accept this.,"Either we belong to the club, or we are not and we must therefore be packed with this decision.",4.0
train,"It is unlikely that the planned protection of the universal provision of services by means of a compensatory fund, as a result of which private profits are ploughed back into public services, will last.",The preservation of the universal service with a compensation fund which would make it possible to initiate private benefits for the benefit of the public service will probably long fire.,3.4
train,"The UK Labour members of the PES Group welcome the adoption of their contribution to the ongoing work of the IGC on reinforced cooperation, without endorsing every single detail.",". The British Labour Members of the PSE Group welcomes the support given to the contribution to the work of the IGC on closer cooperation, without adhere entirely with all the details of this.",4.4
train,"Mr President, I would like to focus in my speech on Mrs Lalumière' s report, which I think is clearly worded and well put together.","Mr President, I shall concentrate in my speech on the report by Mrs Lalumière report, that I find well thought-out and clearly formulated.",5.0
train,It is gratifying that Parliament has succeeded in producing a large majority in favour of more openness.,We should be pleased that Parliament has succeeded in bringing together a large majority in favour of greater transparency.,5.0
train,That made them heavily dependent on loans.,A development which made them dependent on the borrowed capital.,4.2
train,That made them heavily dependent on loans.,A development which made highly dependent on capital borrowed.,4.4
train,It is gratifying that Parliament has succeeded in producing a large majority in favour of more openness.,It is necessary to be delighted that the Parliament succeeded in gathering a broad majority in favour of a greater transparency.,4.6
train,"That was changed in the face of criticism, especially from Ireland and France, and a different spin has now been put on it by the British Chancellor of the Exchequer: it is now being portrayed as a user charge for all, including British lorry drivers.","In view of the criticism, especially those in Ireland and France, the Chancellor of the Exchequer has given a new interpretation: it is now a tax for all users, including the British lorry drivers.",4.4
train,"On the other hand, we would like to be given a chance to prove to Europe that we are able to develop the constitutional equality of Serbia and Montenegro within Yugoslavia on our own, by recognising the genuine principles of democracy.","In addition, we would like to have a chance to prove to the Europe that we are in a position to alone the cause of Serbia and Montenegro within Yugoslavia, while recognizing the principles.",2.8
train,"Thirdly, acceptance of enlargement and its positive prospects for the individual countries and for the EU as a whole basically depend - and Denmark demonstrated this - on dismantling the social and democratic deficits of European policy.","Thirdly, the acceptance of enlargement and its positive prospects for the different countries and for the EU as a whole - depends on the example of Denmark is for us to show - largely of the elimination of social and democratic deficits in European policy.",4.8
train,The Committee on Legal Affairs and the Internal Market rightly insists on no upper limit and a minimum of no less than 7%.,It is right that the Committee on Legal Affairs persists in refusing a ceiling and the maintenance of a minimum rate which cannot be less than 7%.,4.8
train,"It is unlikely that the planned protection of the universal provision of services by means of a compensatory fund, as a result of which private profits are ploughed back into public services, will last.",The maintenance of the universal service means of a compensation fund which could initiate private profits for the benefit of the public service will probably deal fire.,3.6
train,"There is an urgent need, following the recent attacks on the Greek minority in Himara, to promote democratisation measures and measures to strengthen institutions and respect for human rights in Albania.","The recent incidents against the Greek imperative more the need to promote measures, of strengthening the institutions and the respect of human rights in Albania.",4.4
train,"While withdrawing the resolution, however, I express the conviction that this Parliament would have made its voice heard better if, in anticipation of the Council of Nice, it had devoted a specific and separate resolution to these important and difficult topics of the Intergovernmental Conference, instead of dealing with them in a single resolution that also embraces all the other points on the Council agenda.","In withdrawing our resolution, I am, however, convinced that our Parliament would have made its voice heard in dedicating, in view of the Nice Council, a resolution and traditional so important and so difficult to the Intergovernmental Conference, rather than to deal in the framework of a single resolution including also all the other points of the agenda of the Council.",4.6
train,"The French Presidency thanks you, Madam President, ladies and gentlemen, for this cooperation, for your support and also for the warm reception you have given us.","For this co-operation, for your support and also for your reception, Madam the President, Mesdames and the European Deputies, the French presidency thanks you.",4.4
train,"Mr President, I would like to focus in my speech on Mrs Lalumière' s report, which I think is clearly worded and well put together.","Mr President, I shall concentrate in my speech on the report by Mrs Lalumière, report that I find well and clearly.",4.2
train,"Mr Gayssot, Greek ships have sunk without warning, when there were no storms in the vicinity.","Greek ships ran, without there being the least storm in trimmings, Mr Gayssot.",2.8
train,"There is an urgent need, following the recent attacks on the Greek minority in Himara, to promote democratisation measures and measures to strengthen institutions and respect for human rights in Albania.","The recent incidents against the Greek minority of Himara more imperative the need to promote measures of democratisation, strengthening of the institutions and respect for human rights in Albania.",4.8
train,"This is also the position advocated by the rapporteur, and it is shared by the European People' s Party.",That is the position advocated by the rapporteur and supported by the European People's Party.,4.6
train,It is gratifying that Parliament has succeeded in producing a large majority in favour of more openness.,It should be delighted that the Parliament together a broad majority in favour of greater transparency.,4.0
train,Knowledge of foreign languages is accepted as a necessary precursor to mobility.,It is accepted that knowledge of foreign languages is a necessary precondition to mobility.,4.4
train,"I find it rather odd that people are already trying to tie the Commission's hands in relation to the proposal for a directive, while at the same calling on it to present a Green Paper on the current situation with regard to optional and supplementary health insurance schemes.",I find it a little strange to want as of now forcing the Commission to a motion for a resolution and to ask him at the same time to draw up a Green Paper on the current state of voluntary insurance and supplementary sickness insurance.,4.4
train,"On the other hand, we would like to be given a chance to prove to Europe that we are able to develop the constitutional equality of Serbia and Montenegro within Yugoslavia on our own, by recognising the genuine principles of democracy.","Furthermore, we would like to be able to demonstrate in Europe which we are able to develop only the constitutional equality of Serbia and Montenegro within Yugoslavia, recognising the true democratic principles.",4.0
train,"After all, it is by no means certain that the proposed definition of equitable price is better than any other, because the various definitions that are currently in use in the Member States are all perfectly satisfactory.","Indeed, it is absolutely not certain only the definition of fair price which is proposed is better than another, because the various definitions used currently in the Member States are enough all amply.",3.4
train,The right of a government arbitrarily to set aside its own constitution is the defining characteristic of a tyranny.,The right to a government to remove arbitrarily its Constitution is the defining characteristic of a tyranny.,4.2
train,I also voted against a text which calls for the incorporation of the Charter of Fundamental Rights into the eventual Treaty of Nice.,I have also voted against a text that calls for the incorporation of the Charter of Fundamental Rights in the future Treaty to be adopted in Nice.,5.0
train,"This is a vague area, and it is possible that more restrictive provisions may also remain in force, and this is one point in respect of which we have tabled amendments.","Things are not clear on this point, and it is not impossible that can also remain in force more restrictive measures, which is particularly on this point that we have tabled amendments.",4.4
train,"Do you think that the Austrian model, i.e. bilateral majority resolutions, will be used in future as a way of passing resolutions which bypass the European institutions and of forming a new institution or a new group in order to circumvent unanimity in the Council?","Do you think that the “Austrian” model - namely decision making majority bilateral - will in the future constitute an instrument making it possible to make decisions by being unaware of the European institutions and to found a new institution, or a new group, to be able to circumvent the rule of unanimity within the Council?",4.2
train,"Thirdly, acceptance of enlargement and its positive prospects for the individual countries and for the EU as a whole basically depend - and Denmark demonstrated this - on dismantling the social and democratic deficits of European policy.",Thirdly: the approval of the enlargement and its positive prospects for the different countries and for the EU as a whole and - the example of Denmark is for us to the point - matters of the social and economic policy.,3.8
train,"On my own behalf and on behalf of my colleagues in the Committee on Fisheries, I would ask you, Madam President, to send Parliament' s condolences to the families of the victims and to the local authorities in both Brittany and in Marín, Galicia, from where the majority of the victims came.","Madam President, I ask you, on behalf of my colleagues of the Commission and on my own behalf, to send a message from Parliament to the families of the victims and the local authorities of both of city of Galicia, where they are in the majority of victims.",4.6
train,"I call on Prague to respond to this signal, this challenge, this plea for dialogue, to grant our request and to ensure, together with our House, that this legacy of a nationalist era can be consigned to the past.","I urge that to seize this motion, this invitation, this request of dialogue, to give further and to make sure that, together with this Assembly, these relics of a nationalist might be.",3.2
train,"Mr Gayssot, Greek ships have sunk without warning, when there were no storms in the vicinity.","Ships Greeks have sunk, without that there are the slightest storm in the exist, Mr Gayssot.",4.4
train,People with the same business affairs in common are peacefully bound to one another.,The common economic activities create peaceful bonds between the people.,4.6
train,"Secondly, say no to the big bang idea of incorporating candidate countries simultaneously as a large group, since that would militate against the principle that each country should be admitted on its own merits.","Secondly, it is necessary to say ""no"" to the concept to accept at the same time an important Group of countries, because this would be in contradiction with the principle of the admission of each country according to its merits.",4.8
train,The aim of the annual review is to identify such potential improvements.,The annual report aims to identify potential such improvements.,4.8
train,I also voted against a text which calls for the incorporation of the Charter of Fundamental Rights into the eventual Treaty of Nice.,I have also voted against a text which calls for the incorporation of the Charter of Fundamental Rights into the future Treaty which will be adopted in Nice.,4.8
train,"The UK Labour members of the PES Group welcome the adoption of their contribution to the ongoing work of the IGC on reinforced cooperation, without endorsing every single detail.",". The British Labour Members of the Group of the Party of European Socialists welcomes the support given to the contribution they have made to the work of the IGC on closer cooperation, without adhering fully to all the details of it.",4.4
train,"On the contrary, the influence of the national democracies is being reduced by the further restriction of the right of veto and by the fact that the European Parliament is being given more power.","On the contrary, the influence of the national democracies fall into force by the further restriction of the right of veto and to increasing the power of Parliament to the EU.",4.8
train,"The resolution on Nice, voted today, does not reflect this.","The resolution about the Summit of Nice, which has just been voted, does not reflect it.",4.6
train,This is no time for the faint-hearted.,This is not the time to show.,2.5
train,"Firstly, simplification and clarification of the Treaties.","Initially, that of a simplification and a clarification of the Treaties.",4.8
train,"On the contrary, the influence of the national democracies is being reduced by the further restriction of the right of veto and by the fact that the European Parliament is being given more power.","On the contrary, the power of the national democracies is being reduced by the further restriction of the right of veto and by the fact that the European Parliament is being given more power.",5.0
train,Spain has done a magnificent job in turning round the difficult neighbourly relations which Europe and North Africa and Spain and Morocco have suffered during the course of history.,Spain developed in a remarkably positive way the difficult vicinity which always existed between Europe and North Africa and between Spain and Morocco.,4.4
train,"Secondly, say no to the big bang idea of incorporating candidate countries simultaneously as a large group, since that would militate against the principle that each country should be admitted on its own merits.","Secondly, we must say 'no' to the concept bang who would like to see the same time admit a large group of countries, because that would be in contradiction with the principle of the admission of each country according to its merits.",4.4
train,"There is, of course, one crucial event, namely that a start has been made with category four and with looking at ways how we will deal with it, but it is not yet entirely clear whether we have managed to resolve this, partly because the Council refuses to have sufficient input in the attendant thought processes.","There is, of course, a very important point, it is the fact that we started the heading four, with its approach, but we do not know yet very well if we managed to solve the problem, in particular because the Council does not wish to take part sufficiently in the reflexion.",4.4
train,"In Nigeria, Chevron has been accused by the All-Ijaw indigenous people of instigating violence against them and actually paying Nigerian soldiers to shoot protesters at the Warri naval base.","In Nigeria, encouraging the violence in their employment and go up to pay soldiers to draw on the demonstrators at the basis of warri.",3.4
train,The Committee on Legal Affairs and the Internal Market rightly insists on no upper limit and a minimum of no less than 7%.,It is rightly that the Committee on Legal Affairs and Citizens' Rights persists in the rejection of a ceiling and in the maintenance of a minimum rate which cannot be below 7%.,4.8
train,"We have started to exchange ideas on this question, from which it has emerged that all the Member States want to maintain this ceiling after enlargement.","We have started to have discussions on this issue, which show that all the Member States want to keep the ceiling after enlargement.",5.0
train,"I wonder if the Commissioner has planned any steps in this respect to demonstrate that we really do consider Kostunica to be the only lawfully elected representative of the Serbian people, and the only partner with whom the European Union is involved as from today.",I wonder whether the Commissioner already provides steps which will make it possible to show that we regard Kostunica as the legally elected representative of the Serbian people and as a partner with whom the European Union will now have to deal with.,4.4
train,The other viewpoint illustrated by the rapporteur' s initial statement and shared by a number of members is to promote regulations and codes of conduct which are needed in order to establish among insurers ways of organising costs on a mutual basis providing everybody with guaranteed access to high-quality care and to counter the risk of discriminatory practices developing together with risk and client selection.,"The other point of view, illustrated by the rapporteur's original and shared by many colleagues, is to promote the rules and codes of conduct needed to build, between insurers, forms of degree of costs guaranteeing all the supply of good quality care and to counter the risks of discriminatory practices and a risk selection and customers.",4.2
train,Slovakia has not been condemned to the second division and it is logical that it should like to join together with the Czech Republic.,"Slovakia is not doomed to remain in the second group, and it is logical that it wants to join the Union at the same time as the Czech Republic.",4.8
train,"I should like to thank the rapporteur of the Committee on Foreign Affairs, Human Rights, Common Security and Defence Policy, Mr Brok, for his clear, comprehensive report.","I would like to thank the rapporteur of the Committee on Foreign Affairs, Human Rights, Common Security and Defence Policy, Mr Brok, for his clear and comprehensive report.",5.0
train,"Lastly, and most controversially, the committee strongly called for the use of a fast-track procedure to implement this legislation.","Finally, and this is a most controversial issue, the Commission has called vigorously to use the fast-track procedure to implement this legislation.",4.8
train,"Mr President, I voted for the García-Margallo y Marfil report on the taxation of electronic commerce.","Mr. President, I have voting in favour of the report García-Margallo there Marfil, which relates to the tax on the abundant services with electronic way.",4.0
train,Either we are in a club or we are out of it and it is particularly important that we accept this.,"Either we part of the club, or we are not, and we must therefore we bow to this decision.",5.0
train,The other viewpoint illustrated by the rapporteur' s initial statement and shared by a number of members is to promote regulations and codes of conduct which are needed in order to establish among insurers ways of organising costs on a mutual basis providing everybody with guaranteed access to high-quality care and to counter the risk of discriminatory practices developing together with risk and client selection.,"The other point of view, illustrated by the example of the original rapporteur and shared by many colleagues, is to promote the regulations and codes of conduct needed to create, between insurers, the forms of mutual costs guaranteeing to all the provision of high-quality care and to counter the risk of seeing develop discriminatory practices and a risk selection and customers.",4.4
train,It is a matter of the utmost importance and yet has curiously attracted very little public attention.,"The task, which is important, however, did not arouse great interest on the part of the public yet.",4.6
train,"And I am telling you loud and clear: Kostunica must be given his chance here and I therefore hope that he will give amnesty in the next couple of weeks or months, but meanwhile, I do want the introduction of those two new budget lines, democratisation and reconstruction, to be accompanied by political conditions, both from a political and budgetary perspective.","And I say this very clearly: it is necessary to give its chance to Kostunica and I hope that it will take time to a clear in the course of the coming weeks or months; but in the meantime, I hope, however, that, in terms of policy and in terms of the budget, the political conditions are the introduction of these two new budget lines, namely the and reconstruction.",4.2
train,"If we want to help Indonesia we must act now with money and deeds, not merely words.","If we want to help Indonesia, we must intervene with money and concrete actions, and not only with words.",4.6
train,"I find it rather odd that people are already trying to tie the Commission's hands in relation to the proposal for a directive, while at the same calling on it to present a Green Paper on the current situation with regard to optional and supplementary health insurance schemes.",I am a bit of him now to compel the Commission to a motion for a resolution and ask him in a time to establish a Green Paper on the current State of voluntary insurance and health insurance.,3.6
train,That made them heavily dependent on loans.,A development which has made heavily dependent on capital loans.,3.6
train,"Worst of all, I believe, is having to issue a warning that a court judgment in their favour may just be a set of comforting words and make no real difference in their lives.","In my view, there is nothing worse than having to warn people that a judgment in their favour could only be a series of reassuring words and have no practical effect on their existence.",4.6
train,"Whilst employment may be the European Union' s priority policy, fisheries, as another economic sector, cannot remain on the sidelines.","If employment is the political priority of the Union, fishing, as an economic sector, cannot remain on the sidelines.",4.8
train,"As there is still a lot of uncertainty, we must know what the scientific facts are and what action must be taken.","It is necessary to know today, since we are still in the uncertainty, which are the scientific, what are the measures to take.",4.6
train,"I stress this point because the market cannot regulate everything, which is why competition is not completely unrestricted, nor should it be.","I insist on this point because the market cannot regulate everything and that, in this perspective, there is neither can be no competition without limits.",4.4
train,"They will keep the pressure on, and they are strengthening their position with the revenue they are generating from delivering mail above 150 grams.",They will continue to put the pressure. The money that they gain with the distribution beyond the limit of the 150 grams makes it possible them to reinforce their position.,4.8
train,I also voted against a text which calls for the incorporation of the Charter of Fundamental Rights into the eventual Treaty of Nice.,I also voted against a text which calls for the integration of the Charter of Fundamental Rights in the future Treaty which will be adopted at Nice.,4.8
train,"If we define a clear, binding framework for the Member States, then there should be a longer evaluation period for the various support systems required to satisfy these requirements.","If we define a clear and binding framework for the Member States, the various systems to meet these demands should have a longer period of put to the test.",4.8
train,Question No 6 by (H-0886/00):,Question 6 (H-0886 / 00):,4.4
train,This is our priority fight in order to ensure that the affirmation of fundamental rights is put into practice in our political decisions.,That is our fight priority for the affirmation of fundamental rights is implemented in political choices.,4.6
train,"Reiterating the calls made by the European Parliament in its resolution of 16 March 2000, what initiatives does the Presidency of the European Council propose to take with a view to playing a more active role so as to guarantee the full and complete application of the UN peace plan?","As the European Parliament called for in its resolution of 16 March 2000, they initiatives the European Council Presidency intend to take to play a more active role in order to ensure the full implementation of the UN peace plan?",4.4
train,"There is, of course, one crucial event, namely that a start has been made with category four and with looking at ways how we will deal with it, but it is not yet entirely clear whether we have managed to resolve this, partly because the Council refuses to have sufficient input in the attendant thought processes.","There is, of course, a very important point is the fact that we have begun category four, with his approach, but we do not yet know very well if we managed to solve the problem, not least because the Council does not wish to participate in the discussion.",4.2
train,"Unfortunately, the ultimate objective of a European Constitution would be precisely the opposite, and so, of course, we cannot vote for it.","Unfortunately the ultimate goal of a European Constitution would be exactly the opposite and, of course, we cannot approve it.",5.0
train,All those who are at present engaged in illicit work would obtain work with decent social conditions.,Everyone who works are currently obtiendraient undeclared work in decent social conditions.,3.4
train,"Do you think that the Austrian model, i.e. bilateral majority resolutions, will be used in future as a way of passing resolutions which bypass the European institutions and of forming a new institution or a new group in order to circumvent unanimity in the Council?","Do you believe that the 'Austrian model' - namely the taking of bilateral majority decisions - in the future will be an instrument for taking decisions ignoring the European institutions and to build a new institution, or a new group, to be able to circumvent the rule of unanimity in the Council?",5.0
train,Either we are in a club or we are out of it and it is particularly important that we accept this.,"Either we belong to the club, or let us not be we and we thus should be folded with this decision.",4.2
train,"I stress this point because the market cannot regulate everything, which is why competition is not completely unrestricted, nor should it be.","I stress this because the market cannot solve all and that, accordingly, there is not and cannot have competition without limits.",3.8
train,But I would like to say to Parliament this afternoon that we should not lose sight of the fact that the EU spends just 1% of GDP and much of that is administered in the Member States.,"Nevertheless, I would like to say to the idea that we must not lose sight of the fact that the European Union does not believe that 1% of the GDP of the Member States and that the bulk of this money is managed in the Member States.",3.2
train,"In the last three weeks, progress has been made in three major areas.","In recent weeks, three major progress has been made.",3.4
train,That is a shameful state of affairs when we consider that the EU itself is a champion of modernised business practice.,It is a disgrace when it is believed that the European Union has set itself up as a champion modernisation of economic life.,4.0
train,"Mr President, I would like to focus in my speech on Mrs Lalumière' s report, which I think is clearly worded and well put together.","Mr President, in my speech I shall focus on the report by Mrs Lalumière report, which I think is well thought-out and clearly formulated.",5.0
train,"Above all, when a one-man company or a company with fewer than 250 employees has a project, it should not need to provide 120% loan guarantees in the form of land to receive financing; it should also be possible for it to be funded on the basis of a good idea.","Above all, when a company or unipersonnelle a society relying less than 250 employees has a project, it must be possible to receive funding not only with a guarantee to 120%, but also on the simple basis of a good idea.",3.8
train,"The resolution on Nice, voted today, does not reflect this.","The resolution on the Nice Summit, which has just been voted, do not reflect.",4.6
train,"From the first discussions on this dossier, which were held at European level at the initiative of the European Parliament, the Commission has given a commitment to the Member States to pursue a course of action designed to develop what we might call a European police culture, grounded in the highest standards of duty, respect for the rights and freedoms of our citizens and efficiency in the fight against crime.","Since the first thoughts on this issue, which took place at European level on the initiative of the European Parliament, the Commission committed itself in relation to the Member States to promote an action intended to develop what we could describe as a European Commissioner culture, based on the highest standards of ethics, respect for human rights and freedoms, and effectiveness in the fight against crime.",4.4
train,"I stress this point because the market cannot regulate everything, which is why competition is not completely unrestricted, nor should it be.","I stress this because the market cannot solve all and that, in this sense, there is no cannot be competitive without limits.",4.2
train,"Given this situation, there is an inescapable need for greater involvement and greater effectiveness in the fight against poverty and underdevelopment.","Faced with these realities, the need for greater involvement and greater efficiency in the fight against poverty and underdevelopment is essential.",4.6
train,"Mr President, we took a great deal of care over preparing the Karamanou report in the Committee on Citizens' Freedoms and Rights, Justice and Home Affairs.","Mr President, the Committee on citizens' freedoms and rights, justice and internal Affairs has prepared with great care the Karamanou report.",5.0
train,"The UK Labour members of the PES Group welcome the adoption of their contribution to the ongoing work of the IGC on reinforced cooperation, without endorsing every single detail.","The UK Labour Members of the PSE Group welcome the favourable reception reserved for the contribution they have made to the ongoing work of the IGC on reinforced cooperation, without endorsing totally at all the details of this.",4.4
train,There has been a budget heading for the funding of mine clearance and prevention programmes for many years now.,"A budget line, programmes and of many years.",3.0
train,"I find it rather odd that people are already trying to tie the Commission's hands in relation to the proposal for a directive, while at the same calling on it to present a Green Paper on the current situation with regard to optional and supplementary health insurance schemes.",I find it a little strange to try to now force the Commission to a motion for a resolution and ask him in a same time to establish a Green Paper on the current state of voluntary insurance and health insurance complementary.,4.2
train,"B5-0794/2000, by Mr Medina Ortega, Mr Linkohr and Mr Fava, on behalf of the Group of the Party of European Socialists, on the kidnap in Colombia of a Spanish Jesuit engaged in negotiations with the guerillas;","(B5-0794 / 2000 by Mr Medina Ortega, Mr Linkohr and Mr Fava, on behalf of the Group of the Party of European Socialists, on the kidnapping of a Spanish sophistry in Colombia engaged in negotiations with the guerillas;",4.4
train,As long ago as 1996 the European Parliament came out in favour of a ban on the use of meat-and-bone meal throughout the European Union in accordance with the precautionary principle - if only.,"Since 1996, the European Parliament decided in favour of a ban on the use of meat meal in the European Union, in accordance with the precautionary principle - if only we had been listened to.",4.2
train,"While withdrawing the resolution, however, I express the conviction that this Parliament would have made its voice heard better if, in anticipation of the Council of Nice, it had devoted a specific and separate resolution to these important and difficult topics of the Intergovernmental Conference, instead of dealing with them in a single resolution that also embraces all the other points on the Council agenda.","By withdrawing our resolution, I nevertheless expresses the conviction that our Parliament would have done better its voice heard in devoting, in view of the Nice European Council, a specific and separate resolution to the issues so important and so difficult for the Intergovernmental Conference, rather than dealt with in the context of a single resolution including also all the other items on the agenda for the Council.",4.4
train,It is this kind of future I would also like to see in the other countries within the European Union.,This is a development of the kind that I wish the other States of the European Union.,4.6
train,The only instance in which no tax is levied is when the supplier is in a non-EU country and the recipient is in a Member State of the EU.,The only case for which no tax is still seen is that of a provision in the European Community from a third country.,3.8
train,I think that France has set an excellent example by finally deciding to take this step.,I think it is exemplary that France is resolved to take this step.,4.6
train,"On my own behalf and on behalf of my colleagues in the Committee on Fisheries, I would ask you, Madam President, to send Parliament' s condolences to the families of the victims and to the local authorities in both Brittany and in Marín, Galicia, from where the majority of the victims came.","Madam President, I ask you, on behalf of my colleagues in the Committee on Fisheries and on my own behalf, to send a message of condolence from Parliament to the families of the victims and to the local authorities of both Brittany and of Marín, city of Galicia, which is from the majority of the victims.",4.8
train,"These objectives, the main one and the secondary ones, will be the touchstone by which the concrete proposals submitted by the Commission must be judged.","These objectives, the primary objective and the secondary objectives, will represent the stone of hitting enabling us to judge the concrete proposals presented by the Commission.",4.8
train,The debate is closed.,In the debate is closed.,4.6
train,(The sitting was suspended at 2.06 p.m. and resumed at 3 p.m.),(The sitting was suspended at 14h06 p.m. and resumed at 3 p.m.),5.0
train,"There is an urgent need, following the recent attacks on the Greek minority in Himara, to promote democratisation measures and measures to strengthen institutions and respect for human rights in Albania.","The recent incidents against the Greek minority of Himara make more imperative the need to promote democratisation measures, of institution building and respect for the rights of the man in Albania.",4.6
train,"Mr President, I voted for the García-Margallo y Marfil report on the taxation of electronic commerce.","Mr President, I voted in favour of the García-Margallo y Marfil report, which concerns the taxation of services provided by electronic means.",5.0
train,This is our priority fight in order to ensure that the affirmation of fundamental rights is put into practice in our political decisions.,It is our priority for the assertion of fundamental rights is in political choices.,4.2
train,"Mr President, I voted for the García-Margallo y Marfil report on the taxation of electronic commerce.","Mr President, I voted in favour of the García-Margallo y Marfil report, which concerns the taxation of services provided by way.",3.6
train,"Whilst employment may be the European Union' s priority policy, fisheries, as another economic sector, cannot remain on the sidelines.","If employment is the priority Union policy, fishing, as an economic sector, cannot remain in margin.",4.5
train,"You do not even intend to incorporate it into the Treaty, evidence indeed that this text, this exercise was always destined to be laid aside.","You do not want in the Treaty, which shows that this text must be put aside.",3.0
train,"After all, it is by no means certain that the proposed definition of equitable price is better than any other, because the various definitions that are currently in use in the Member States are all perfectly satisfactory.","In fact, it is not absolutely certain that the definition of price that is proposed is better than another, because the different currently in the Member States all fully.",3.8
train,(Applause),"I have already said on this point and I fully endorse what he said on the need to improve the public debate considerably I will not repeat what I said, but it is true that, all too often the citizens feel alienated by decisions taken in authorities that they do not know.",0.0
train,"Thank you very much, Commissioner.","Thank you very much, Mr Commissioner.",4.8
train,"Action is needed quickly, which is why we decided to include this item on the agenda.",There is urgency and that is why we have decided to put this issue on the agenda.,4.8
train,The lesson for this Parliament this morning must be that we have to conclude that maritime laws throughout the world are in a state of shambles and we have to begin the process of putting them right.,"The lesson for us within this House in its debate this morning is that we are forced to conclude that the laws at sea are, in the world, in a state of chaos, and that we must get down to work to bring order.",4.2
train,Either we are in a club or we are out of it and it is particularly important that we accept this.,"Either we are part of the club, or we are not and we must therefore we abide by this decision.",4.6
train,The right of a government arbitrarily to set aside its own constitution is the defining characteristic of a tyranny.,The right to a government to remove arbitrarily its constitution is defining characteristic of a tyranny.,5.0
train,"After all, it is by no means certain that the proposed definition of equitable price is better than any other, because the various definitions that are currently in use in the Member States are all perfectly satisfactory.","Indeed, it is not at all convinced that the definition of fair price which is proposed is better than another, because the different definitions used in the Member States are sufficient all amply.",4.8
train,Question No 6 by (H-0886/00):,Question No 6 by (H-0886/00):,5.0
train,As long ago as 1996 the European Parliament came out in favour of a ban on the use of meat-and-bone meal throughout the European Union in accordance with the precautionary principle - if only.,"In 1996, the European Parliament is in favour of a ban on the use in the European Union, in accordance with the precautionary principle - if only they had.",3.8
train,That made them heavily dependent on loans.,An evolution which made them strongly dependent on the borrowed capital.,4.6
train,"Mr President, we took a great deal of care over preparing the Karamanou report in the Committee on Citizens' Freedoms and Rights, Justice and Home Affairs.","Mr President, the Committee on Citizens' Freedoms and Rights, Justice and internal affairs has prepared with great care the Karamanou report.",4.6
train,The debate is closed.,The debate is closed.,5.0
train,I also voted against a text which calls for the incorporation of the Charter of Fundamental Rights into the eventual Treaty of Nice.,"I also voted against a text which calls for the incorporation of the Charter of Fundamental Rights in the future Treaty, which will be adopted in Nice.",4.4
train,All those who are at present engaged in illicit work would obtain work with decent social conditions.,All those which currently work with the black would obtain an employment under decent social conditions.,4.2
train,". (ES) Mr President, enlargement is essential for the construction of a strong and united European continent.","- (ES) Mr President, enlargement is essential for the construction of a strong and united Europe.",5.0
train,"Action is needed quickly, which is why we decided to include this item on the agenda.",There is urgency and therefore we decided to put this point at the order of business.,4.6
train,"The resolution on Nice, voted today, does not reflect this.","The resolution on the Nice Summit, which has just been passed, does not reflect the.",4.2
train,"The House had also fought, however, for the reduction of the funds available for innovative measures to be offset by means of resources from the flexibility instrument, a demand which is recorded in a declaration on the financial perspective in the Interinstitutional Agreement.","This Parliament has, however, also fought for this reduction in the funds allocated to the innovative actions should be compensated for by the use of flexible framework, set out in a statement on the financial perspective.",3.8
train,Approval of the Minutes of the previous sitting,Approval of the Minutes of the previous sitting.,5.0
train,"That was changed in the face of criticism, especially from Ireland and France, and a different spin has now been put on it by the British Chancellor of the Exchequer: it is now being portrayed as a user charge for all, including British lorry drivers.","Faced with criticisms, particularly those of Ireland and France, the British Chancellor of the Exchequer has given a new interpretation: it is now a matter of resources for all users, including the drivers of heavy goods vehicles.",4.6
train,"He will stand trial on 8 January on charges of having attended a meeting of the Tunisian opposition in France, which he denies.","It crosses the 8 January of this year. it is to have a Union of Tunisian opponents in France, which Moreover it.",3.6
train,"And I am telling you loud and clear: Kostunica must be given his chance here and I therefore hope that he will give amnesty in the next couple of weeks or months, but meanwhile, I do want the introduction of those two new budget lines, democratisation and reconstruction, to be accompanied by political conditions, both from a political and budgetary perspective.","And I say to you very clearly: we need to give its opportunity to Koitunica, and I therefore hope that he will ensure an amnesty over the coming weeks or months; but meanwhile, I hope, however, that, in political terms and in budgetary terms, political conditions are linked to the introduction of these two new budget lines, namely democratisation and reconstruction.",5.0
train,"Action is needed quickly, which is why we decided to include this item on the agenda.",It is urgent and that is why we have decided to put this item on the agenda.,5.0
train,"One could indeed wish for more and for improvement, but I honestly believe that we have made a good start.","We can actually want more and better, but I think quite honestly that it is a good start.",4.8
train,"- My party has serious reservations about Community law applying to the sale of consumer products, as against applying the concept of mutual recognition of standards.","My party serious reservations about the regulation of the sale of consumption by means of Community legislation, as it has reservations about the concept of mutual recognition of standards.",4.8
