phrase1,phrase2,sentence1,sentence2,label,idx
carry,carry,you must carry your camping gear .,sound carries well over water .,0,0
go,go,messages must go through diplomatic channels .,do you think the sofa will go through the door ?,0,1
break,break,break an alibi .,the wholesaler broke the container loads into palettes and boxes for local retailers .,0,2
cup,cup,he wore a jock strap with a metal cup .,bees filled the waxen cups with honey .,1,3
academy,academy,the academy of music .,the french academy .,0,4
set,set,set the table .,to set glass in a sash .,0,5
starch,starch,starch clothes .,she starched her blouses .,1,6
take,take,do you take sugar in your coffee ?,a reading was taken of the earth 's tremors .,0,7
avoid,avoid,i try to avoid the company of gamblers .,we avoided the ball .,1,8
clearance,clearance,"he got clearance to travel to america , even though he had previous links to terrorists .","the plane got clearance from air traffic control , and we were off .",1,9
come,come,come out of the closet !,he came singing down the road .,1,10
coverage,coverage,"before laying sod on that clay , the ground needs two inches of coverage with topsoil .",the dictionary 's coverage of standard english is excellent .,1,11
death,death,her death came as a terrible shock .,he had two deaths on his conscience .,0,12
despite,despite,the despite in which outsiders were held is legendary .,she wanted neither favor nor despite .,0,13
school,school,a school of small glittering fish swam by .,the divers encountered a huge school of mackerel .,1,14
go,go,we should go farther in this matter .,she went through a lot of trouble .,1,15
action,action,the united nations must have the power to propose and organize action without being hobbled by irrelevant issues .,recent federal action undermined the segregationist position .,1,16
fall,fall,fall by the wayside .,the cities fell to the enemy .,0,17
work,work,this dough does not work easily .,work the phones .,0,18
shock,shock,the armies met in the shock of battle .,the train hit the buffers with a great shock .,0,19
play,play,this speech did n't play well with the american public .,play football .,0,20
make,make,what do you make of his remarks ?,make a dress .,0,21
end,end,the so-called glorious experiment came to an inglorious end .,the end was exciting .,0,22
break,break,there was a break in the action when a player was hurt .,he was up two breaks in the second set .,0,23
life,life,it was a heavy play and the actors tried in vain to give life to it .,the life of this milk carton may be thousands of years in this landfill .,0,24
person,person,there was too much for one person to do .,"each person is unique , both mentally and physically .",1,25
answer,answer,answer the door .,she answered the door .,1,26
do,do,all you ever do is surf the internet .,a ' b ' grade does n't suffice to get me into medical school .,0,27
play,play,play fair .,play football .,0,28
see,see,what message do you see in this letter ?,we had to see a psychiatrist .,0,29
buff,buff,to strip to the buff .,swimming in the buff .,1,30
boy,boy,she made the boy brush his teeth every night .,most soldiers are only boys in uniform .,1,31
picture,picture,she was the picture of despair .,the very picture of a modern general .,1,32
answer,answer,she did n't want to answer .,this may answer her needs .,0,33
head,head,tickets are $ 5 per head .,he is two heads taller than his little sister .,0,34
break,break,break into tears .,"if the vase falls to the floor , it might break .",0,35
die,die,to die to pleasure or to sin .,she died from cancer .,1,36
peak,peak,the stock market reached a peak in september 1929 .,voltage peak .,1,37
civilization,civilization,a hermit does n't much care for civilization .,early mayan civilization .,1,38
carry,carry,these bonds carry warrants .,she carries her ideas to the extreme .,0,39
shot,shot,he wanted a shot at the champion .,i caught him with a solid shot to the chin .,0,40
body,body,the body of the car was badly rusted .,"penny was in the scullery , pressing the body of her new dress .",0,41
cut,cut,cut a ticket .,cut orders .,1,42
recognition,recognition,she seems to avoid much in the way of recognition or acknowledgement of feminist work prior to her own .,give her recognition for trying .,0,43
shift,shift,you have to shift when you go down a steep hill .,he shifted in his seat .,0,44
cube,cube,a stock cube .,a sugar cube .,1,45
follow,follow,let 's follow our great helmsman !,he followed his lecture with a question and answer period .,0,46
apply,apply,i apply this rule to get good results .,apply a magnetic field here .,1,47
fall,fall,fall asleep .,she fell ill .,1,48
make,make,she may not make the grade .,make a stir .,0,49
head,head,under the head of minor roman poets .,they tracked him back toward the head of the stream .,0,50
head,head,a reduction in the assessment per head of sheep .,200 head of cattle and 50 head of horses .,1,51
give,give,give a divorce .,the wall gave in .,0,52
drive,drive,to drive sheep out of a field .,drive the cows into the barn .,1,53
fall,fall,fall by the wayside .,to fall a tree .,0,54
gob,gob,he ′s always stuffing his gob with fast food .,she 's got such a gob on her – she′s always gossiping about someone or other .,1,55
scale,scale,the scale of the map .,the scale of the model .,1,56
stand,stand,we had to stand for the entire performance !,on the pedestal stood a statue .,1,57
make,make,she may not make the grade .,he made twenty bucks playing poker last night .,0,58
furniture,furniture,the woman does not even have one stick of furniture moved in yet .,there was only one piece of furniture in the room .,1,59
give,give,give a yelp .,this student gives promise of real creativity .,0,60
cut,cut,cut a movie scene .,cut a ping-pong ball .,0,61
extension,extension,most basic files use the filename extension .bas .,a text file will have a file extension of .txt .,1,62
seat,seat,he was elected to a seat in the senate .,he dusted off the seat before sitting down .,0,63
make,make,make enemies .,what do you make of his remarks ?,0,64
make,make,we should make cincinnati by 7 tonight .,make the bed .,0,65
take,take,do you take me for a fool ?,"looking at him as he came into the room , i took him for his father .",1,66
tea,tea,tea has fragrant white flowers .,iced tea is a cooling drink .,0,67
take,take,take sick .,i estimate the trip will take about ten minutes .,0,68
way,way,do you know the way to the airport ?,he said he was looking for the way out .,1,69
head,head,the head of the compass needle is pointing due north .,200 head of cattle .,0,70
lift,lift,lift the box onto the table .,i lifted the books .,1,71
space,space,the astronauts walked in outer space without a tether .,the space between his teeth .,0,72
score,score,what was your score on your homework ?,the score was 7 to 0 .,0,73
work,work,how does your idea work in practice ?,the voting process does n't work as well as people thought .,1,74
double,double,he could be gingrich 's double .,saddam hussein was rumored to have many doubles .,1,75
space,space,the space between his teeth .,the architect left space in front of the building .,1,76
fix,fix,"fix breakfast for the guests , please .",that 'll fix him good !,0,77
head,head,matters came to a head yesterday .,the head of the column advanced boldly .,0,78
show,show,he bet $ 2 on number six to show .,i showed the customer the glove section .,0,79
take,take,i take it you 're not going ?,he was often taken to be a man of means .,1,80
cut,cut,the employer wants to cut back health benefits .,cut trenches .,0,81
cot,cot,a roller cot ( the clothing of a drawing roller in a spinning frame ) .,a cot for a sore finger .,1,82
run,run,these dyes and colors are guaranteed not to run .,the sale will run for ten days .,0,83
see,see,now i see !,i want to see whether she speaks french .,0,84
drive,drive,drive the cows into the barn .,their debts finally drove them to sell the business .,0,85
bit,bit,a bit of lint .,the horse was not accustomed to a bit .,0,86
stir,stir,stir the soil .,stir emotions .,0,87
trombone,trombone,this trombone is very expensive .,jim plays the trombone very well .,1,88
fall,fall,to fall a tree .,night fell .,1,89
trace,trace,trace your path .,trace the outline of a figure in the sand .,0,90
take,take,take a pulse .,a reading was taken of the earth 's tremors .,1,91
carry,carry,i will carry the secret to my grave .,i carry a lot of life insurance .,1,92
body,body,"penny was in the scullery , pressing the body of her new dress .",heavenly body .,0,93
hold,hold,i hold with those who say life is sacred .,hold all calls to the president 's office while he is in a meeting .,0,94
build,build,build a reputation .,build detergents .,0,95
smooth,smooth,smooth the way towards peace negotiations .,smooth the surface of the wood .,0,96
carry,carry,we carry a very large mortgage .,the troops carried the town after a brief fight .,0,97
war,war,the war against crime .,"the "" war on terror "" is a campaign against terrorist crime .",1,98
reply,reply,please reply to my letter .,he replied that he was not sure .,1,99
house,house,the children were playing house .,she felt she had to get out of the house .,0,100
position,position,what position does he play ?,stop running all over the field and play your position !,1,101
play,play,play sports .,who 's playing now ?,1,102
circus,circus,the circus will be in town next week .,he ran away from home to join the circus .,1,103
break,break,break a law .,her voice broke to a whisper when she started to talk about her children .,0,104
woodenness,woodenness,there was a certain woodenness in his replies .,he criticized the woodenness of the acting .,1,105
wreck,wreck,thanks to that quack i am a human wreck .,the house was a wreck when they bought it .,1,106
catch,catch,catch the mood .,do n't catch your meaning .,0,107
blip,blip,renewed jitters in the wake of a blip in retail sales .,the market had one bad blip today .,1,108
vegetate,vegetate,the fields vegetate vigorously .,the bacterial growth vegetated along .,0,109
drag,drag,peeling potatoes is a drag .,he took a drag on his cigarette and expelled the smoke slowly .,0,110
score,score,he tried to blame the victim but his success on that score was doubtful .,settling a score .,0,111
head,head,she gave great head .,they tracked him back toward the head of the stream .,0,112
volume,volume,please turn down the volume on the stereo .,the kids played their music at full volume .,1,113
top,top,he removed the top of the carton .,he could n't get the top off of the bottle .,1,114
stand,stand,we had to stand for the entire performance !,there stood on the corner a statue .,1,115
breath,breath,he took a deep breath and dived into the pool .,i could feel the runner 's breath on my shoulder .,0,116
take,take,take steps .,take action .,1,117
stuff,stuff,what is all that stuff on your bedroom floor ?,you do n't have the stuff to be a united states marine .,0,118
raise,raise,raise a mutiny .,raise the roof .,0,119
fire,fire,we sat around the fire singing songs and telling stories .,barbecue over an open fire .,0,120
start,start,start a new job .,i start my day with a good breakfast .,0,121
run,run,the sale will run for ten days .,the meeting ran late .,1,122
do,do,do nothing .,a ' b ' grade does n't suffice to get me into medical school .,0,123
absence,absence,he was surprised by the absence of any explanation .,absence makes the heart grow fonder .,1,124
cut,cut,cut a check .,cut the rope .,0,125
ream,ream,ream oranges .,the dentist reamed out the debris in the course of the root canal treatment .,0,126
run,run,do n't run that software unless you have permission . ' .,run rogue .,0,127
run,run,i will run the sample .,our coach had us running plays for the whole practice .,1,128
keep,keep,may god keep you .,the student was kept after school .,0,129
work,work,work one 's way through the crowd .,she never worked because she inherited a lot of money .,0,130
draw,draw,draw water for a bath .,draw parallels .,0,131
make,make,clothes make the man .,he made to speak but said nothing in the end .,0,132
admit,admit,we 'll have to vote on whether or not to admit a new member .,he admitted his guilt .,0,133
take,take,you ca n't take credit for this !,we took an apartment on a quiet street .,0,134
make,make,make a mess in one 's office .,she 'll make a fine president .,0,135
stake,stake,i will stake my good reputation for this .,stake your goat .,0,136
make,make,he did n't make the choir after his voice changed .,you have to spend money to make money !,1,137
order,order,the machine is now in working order .,a friend in new mexico said that the order caused no trouble out there .,0,138
work,work,the voting process does n't work as well as people thought .,this method does n't work .,1,139
stuff,stuff,there 's good stuff in that book .,the stuff of heros .,0,140
interception,interception,he resorted to the interception of his daughter 's letters .,he claimed that the interception of one missile by another would be impossible .,1,141
raise,raise,raise a smile .,raise your ` o ' .,0,142
place,place,if you were in my place what would you do ?,he has a special place in my thoughts .,0,143
take,take,take steps .,shall we take a guide in rome ?,0,144
head,head,they say he gives good head .,the head of the list .,0,145
drug,drug,you look like someone drug you behind a horse for half a mile .,they drugged the kidnapped tourist .,1,146
place,place,he overstepped his place .,he put the lamp back in its place .,0,147
raise,raise,raise the question of promotions .,raise from the dead .,0,148
fall,fall,fall by the wayside .,christmas falls on a monday this year .,0,149
keep,keep,keep my job for me while i give birth .,keep a diary .,0,150
defense,defense,in defense he said the other man started it .,the artillery battered down the defenses .,0,151
take,take,we take all major credit cards .,do you take sugar in your coffee ?,1,152
give,give,give homage .,she gave herself to many men .,0,153
check,check,check the brakes .,check the oil in your car once a month .,1,154
restraint,restraint,the unlawful restraint of trade .,restraints imposed on imports .,0,155
hold,hold,he can hold his liquor .,"to carry well , i.e. to hold the head high , with arching neck .",0,156
visit,visit,did you ever visit paris ?,the principal visited his rage on the students .,0,157
line,line,a nice line of shoes .,they were arrayed in line of battle .,0,158
make,make,what do you make of his remarks ?,make a mistake .,0,159
break,break,can you break a hundred-dollar bill for me ?,the wholesaler broke the container loads into palettes and boxes for local retailers .,1,160
point,point,life has lost its point .,he broke the point of his pencil .,0,161
product,product,that store offers a variety of products .,that store offers a variety of products .,1,162
cover,cover,the grant does n't cover my salary .,the president covered the fact that he bugged the offices in the white house .,0,163
run,run,run a subject .,i 'm not ready to run a marathon .,0,164
accept,accept,i can not accept your invitation .,we accept the idea of universal health care .,0,165
action,action,the piano had a very stiff action .,a rifle action .,1,166
contact,contact,contact with the pier scraped paint from the hull .,the pilot made contact with the base .,0,167
carry,carry,put down 5 and carry 2 .,i am carrying his child .,0,168
cut,cut,would you please cut the cake ?,cut a hole .,0,169
gather,gather,gather some stones .,herman gathered the students together .,1,170
admit,admit,to admit a serious thought into the mind .,this pipe admits air .,1,171
side,side,it brought out his better side .,the confederate side was prepared to attack .,0,172
draw,draw,draw a weapon .,a ship draws ten feet of water .,0,173
wall,wall,a wall of prejudice .,the container 's walls were blue .,0,174
carry,carry,the airwaves carry the sound .,sound carries well over water .,1,175
carry,carry,these bonds carry warrants .,the dog was taught to fetch and carry .,0,176
turn,turn,turn the corner .,we turned from socialism to capitalism .,0,177
carry,carry,the dog was taught to fetch and carry .,carry a cause .,0,178
radiate,radiate,spokes radiate from the hub of the wheel .,the heat radiates from a stove .,0,179
choke,choke,choke a carburetor .,the pirate choked the sailor to death .,0,180
church,church,there is a lovely little church in the valley .,the church was empty .,1,181
take,take,do you take me for a fool ?,i take it you 're not going ?,1,182
connect,connect,"operator , could you connect me to the raffles in singapore ?",these computers connected well .,0,183
give,give,the french doors give onto a terrace .,the wall gave in .,0,184
return,return,his gross income was enough that he had to file a tax return .,on his return from australia we gave him a welcoming party .,0,185
action,action,he is out of action .,the piano had a very stiff action .,0,186
head,head,tickets are $ 5 per head .,we will consider performance issues under the head of future improvements .,0,187
hand,hand,"on the one hand ... , but on the other hand ...",all hands on deck .,0,188
spring,spring,the emerging buds were a sure sign of spring .,"you can visit me in the spring , when the weather is bearable .",1,189
describe,describe,"the feeling is difficult to describe , but not unpleasant .",he described what we should do .,1,190
know,know,do you know my sister ?,i know him under a different name .,1,191
turn,turn,turn your face to the wall .,the people turned against the president when he stole the election .,0,192
world,world,he sailed around the world .,all the world loves a lover .,0,193
ride,ride,i ride to work in a bus .,she rode a wave of popularity .,0,194
take,take,we take the times every day .,take action .,0,195
material,material,she was vice-presidential material .,he was university material .,1,196
work,work,this dough does not work easily .,can you work an electric drill ?,0,197
come,come,come into contact with a terrorist group .,where did you come from ?,0,198
fire,fire,"in warfare , whoever opens fire first has a greater chance of victory .",surrender fires the cold skepticism .,0,199
cover,cover,cover the grave with flowers .,she covered herself with glory .,0,200
point,point,what is the point of discussing it ?,he stuck the point of the knife into a tree .,0,201
play,play,it was all done in play .,rain stopped play in the 4th inning .,0,202
chance,chance,you take a chance when you let her drive .,we had the chance to meet the president last week .,0,203
cup,cup,he swore as the ball rimmed the cup and rolled away .,he drank a cup of coffee .,0,204
drop,drop,a drop of each sample was analyzed .,they expected the drop would be successful .,0,205
focus,focus,please focus on your studies and not on your hobbies .,focus on passing the test .,1,206
point,point,he broke the point of his pencil .,he stuck the point of the knife into a tree .,1,207
collision,collision,the collision of the two ships resulted in a serious oil spill .,three passengers were killed in the collision .,1,208
take,take,do you take me for a fool ?,he was often taken to be a man of means .,1,209
plug,plug,plug the wall .,he attempted to plug the leaks with some caulk .,0,210
mean,mean,the sky is red this morning — does that mean we 're in for a storm ?,my ex-husband means nothing to me .,0,211
washout,washout,it was several days after the storm before they could repair the washout and open the road .,from the house they watched the washout of their newly seeded lawn by the water .,0,212
shell,shell,nuts shell in falling .,wheat or rye shells in reaping .,1,213
make,make,make lead into gold .,how much do you make a month in your new job ?,0,214
run,run,the crowd had to run away from the burning structure with only the clothes on their backs .,who 's running for treasurer this year ?,0,215
leave,leave,leave the flowers that you see in the park behind .,the wound i got in my car accident left behind a massive scar .,1,216
thing,thing,how could you do such a thing ?,he has a thing about seafood .,0,217
land,land,it can be tricky to land a helicopter .,use the net to land the fish .,1,218
air,air,there was a tension in the air which made me suspect an approaching storm .,open a window and let in some air .,1,219
make,make,make a phone call .,they make a cute couple .,0,220
house,house,the house gets a percentage of every bet .,he has a house on cape cod .,0,221
custody,custody,he was mistreated while in police custody .,the suspect is in custody .,0,222
respect,respect,"he is an intellectual giant , and i have great respect for him .",be sure to give my respects to the dean .,0,223
stain,stain,people knew how to stain glass a beautiful blue in the middle ages .,stain this table a beautiful walnut color .,1,224
run,run,the sale will run for ten days .,the book runs 655 pages .,1,225
strike,strike,please strike this remark from the record .,we must strike the enemy 's oil fields .,0,226
take,take,i used to take the sunday times .,you ca n't take credit for this !,0,227
continue,continue,we can not continue several servants any longer .,the bad weather continued for two more weeks .,0,228
play,play,play the stock market .,play cards .,0,229
loaf,loaf,sugar loaf .,a loaf of cheese .,1,230
carry,carry,you must carry your camping gear .,amanda carried the package .,1,231
sum,sum,the sum of all our troubles did not equal the misery they suffered .,the sum of forty pounds .,0,232
see,see,he is blind -- he can not see .,i saw him laughing .,1,233
hit,hit,the temperature could hit 110 f tomorrow .,the movie hits theaters in december .,1,234
cut,cut,she cut the deck for a long time .,soap cuts grease .,0,235
work,work,mastering a second language requires a lot of work .,he arrived at work early today .,0,236
experience,experience,he recalled the experience vividly .,it was an experience he would not soon forget .,1,237
take,take,i used to take the sunday times .,take action .,0,238
focus,focus,please focus on your studies and not on your hobbies .,we focused on it .,1,239
thread,thread,a thread of smoke climbed upward .,from the air the road was a grey thread .,1,240
cut,cut,she cut the deck for a long time .,cut a disk .,0,241
come,come,come into contact with a terrorist group .,the shoes came untied .,1,242
coordinate,coordinate,coordinate his actions with that of his colleagues .,"coordinate the painters , masons , and plumbers .",1,243
place,place,your place or mine ?,if you were in my place what would you do ?,0,244
return,return,they set out on their return to the base camp .,i expect the house to be spotless upon my return .,1,245
law,law,there is a law against kidnapping .,"by law , one is not allowed to own a wallaby in new york city .",0,246
tumble,tumble,wash in warm water and tumble dry .,they tumbled the teams with no apparent pattern .,0,247
stream,stream,stream of consciousness .,two streams of development run through american history .,1,248
play,play,the play lasted two hours .,they made a futile play for power .,0,249
credit,credit,i give you credit for owning up to your mistake .,"he arrived five minutes late , but to his credit he did work an extra ten minutes at the end of his shift .",1,250
check,check,he paid all his bills by check .,he asked the waiter for the check .,0,251
drill,drill,"do n't drill here , there 's a gas pipe .",drill a small hole to start the screw in the right direction .,1,252
recognition,recognition,increasing recognition that diabetes frequently coexists with other chronic diseases .,a sudden recognition of the problem he faced .,1,253
remember,remember,can you remember her phone number ?,"i remember the concert clearly , but i ca n't recollect why i was there .",1,254
room,room,room to pass .,there was n't that much elbow room in the aircraft .,1,255
microprocessor,microprocessor,a disk drive contains a microprocessor to handle the internal functions of the drive .,a microprocessor functions as the central processing unit of a microcomputer .,1,256
piece,piece,it was a nice piece of work .,he needed a piece of granite .,0,257
move,move,to move in a matter .,she moved the queen closer to the centre of the board .,0,258
position,position,chief of staff is the second-highest position in the army .,atheists do not enjoy a favorable position in american life .,1,259
see,see,let 's see -- which movie should we see tonight ?,how nice to see you again !,0,260
head,head,his horse won by a head .,he is two heads taller than his little sister .,1,261
make,make,to make like a deer caught in the headlights .,"he made as if to punch him , but they both laughed and shook hands .",1,262
reduce,reduce,reduce an image .,reduce one 's standard of living .,0,263
work,work,he could not work the math problem .,this unpleasant situation is n't going to work itself out .,1,264
take,take,take an opportunity .,the escaped convict took to the hills .,0,265
pack,pack,you had better pack your swollen ankle with ice .,pack the faucet .,0,266
integrity,integrity,they admired his scrupulous professional integrity .,he expects to find in us the common honesty and integrity of men of business .,1,267
part,part,he wanted to feel a part of something bigger than himself .,the rear part of the house .,0,268
edge,edge,his voice had an edge to it .,she sat on the edge of the bed .,0,269
take,take,i take aspirin every day to thin my blood .,hitler took the baltic republics .,0,270
take,take,tomorrow the doctor will take the cast off her arm .,take the gun from your pocket .,1,271
create,create,you can create the color orange by mixing yellow and red .,the company was created 25 years ago .,1,272
be,be,i may be an hour .,when will the meeting be ?,0,273
touch,touch,the cooling touch of the night air .,this piano has a wonderful touch .,0,274
bum,bum,that mechanic 's a bum - he could n't fix a yo-yo .,a lazy bum .,1,275
pull,pull,pull one 's horse to a stand .,pull the ball .,0,276
catch,catch,did you catch a cold ?,the fashion did not catch .,0,277
see,see,we had to see a psychiatrist .,he saw action in viet nam .,0,278
make,make,make advances .,she 'll make a fine president .,0,279
realization,realization,a growing realization of the risk involved .,the victory was the realization of a whole year 's work .,0,280
know,know,it is vital that he not know .,she knew of our plan .,1,281
head,head,he stuck his head out the window .,they tracked him back toward the head of the stream .,0,282
touch,touch,he longed for the touch of her hand .,this room needs a woman 's touch .,0,283
fail,fail,where do today 's public schools fail ?,the attempt to rescue the hostages failed miserably .,1,284
stick,stick,stick the corner of the sheet under the mattress .,the friends stuck together through the war .,0,285
occupy,occupy,the young prince will soon occupy the throne .,he occupies two rooms on the top floor .,0,286
range,range,my students range from very bright to dull .,the instruments ranged from tuba to cymbals .,1,287
go,go,it 's your turn ; go .,"the gun went "" bang "" .",0,288
practice,practice,the practice of the law .,i took over his practice when he retired .,1,289
dress,dress,dress the windows .,marlene dressed herself .,0,290
meeting,meeting,they came together in a chance meeting on the way home from work .,next year the meeting will be in chicago .,1,291
fill,fill,do n't feed him any more : he 's had his fill .,she had heard her fill of gossip .,1,292
polish,polish,polish your social manners .,he polished up the chrome until it gleamed .,0,293
style,style,a cartilaginous style .,the anal styles of insects .,1,294
treat,treat,i like to treat myself to a day at a spa when i am depressed .,grandmother always treated us to the circus .,1,295
go,go,these luxuries all had to go under the khmer rouge .,this chair has got to go .,1,296
return,return,return to your native land .,the professor returned to his teaching position after serving as dean .,1,297
give,give,give thought to .,i gave two sons to the war .,0,298
school,school,he did n't miss a single day of school .,he walked to school every morning .,0,299
day,day,after that day she never trusted him again .,i 've been here for 2 days and a bit .,1,300
strike,strike,strike ` z ' on the keyboard .,the horse finally struck a pace .,0,301
make,make,make a cake .,he made twenty bucks playing poker last night .,0,302
break,break,break a branch from a tree .,the business partners broke over a tax question .,0,303
academy,academy,the academy of music .,the american academy of arts and sciences .,0,304
head,head,i 've got to go to the head .,this song keeps going through my head .,0,305
keep,keep,keep appointments .,we kept to the original conditions of the contract .,1,306
ground,ground,they fought to regain the lost ground .,the worm crawls through the ground .,0,307
spread,spread,they put out quite a spread .,the spread between lending and borrowing costs .,0,308
lob,lob,lob the tennis ball .,the guard lobbed a pass just over the defender .,1,309
draw,draw,draw a conclusion .,the doctors drew medical supplies from the hospital 's emergency bank .,0,310
fall,fall,the hills around here fall towards the ocean .,his eyes fell .,0,311
business,business,we do business all over the world .,he bought his brother 's business .,0,312
buildup,buildup,i envied his rapid buildup of assets .,a military buildup in preparation for the invasion .,1,313
object,object,the sole object of her trip was to see her children .,the object of the verb .,0,314
catch,catch,catch one 's breath .,catch some sleep .,1,315
order,order,it was on the order of a mile .,law and order .,0,316
replace,replace,the insurance will replace the lost income .,he replaced the old razor blade .,1,317
breath,breath,his sour breath offended her .,the child 's breath came quickly and unevenly .,0,318
break,break,break the code .,break a branch from a tree .,0,319
run,run,the horse will run the preakness next year .,i 'm not ready to run a marathon .,1,320
hand,hand,his hand was illegible .,a good hand .,1,321
shock,shock,he had an unruly shock of black hair .,the train hit the buffers with a great shock .,0,322
piece,piece,he 's packin ' a piece !,he needed a piece of granite .,0,323
coordinate,coordinate,coordinate our efforts .,coordinate his actions with that of his colleagues .,1,324
assume,assume,mr. jones will assume the position of a lifeguard until a proper replacement is found .,the queen assumed the stately robes .,0,325
shock,shock,subjects received a small electric shock when they made the wrong response .,it came as a shock to learn that he was injured .,0,326
end,end,the end of the year .,one end of the box was marked ` this side up ' .,0,327
quality,quality,this school is well-known for having teachers of high quality .,"quality of life is usually determined by health , education , and income .",1,328
cast,cast,who cast this beautiful movie ?,cast a vote .,0,329
get,get,we 'll get them !,she did n't get the joke .,0,330
hold,hold,to hold true .,hold that position behind the trees !,0,331
pay,pay,crime does n't pay .,it pays to go through the trouble .,1,332
smile,smile,she had a smile on her face .,he always puts a smile on my face .,1,333
age,age,it 's been an age since we last saw you .,it was replaced because of its age .,1,334
glimpse,glimpse,from the window he could catch a glimpse of the lake .,"i only got a glimpse of the car , so i can tell you the colour but not the registration number .",0,335
open,open,open a business .,the door opened .,0,336
product,product,that store offers a variety of products .,the product of 2 and 3 is 6 .,0,337
change,change,she brought a change in her overnight bag .,the product is undergoing a change in order to improve it .,0,338
lie,lie,do n't lie to your parents .,the snow lies on the roof .,0,339
demand,demand,i demand an explanation .,this position demands a lot of personal sacrifice .,0,340
art,art,he said that architecture is the art of wasting space beautifully .,how great thou art !,0,341
line,line,a dedicated line .,the letter consisted of three short lines .,0,342
check,check,please check each name on the list .,she checked for an instant and missed a step .,0,343
lead,lead,a good lead for a job .,they did n't follow our lead .,0,344
get,get,the operator could n't get kobe because of the earthquake .,what did you get at the toy store ?,0,345
roll,roll,roll your hair around your finger .,the thunder rolled .,0,346
invitation,invitation,she threw the invitation away .,she was an invitation to trouble .,0,347
figure,figure,he cut a fine figure .,he cut a sorry figure standing there in the rain .,1,348
go,go,this violinist is as good as juilliard-trained violinists go .,it 's your turn ; go .,0,349
chromosome,chromosome,humans have 22 chromosome pairs plus two sex chromosomes .,there have been documented cases of morphologically male transgenders having xx chromosomes .,1,350
action,action,the union action of emancipating southern slaves .,recent federal action undermined the segregationist position .,1,351
drift,drift,drift the cattle herds westwards .,the balloon was drifting in the breeze .,0,352
work,work,this old radio does n't work anymore .,this pilot works the controls .,0,353
coverage,coverage,the enemy fire is increasing – can we get some immediate coverage from those bunkers ?,there are overlapping coverages on your insurance policies .,1,354
raise,raise,raise cain .,raise the roof .,1,355
lift,lift,lift an embargo .,lift potatoes .,0,356
chain,chain,the third link of the silver chain needs to be resoldered .,the chain of command .,1,357
number,number,the number of parameters is small .,he had a number of chores to do .,1,358
know,know,i know that i left the key on the table .,galileo knew that the earth moves around the sun .,1,359
crash,crash,let 's crash the party !,the economy crashed .,0,360
one,one,this is the one i ordered .,he is the best one .,1,361
distance,distance,if that happens it will be at some distance in the future .,at a distance of ten years he had forgotten many of the details .,1,362
rub,rub,rub oil into her skin .,the cat rubbed itself against my leg .,1,363
draw,draw,draw a conclusion .,i draw a line here .,1,364
dress,dress,we had to dress quickly .,marlene dressed the baby .,1,365
quality,quality,the quality of students has risen .,"quality of life is usually determined by health , education , and income .",1,366
patch,patch,a cabbage patch .,does n't that patch of clouds looks like a bunny ?,0,367
swing,swing,the soccer player began to swing at the referee .,this action swung many votes over to his side .,0,368
gather,gather,gather some stones .,"if you want to emphasise the shape , it is possible to gather the waistline .",0,369
narrowness,narrowness,the attraction of the book is precisely its narrowness of focus .,frustrated by the narrowness of people 's horizons .,1,370
number,number,in english the subject and the verb must agree in number .,i hope to become one of their number before i die .,0,371
pay,pay,you 'll pay for this !,you 'll pay for this opinion later .,1,372
rub,rub,rub my hands .,rub oil into her skin .,1,373
run,run,the defensive line braced to stop the run .,the team enjoyed a brief run of victories .,0,374
touch,touch,"can he reach ? "" "" the chair must not touch the wall .",their hands touched .,0,375
advance,advance,can you advance me some money ?,to advance one 's interests .,0,376
form,form,sculpture is a form of art .,"to apply for the position , complete the application form .",0,377
go,go,messages must go through diplomatic channels .,the speech has to go through several more drafts .,0,378
finish,finish,his best finish in a major tournament was third .,it was a fight to the finish .,0,379
head,head,a reduction in the assessment per head of sheep .,he was at the head of the column .,0,380
range,range,he dreamed of a home on the range .,they used to drive the cattle across the open range every spring .,1,381
run,run,run a new program on the mac .,do n't run that software unless you have permission . ' .,1,382
land,land,they come from a faraway land .,he returned to the land of his birth .,0,383
break,break,nobody can break out -- this prison is high security .,three inmates broke jail .,1,384
reduce,reduce,reduce a problem to a single question .,reduce one 's standard of living .,0,385
bank,bank,the pilot had to bank the aircraft .,bank a fire .,0,386
splash,splash,i heard a splash when the rock landed in the pond .,he made a great splash and then disappeared .,0,387
check,check,check the time of the class .,check the oil in your car once a month .,0,388
give,give,give the orders .,the french doors give onto a terrace .,0,389
develop,develop,develop land .,the country developed its natural resources .,1,390
rearrange,rearrange,please rearrange these files .,rearrange the furniture in my room .,1,391
art,art,art does not need to be innovative to be good .,it 's quite an art .,0,392
see,see,i went to see my friend mary the other day .,this program will be seen all over the world .,0,393
business,business,show me where the business was today .,business has been slow lately .,1,394
carry,carry,put down 5 and carry 2 .,this paper carries a restaurant review .,0,395
sing,sing,i really want to sing in the school choir . said vera .,my brother sings very well .,1,396
job,job,the job of repairing the engine took several hours .,i 've got a job for you - could you wash the dishes ?,1,397
give,give,give a course .,she gave the boy a good spanking .,0,398
time,time,we had a wonderful time at the party .,i did n't have time to finish .,0,399
title,title,he looked for books with the word ` jazz ' in the title .,i can never remember movie titles .,1,400
exercise,exercise,some parents exercise their infants .,this puzzle will exercise your mind .,1,401
carry,carry,these bonds carry warrants .,the restaurant carries an unusual name .,1,402
language,language,he recorded the spoken language of the streets .,he uttered harsh language .,1,403
track,track,track a missile .,i tracked prints .,0,404
polish,polish,polish my shoes .,he polished up the chrome until it gleamed .,1,405
product,product,this is a product of lime and nitric acid .,his reaction was the product of hunger and fatigue .,0,406
come,come,come into the room .,the first success came three days later .,0,407
check,check,check the brakes .,i will check up on the car tomorrow .,1,408
control,control,the control condition was inappropriate for the conclusions he wished to draw .,i turned the controls over to her .,0,409
give,give,give priority to .,the french doors give onto a terrace .,0,410
call,call,he heard the phone ringing but did n't want to take the call .,he placed a phone call to london .,1,411
move,move,we must move quickly .,"come on guys , let 's move : there 's work to do !",1,412
know,know,i know the feeling !,have you ever known hunger ?,1,413
hegemony,hegemony,the consolidation of the united states ' hegemony over a new international economic system .,to say they have priority is not to say they have complete hegemony .,1,414
float,float,float the plaster .,the balloon floated off into the distance .,0,415
make,make,make a move .,they make a cute couple .,0,416
play,play,play a hooked fish .,he played $ 20 on the new horse .,0,417
get,get,where did she get these news ?,you can not get water out of a stone .,1,418
run,run,his daily run keeps him fit .,he broke into a run .,1,419
know,know,"i know your mother , but i 've never met your father .",i know this voice !,1,420
practice,practice,i took over his practice when he retired .,it is not the local practice to wear shorts to dinner .,0,421
inwardness,inwardness,"inwardness is what an englishman quite simply has , painlessly , as a birthright .","socrates ' inwardness , integrity , and inquisitiveness""- h.r.finch .",0,422
admit,admit,to admit a serious thought into the mind .,to admit evidence in the trial of a cause .,1,423
date,date,his date never stopped talking .,we have n't heard from them to date .,0,424
feast,feast,we had a feast to celebrate the harvest .,the thanksgiving feast .,0,425
section,section,a section of a fishing rod .,the finance section of the company .,0,426
tramp,tramp,a homeless tramp .,the tramp of military boots .,0,427
life,life,the battery had a short life .,he lived a long and happy life .,1,428
make,make,make an estimate .,can you make me an omelette ?,0,429
run,run,the sale will run for ten days .,they ran twenty blood tests on me and they still do n't know what 's wrong .,0,430
break,break,break the cycle of poverty .,the first winter storm broke over new york .,0,431
notice,notice,a notice of sale .,"he took no notice of the changes , and went on as though nothing had happened .",0,432
tomorrow,tomorrow,everyone hopes for a better tomorrow .,tomorrow 's world .,1,433
break,break,break a promise .,the surf broke .,0,434
master,master,a master of the violin .,one of the old masters .,1,435
mixture,mixture,he drank a mixture of beer and lemonade .,a gradual mixture of cultures .,0,436
keep,keep,can i keep my old stuffed animals ?,keep smiling .,0,437
cut,cut,the glass from the shattered windshield cut into her forehead .,the new tooth is cutting .,0,438
suffer,suffer,i 've been suffering your insults for years .,he suffered the penalty .,1,439
call,call,he placed a phone call to london .,i received several phone calls today .,1,440
service,service,service my truck .,the washing machine needs to be serviced .,1,441
break,break,i had to break a $ 100 bill just to buy the candy .,his voice is breaking -- he should no longer sing in the choir .,0,442
make,make,make one 's way into the forest .,make yourself clear .,0,443
turn,turn,turn cartwheels .,turn a somersault .,1,444
emission,emission,the emission of heat from a fire .,the emission was mostly blood .,0,445
catch,catch,i have some free time tonight so i think i 'll catch a movie .,the fashion did not catch .,0,446
repair,repair,to repair a shattered fortune .,to repair to sanctuary for safety .,0,447
excuse,excuse,he 's a sorry excuse of a doctor .,he had to get his mother to write an excuse for him .,0,448
touch,touch,the local mafia wo n't touch gambling .,are you all right ? you 've hardly touched your lunch .,0,449
dent,dent,it made a dent in my bank account .,the crash produced a dent in the left side of the car .,0,450
keep,keep,where do you keep your gardening tools ?,these potatoes keep for a long time .,0,451
patch,patch,a cabbage patch .,a briar patch .,1,452
take,take,take a risk .,i 'll take that plate off the table .,0,453
see,see,i want to see whether she speaks french .,i saw their laughing and joking .,0,454
place,place,he overstepped his place .,it is really not my place to say what is right and wrong in this case .,1,455
hold,hold,the general ordered the colonel to hold his position at all costs .,he held the governorship for almost a decade .,0,456
break,break,the break in the eighth frame cost him the match .,they hoped to avoid a break in relations .,0,457
line,line,in line with .,he got out of line .,1,458
head,head,under the head of minor roman poets .,the head of the hammer .,0,459
come,come,come into the room .,come down here !,1,460
run,run,the team enjoyed a brief run of victories .,"yesterday we did a run of 12,000 units .",0,461
take,take,how should i take this message ?,"looking at him as he came into the room , i took him for his father .",1,462
grain,grain,he does not have a grain of sense .,a grain of sand .,0,463
strike,strike,we must strike the enemy 's oil fields .,"in the fifth inning , the giants struck , sending three runners home to win the game 5 to 2 .",1,464
fill,fill,fill a container .,the liquid fills the container .,0,465
summer,summer,we like to summer in the mediterranean .,we summered in kashmir .,1,466
way,way,i felt the same way .,that 's the way it is .,1,467
party,party,the green party took 12 % of the vote .,in 1992 perot tried to organize a third party at the national level .,1,468
reproduction,reproduction,unauthorized reproduction of this article is prohibited .,gutenberg 's reproduction of holy texts was far more efficient .,1,469
leak,leak,a leak in a boat .,a leak in a roof .,1,470
grain,grain,a grain of salt .,a grain of sand .,1,471
multiply,multiply,he managed to multiply his profits .,"he had been multiplying , but it occurred to him he needed to resolve the exponents , first .",1,472
baby,baby,it was great to feel my baby moving about inside .,i felt healthy and very feminine carrying the baby .,1,473
see,see,you should see a lawyer .,we had to see a psychiatrist .,1,474
term,term,he left school before the end of term .,he was sentenced to a term of six years in prison .,1,475
get,get,she did n't get his name when they met the first time .,her childish behavior really get to me .,0,476
rest,rest,"now that we 're all in agreement , we can put that issue to rest .",the boulder came to rest just behind the house after rolling down the mountain .,1,477
push,push,he gave the door a hard push .,the push of the water on the walls of the tank .,0,478
heat,heat,heat the house .,heat the water on the stove .,0,479
draw,draw,draw a conclusion .,"she drew $ 2,000 from the account .",0,480
fall,fall,fall into a trap .,the barometer is falling .,0,481
frequency,frequency,the frequency of modulation was 40 cycles per second .,the frequency of his seizures increased as he grew older .,1,482
head,head,they were at the head of the attack .,the head of the column advanced boldly .,1,483
take,take,how should i take this message ?,he was often taken to be a man of means .,1,484
size,size,that 's the size of the situation .,a wolf is about the size of a large dog .,0,485
drill,drill,drill for oil .,drill a small hole to start the screw in the right direction .,1,486
stand,stand,"here i stand , wondering what to do next .",there stood on the corner a statue .,0,487
communicate,communicate,i feel i hardly know him ; i just wish he 'd communicate with me a little more .,do you communicate well with your advisor ?,1,488
third,third,he ate a third of the pie .,a simple harmony written in major thirds .,1,489
blip,blip,renewed jitters in the wake of a blip in retail sales .,you ca n't react to the day-to-day blips .,1,490
reason,reason,the reason that war was declared .,they had good reason to rejoice .,0,491
book,book,many readers find the first book of a tale of two cities to be confusing .,genesis is the first book of the bible .,1,492
cut,cut,cut orders .,cut a caper .,0,493
wash,wash,can you wash away the spots on the windows ?,he washed the dirt from his coat .,1,494
length,length,a length of tubing .,a length of timber .,1,495
occasion,occasion,an occasion arranged to honor the president .,there was no occasion for complaint .,0,496
draw,draw,"at the start of their turn , each player must draw a card .",the session was drawn to a close .,0,497
speak,speak,they speak a strange dialect .,although i do n't speak chinese i managed to talk with the villagers using signs and gestures .,1,498
come,come,these shoes come in three colors .,he came through the door .,0,499
run,run,let the dogs run free .,she runs around telling everyone of her troubles .,1,500
baby,baby,baby rabbits .,when is your baby due ?,1,501
space,space,they stopped at an open space in the jungle .,it all happened in the space of 10 minutes .,0,502
turn,turn,turn the legs of the table .,people turn to mysticism at the turn of a millennium .,0,503
beg,beg,i beg your pardon . i did n't mean to cause offence .,i begged to come .,1,504
set,set,set up an experiment .,the moon sets at eight o'clock tonight .,0,505
sale,sale,laws limit the sale of handguns .,they tried to boost sales .,1,506
patch,patch,patch the skirt .,the field was patched with snow .,0,507
carry,carry,we carry a very large mortgage .,how many credits is this student carrying ?,1,508
center,center,his stories made him the center of the party .,they had to reinforce the center .,0,509
drive,drive,can you drive this four-wheel truck ?,what are you driving at ?,0,510
run,run,the crowd had to run away from the burning structure with only the clothes on their backs .,she ran her fingers along the carved figurine .,0,511
figure,figure,he cut a sorry figure standing there in the rain .,a heroic figure .,1,512
work,work,do you want to work after the age of 60 ?,he works his parents for sympathy .,0,513
place,place,he put the lamp back in its place .,he has a special place in my thoughts .,0,514
fire,fire,fire a bullet .,fire a gun .,1,515
study,study,he knocked lightly on the closed door of the study .,he is a quick study .,0,516
degree,degree,a remarkable degree of frankness .,most humans have a field of vision of almost 180 degrees .,0,517
body,body,"penny was in the scullery , pressing the body of her new dress .",they moved their arms and legs and bodies .,1,518
mean,mean,the sky is red this morning — does that mean we 're in for a storm ?,an example sentence would show what this word means .,1,519
field,field,she will field questions immediately after her presentation .,the lawyer fielded all questions from the press .,1,520
stretch,stretch,i was right in the middle of a stretch when the phone rang .,there were stretches of boredom .,0,521
market,market,before they publish any book they try to determine the size of the market for it .,we believe that the market for the new widget is the older homeowner .,1,522
level,level,you can level the table by turning the pads that screw into the feet .,the building was levelled .,1,523
keep,keep,keep count .,keep appointments .,0,524
left,left,the political left is not holding enough power .,jab with your left .,0,525
baby,baby,when is your baby due ?,the baby of the family .,0,526
make,make,to make like a deer caught in the headlights .,he will make a splendid father !,0,527
run,run,run a temperature .,let the dogs run free .,0,528
fatigue,fatigue,he was suffering from museum fatigue .,political fatigue .,1,529
hegemony,hegemony,to say they have priority is not to say they have complete hegemony .,the hegemony of a single member state is not incompatible with a genuine confederation .,1,530
mean,mean,i did n't mean to knock your tooth out .,i mean to go to baddeck this summer .,1,531
area,area,the area of a rectangle .,the spacious cooking area provided plenty of room for servants .,0,532
tumult,tumult,the tumult of the elements .,the tumult of the spirits or passions .,1,533
agonist,agonist,when bending the elbow the biceps are the agonist .,when bending the elbow the biceps are the agonist .,1,534
paste,paste,paste the sign on the wall .,cut and paste the sentence in the text .,1,535
draw,draw,draw on a cigarette .,draw wire .,0,536
carry,carry,i always carry money .,the troops carried the town after a brief fight .,0,537
night,night,from noon till night .,the cat disappeared into the night .,0,538
make,make,make a mistake .,this invention will make you a millionaire .,0,539
make,make,a good review by this critic will make your play !,this company is what made you .,1,540
mince,mince,butchers often use machines to mince meat .,mince the garlic .,1,541
water,water,"he showed me the river of living water , sparkling like crystal , flowing from the throne of god .",he asked for a drink of water .,0,542
ride,ride,i ride to work in a bus .,ship rides at anchor .,0,543
sectarianism,sectarianism,he condemned religious sectarianism .,they were discussing sectarianism between shias and sunnis .,1,544
quality,quality,"the quality of mercy is not strained ""-- shakespeare .","security , stability , and efficiency are good qualities of an operating system .",1,545
appearance,appearance,it was bernhardt 's last appearance in america .,david beckham 's first appearance with the la galaxy at giants stadium against the new york red bulls last night drew a crowd of 66237 .,1,546
put,put,he put all his efforts into this job .,the teacher put an interesting twist to the interpretation of the story .,1,547
opening,opening,a salamander darted out of an opening in the rocks .,the opening received good critical reviews .,0,548
begin,begin,you can not even begin to understand the problem we had to deal with during the war .,the semester begins with a convocation ceremony .,0,549
play,play,play with her feelings .,he plays on three teams .,0,550
treatment,treatment,the change is due largely to the increased availability of antiretroviral treatment .,a treatment or cure is applied after a medical problem has already started .,1,551
serve,serve,they serve a restricted role on the bench .,the minister served the king for many years .,0,552
work,work,work stone into tools .,how does your idea work in practice ?,0,553
shade,shade,after several trials he mixed the shade of pink that she wanted .,i 've painted my room in five lovely shades of pink and chartreuse .,1,554
get,get,we 'll get them !,he got his arm broken in the scuffle .,0,555
child,child,go easy on him : he is but a child .,she writes books for children .,1,556
make,make,to make like a deer caught in the headlights .,this wool makes into a nice sweater .,0,557
beachhead,beachhead,the germans were desperately trying to contain the anzio beachhead .,the town became a beachhead in the campaign to ban smoking outdoors .,0,558
priority,priority,national independence takes priority over class struggle .,he set his e-mail message 's priority to high .,1,559
leave,leave,a ten day 's leave to visit his mother .,might i beg leave to accompany you ?,0,560
beat,beat,the boat beat in the strong wind .,i beat the traffic .,0,561
wall,wall,a wall of prejudice .,a wall of water .,1,562
movement,movement,the movement of cargo onto the vessel .,he had a bowel movement .,0,563
do,do,what will you do this afternoon ?,a ' b ' grade does n't suffice to get me into medical school .,0,564
line,line,the line of soldiers advanced with their bayonets fixed .,he has a smooth line but i did n't fall for it .,0,565
ground,ground,they gained ground step by step .,they fought to regain the lost ground .,1,566
behave,behave,do n't behave like a fool .,the children must learn to behave .,0,567
school,school,the whole school turned out for the game .,he did n't miss a single day of school .,0,568
place,place,a political system with no place for the less prominent groups .,he has a special place in my thoughts .,1,569
see,see,i can see a risk in this strategy .,we went to see the eiffel tower in the morning .,0,570
break,break,i had to break a $ 100 bill just to buy the candy .,someone broke in while i was on vacation .,0,571
give,give,can you give me lessons ?,i gave my coat to the beggar .,1,572
feel,feel,i can feel the sadness in his poems .,he felt his flesh crawl .,0,573
cut,cut,the vietnamese cut a lot of timber while they occupied cambodia .,cut recording tape .,0,574
treatment,treatment,the change is due largely to the increased availability of antiretroviral treatment .,cancer survivors who got radiation treatments as children have nearly twice the risk of developing diabetes as adults .,1,575
notice,notice,a notice of sale .,an obituary notice .,1,576
rest,rest,rest assured .,the blame seems to rest with your father .,1,577
line,line,he has a smooth line but i did n't fall for it .,toe the line .,0,578
source,source,he spent hours looking for the source of that quotation .,the accused refused to reveal the source of the illegal drugs she was selling .,0,579
have,have,have a feeling .,what do we have here ?,0,580
head,head,the beer had a large head of foam .,the head of the compass needle is pointing due north .,0,581
turn,turn,turn the corner .,the water turned into ice .,0,582
levy,levy,levy a fine .,to levy a tax .,1,583
time,time,they had a good time together .,we had a wonderful time at the party .,1,584
head,head,200 head of cattle .,this song keeps going through my head .,0,585
see,see,how nice to see you again !,"they 're blind to the damage they do , but someday they 'll see .",1,586
render,render,to render latin into english .,render the town to the enemy .,0,587
start,start,we simply could not start the engine .,start a foundation .,0,588
case,case,it may rain in which case the picnic will be canceled .,a window case .,0,589
text,text,they handed out the printed text of the mayor 's speech .,there were more than a thousand words of text .,1,590
cup,cup,he drank a cup of coffee .,he borrowed a cup of sugar .,1,591
give,give,give a course .,give a gulp .,0,592
put,put,put these words to music .,put money into bonds .,0,593
number,number,every number has a unique position in the sequence .,he has an unlisted number .,0,594
draw,draw,draw a weapon .,the president 's comments drew sharp criticism from the republicans .,0,595
carry,carry,these pipes carry waste water into the river .,amanda carried the package from home to new york .,1,596
stay,stay,i can only stay for an hour .,"after the trial period , she was asked to stay on and work full-time .",0,597
roll,roll,roll your hair around your finger .,the ball rolled down the hill .,0,598
spell,spell,he cast a spell to cure warts .,he whispered a spell as he moved his hands .,1,599
stop,stop,his next stop is atlanta .,they agreed to see each other at the bus stop .,1,600
optimization,optimization,to promote the optimization and diversification of agricultural products .,in an optimization problem we seek values of the variables that lead to an optimal value of the function that is to be optimized .,1,601
cut,cut,cut paper dolls .,cut a nice figure .,0,602
smile,smile,he always puts a smile on my face .,she 's got a perfect smile .,1,603
range,range,range of motion .,the army maintains a missile range in the desert .,0,604
trust,trust,the doctor-patient relationship is based on trust .,he betrayed their trust .,0,605
draw,draw,draw parallels .,he drew an elaborate plan of attack .,0,606
roll,roll,i want to get there early ; let 's roll .,the cameras were rolling .,1,607
make,make,make a mess in one 's office .,"he made as if to punch him , but they both laughed and shook hands .",0,608
carry,carry,we carry a very large mortgage .,his efforts carried the entire project .,1,609
go,go,do you think the sofa will go through the door ?,the belt just barely went around his waist .,0,610
connect,connect,the new railroad will connect the northern part of the state to the southern part .,my computer connected to his computer .,1,611
habit,habit,she had a habit twirling the ends of her hair .,a shrub of spreading habit .,0,612
fall,fall,fall asleep .,they fell out of favor .,1,613
come,come,come into the room .,come out of the closet !,1,614
beat,beat,he danced hypnotically while she beat the atabaque .,reading beats watching television .,0,615
course,course,if you persist in that course you will surely fail .,once a nation is embarked on a course of action it becomes extremely difficult for any retraction to take place .,1,616
work,work,i can not work a miracle .,can you work an electric drill ?,0,617
head,head,head the fish .,this student heads the class .,0,618
see,see,see a movie .,this program will be seen all over the world .,1,619
break,break,this play will either make or break the playwright .,the figurine broke .,0,620
draw,draw,draw on a cigarette .,draw a deep breath .,1,621
keep,keep,keep food for a week in the pantry .,i always keep batteries in the freezer .,1,622
set,set,set this poem to music .,to set pear trees in an orchard .,0,623
put,put,he put all his efforts into this job .,put these words to music .,0,624
fire,fire,hold your fire until you can see the whites of their eyes .,barbecue over an open fire .,0,625
beauty,beauty,brigitte bardot was a renowned beauty .,his roses were beauties .,0,626
drive,drive,he took the family for a drive in his new car .,a variable speed drive permitted operation through a range of speeds .,0,627
fabric,fabric,the fabric of our lives .,the fabric of the universe .,1,628
vehicle,vehicle,his editorials provided a vehicle for his political views .,the play was just a vehicle to display her talents .,1,629
run,run,my computer is too old to run the new os .,run the dishwasher .,1,630
boy,boy,the baby was a boy .,most soldiers are only boys in uniform .,1,631
copy,copy,catastrophes make good copy .,she made a copy of the designer dress .,0,632
drop,drop,there is not a drop of pity in that man .,put three drops of oil into the mixture .,1,633
pull,pull,pull a horse .,pull weeds .,0,634
convert,convert,could you convert my dollars into pounds ?,smith converted and his team won .,0,635
make,make,make a phone call .,make one 's way into the forest .,0,636
prove,prove,prove a will .,the exception proves the rule .,0,637
top,top,only the top side of the box was painted .,put your books on top of the desk .,1,638
top,top,top the evening with champagne .,top and tail the carrots .,0,639
allow,allow,to allow a son to be absent .,mandela was allowed few visitors in prison .,0,640
sex,sex,we had sex in the back seat .,all you ever think about is sex .,1,641
avoid,avoid,her former friends now avoid her .,we avoided the area .,1,642
cut,cut,she could not cut the long days in the office .,his opponent cut upward toward his chin .,0,643
come,come,nothing good will come of this .,his breath came hard .,0,644
make,make,we should make cincinnati by 7 tonight .,she was made president of the club .,0,645
floor,floor,the pit floor showed where a ring of post holes had been .,the room has a wooden floor .,0,646
swing,swing,swing forward .,this action swung many votes over to his side .,0,647
head,head,200 head of cattle and 50 head of horses .,a head of steam .,0,648
take,take,i take it you 're not going ?,i estimate the trip will take about ten minutes .,0,649
play,play,play the stock market .,who 's playing now ?,0,650
heart,heart,in your heart you know it is true .,you have n't got the heart for baseball .,0,651
pull,pull,pull the oars .,pull the trigger of the gun .,0,652
number,number,the number of parameters is small .,i hope to become one of their number before i die .,0,653
pay,pay,it will pay to wait .,you 'll pay for this opinion later .,0,654
wear,wear,wear one 's hair in a certain way .,he always wears a smile .,0,655
tap,tap,tap one 's memory .,tap a source of money .,1,656
hold,hold,she can hold an audience spellbound .,"hold this bowl for a moment , please .",0,657
period,period,in england they call a period a stop .,picasso 's blue period .,0,658
pull,pull,you 'll be sent home if you pull another stunt like that .,pull a bank robbery .,1,659
go,go,messages must go through diplomatic channels .,get going !,0,660
play,play,play sports .,play cards .,1,661
sequence,sequence,the sequence of names was alphabetical .,he invented a technique to determine the sequence of base pairs in dna .,1,662
apparition,apparition,the sudden apparition of the spaniards . – william h. prescott .,natives were amazed at the apparition of this white stranger .,1,663
press,press,this guy can press 300 pounds .,press a record .,0,664
treat,treat,she was tempted to treat the whole affair as a joke .,you treated me like a fool .,1,665
hand,hand,the hired hand fixed the railing .,a ranch hand .,1,666
turn,turn,turn your palm this way .,turn the clay on the wheel .,0,667
make,make,make lead into gold .,we barely made the plane .,0,668
apology,apology,he wrote a letter of apology to the hostess .,"what he said really hurt my feelings , but his apology sounded so sincere that i could n't help but forgive him .",1,669
avoid,avoid,her former friends now avoid her .,i try to avoid the company of gamblers .,1,670
take,take,i estimate the trip will take about ten minutes .,tomorrow the doctor will take the cast off her arm .,0,671
face,face,turn and face your partner now .,"the bunkers faced north and east , toward germany .",0,672
fall,fall,the line of men fall forward .,the most difficult task fell on the youngest member of the team .,0,673
foot,foot,curled up on the foot of the bed .,the foot of the mountain .,1,674
order,order,magnolias belong to the order magnoliales .,it was on the order of a mile .,0,675
time,time,the time of year for planting .,this time he succeeded .,0,676
point,point,they sailed south around the point .,a row of points .,0,677
chain,chain,this led to an unfortunate chain of events .,the chain of command .,1,678
make,make,make merry .,she makes like an actress .,0,679
rest,rest,the ocean was finally at rest .,he threw away the rest .,0,680
block,block,a block of stone .,the pyramids were built with large stone blocks .,1,681
turn,turn,turn on the spot .,he turned traitor .,0,682
fall,fall,the line of men fall forward .,light fell on her face .,0,683
boss,boss,he is the republican boss in kentucky .,party bosses have a reputation for corruption .,1,684
stop,stop,it came to a stop at the bottom of the hill .,his next stop is atlanta .,0,685
clean,clean,clean grain before milling it .,clean the spots off the rug .,0,686
register,register,her surprise did not register .,register for an election .,0,687
time,time,it is time to go .,at what times do the trains arrive ?,1,688
play,play,i used to play with trucks as a little girl .,they played long and hard .,1,689
make,make,make enemies .,he made a fool of himself at the meeting .,0,690
break,break,"if the vase falls to the floor , it might break .",the flat plain was broken by tall mesas .,0,691
station,station,the train pulled into the station .,he started looking for a gas station .,1,692
describe,describe,"the feeling is difficult to describe , but not unpleasant .",discreet italian police described it in a manner typically continental .,1,693
give,give,can i give you my keys while i go in the pool ?,she gave me a dirty look .,0,694
call,call,call a football game .,she was called into the director 's office .,0,695
voice,voice,after the fire a still small voice . — 1 kings 19:12 .,conservatism has many voices .,0,696
pull,pull,pull the string gently .,pull the trigger of the gun .,1,697
draw,draw,"at the start of their turn , each player must draw a card .",she drew an elephant .,0,698
show,show,he bet $ 2 on number six to show .,the car 's dull finish showed years of neglect .,0,699
fire,fire,they retreated in the face of withering enemy fire .,hold your fire until you can see the whites of their eyes .,1,700
work,work,this old radio does n't work anymore .,the vintner worked the wine in big oak vats .,0,701
rhythm,rhythm,the piece has a fast rhythm .,"we walked with a quick , even rhythm .",1,702
deal,deal,he 's a master of the business deal .,it was a package deal .,1,703
opening,opening,the opening received good critical reviews .,the opening of his arms was the sign i was waiting for .,0,704
race,race,let 's race and see who gets there first .,"i raced him to the car , but he was there first , so he got to ride shotgun .",1,705
work,work,can you work an electric drill ?,work the metal into a sword .,0,706
position,position,chief of staff is the second highest position in the army .,the position of the hands on the clock .,0,707
fatigue,fatigue,he was suffering from museum fatigue .,after watching tv with her husband she had a bad case of football fatigue .,1,708
see,see,now i see !,can you see the bird in that tree ?,0,709
round,round,there was a round of applause .,they brought us a round of drinks about every thirty minutes .,0,710
stick,stick,the policy so far is all stick and no carrot .,fever left him weak on his sticks .,0,711
light,light,can you shed light on this problem ?,put that light out !,0,712
use,use,we only use spanish at home .,i ca n't use this tool .,1,713
softness,softness,softness is not something permitted of good leaders .,orders have recently picked up after a period of extreme softness .,0,714
classify,classify,"should we classify "" make up "" as an idiom or as a phrasal verb ?",the curator classified the artifacts .,1,715
serve,serve,we serve meals for the homeless .,the president 's wisdom has served the country well .,0,716
center,center,he hit the ball to deep center .,his stories made him the center of the party .,0,717
head,head,be careful when you pet that dog on the head ; it may bite .,we will consider performance issues under the head of future improvements .,0,718
live,live,can you live on $ 2000 a month in new york city ?,the holocaust survivors have lived a nightmare .,0,719
admit,admit,the french doors admit onto the yard .,this pipe admits air .,0,720
bank,bank,he cashed a check at the bank .,he tried to break the bank at monte carlo .,0,721
air,air,air pollution .,there was a tension in the air which made me suspect an approaching storm .,1,722
pound,pound,pound the roots with a heavy flat stone .,my heart is pounding .,0,723
grip,grip,they kept a firm grip on the two top priorities .,it was an old briefcase but it still had a good grip .,0,724
draw,draw,"at the start of their turn , each player must draw a card .",draw a card .,1,725
fall,fall,fall into a trap .,fall asleep .,1,726
unemployment,unemployment,the rate of unemployment is an indicator of the health of an economy .,unemployment made jack depressed .,1,727
draw,draw,draw pulp from the fruit .,"to draw a memorial , a deed , or bill of exchange .",0,728
fall,fall,fall prey to an imposter .,the curtain fell on the diva .,0,729
light,light,can you shed light on this problem ?,do you have a light ?,0,730
work,work,this dough does not work easily .,work the raisins into the dough .,0,731
buy,buy,i 'm not going to buy your stupid excuses anymore !,i ca n't buy this story .,1,732
swing,swing,the soccer player began to swing at the referee .,he swung his left fist .,0,733
draw,draw,draw parallels .,a ship draws ten feet of water .,0,734
head,head,matters came to a head yesterday .,i 've got to go to the head .,0,735
come,come,your wish will come true .,next came the student from france .,0,736
play,play,play fair .,play games .,0,737
drive,drive,to drive sheep out of a field .,drive the forest .,0,738
hold,hold,he can hold his liquor .,this theory still holds .,0,739
clip,clip,i went into the salon to get a clip .,he could do ten at a clip .,0,740
pay,pay,pay attention .,he paid me 5000 pounds for the car .,0,741
light,light,put that light out !,the light of my life .,0,742
shot,shot,his parting shot was ` drop dead ' .,a good shot requires good balance and tempo .,0,743
carry,carry,you must carry your camping gear .,this train is carrying nuclear waste .,1,744
line,line,toe the line .,historians can only point out those lines for which evidence is available .,0,745
school,school,he walked to school every morning .,the school was built in 1932 .,1,746
play,play,play cards .,gielgud played hamlet .,0,747
take,take,take shelter from the storm .,take a test .,0,748
noise,noise,during the firework display that ended the gala the noise reached 98 decibels .,he enjoyed the street noises .,1,749
replace,replace,the insurance will replace the lost income .,this antique vase can never be replaced .,1,750
snap,snap,he gave his fingers a snap .,servants appeared at the snap of his fingers .,0,751
cover,cover,cover her face with a handkerchief .,cover the child with a blanket .,1,752
swing,swing,swing a bat .,his mood swings .,0,753
break,break,twigs break off of those branches easily .,"the newsman wanted to break a big story , something that would make him famous .",0,754
give,give,i 'm going to give my wife a necklace for her birthday .,give a course .,0,755
presence,presence,any painter can benefit from the presence of a live model from which to draw .,he tested for the presence of radon .,1,756
pay,pay,do n't pay him any mind .,pay attention .,1,757
carry,carry,he can not carry a tune .,amanda carried the package to new york .,0,758
voice,voice,after the fire a still small voice . — 1 kings 19:12 .,the voice of the law .,0,759
range,range,the plains lay just beyond the mountain range .,the valley was between two ranges of hills .,1,760
see,see,i do n't see the situation quite as negatively as you do .,i must see your passport before you can enter the country .,0,761
unravel,unravel,stop playing with the seam of the tablecloth ! you will unravel it .,mother could n't unravel the ball of wool after the cat had played with it .,1,762
make,make,make a mistake .,my wife made me buy a new sofa .,0,763
light,light,magoon 's governorship in cuba was viewed in a negative light by many cuban historians for years thereafter .,the light of my life .,1,764
stand,stand,we stand on common ground .,paris stands on the seine .,1,765
work,work,i will work hard to improve my grades .,he 's working in a bar .,1,766
see,see,i just ca n't see your point .,now i see !,1,767
turn,turn,"the hillside behind our house is n't generally much to look at , but once all the trees turn it 's gorgeous .",turn the earth in the spring .,0,768
do,do,we could do with a little more help around here .,we did 6 miles on our hike every day .,0,769
production,production,they improve their product every year ; they export most of their agricultural production .,they hope to increase spaghetti production next year .,1,770
interest,interest,in the common interest .,an interest in music .,0,771
body,body,a body of law .,a body of precedents .,1,772
difference,difference,it just wo n't make much of a difference to anyone .,it just wo n't make much difference to me .,1,773
give,give,give one 's talents to a good cause .,what gives ?,0,774
make,make,what do you make of his remarks ?,how much do you make a month in your new job ?,0,775
bull,bull,he was a bull of a man .,what he said was mostly bull .,0,776
fall,fall,the hills around here fall towards the ocean .,his voice fell to a whisper .,0,777
floor,floor,we spread our sleeping bags on the dry floor of the tent .,the fire spared the forest floor .,0,778
throw,throw,throw a shoe .,she threw herself forwards .,0,779
spot,spot,a bald spot .,the leopard is noted for the spots of color in its fur .,1,780
take,take,"can you take this bag , please .",take the case of china .,0,781
vault,vault,family members had been buried in the vault for centuries .,the bank kept their money safe in a large vault .,1,782
focus,focus,please focus on your studies and not on your hobbies .,we focused on what to do .,1,783
absence,absence,he visited during my absence .,absence makes the heart grow fonder .,0,784
credit,credit,that engineer is a credit to the team .,"if you do not come to class , you will not get credit for the class , regardless of how well you do on the final .",0,785
carry,carry,i carry her image in my mind 's eye .,his voice carried a lot of anger .,0,786
make,make,she may not make the grade .,i make the height about 100 feet .,0,787
defense,defense,he offered a persuasive defense of the theory .,the defense called for a mistrial .,0,788
catch,catch,did you catch a cold ?,"if he catches you on the chin , you 'll be on the mat .",0,789
line,line,"please speak up , the line is very faint .","i tried to make a call , but the line was dead .",1,790
line,line,i ca n't follow your line of reasoning .,the answer to the comprehension question can be found in the third line of the accompanying text .,0,791
get,get,what did you get at the toy store ?,get someone mad .,0,792
run,run,he can have the run of the house .,he has the run of the house .,1,793
cut,cut,cut class .,cut a caper .,0,794
check,check,a check on its dependability under stress .,he paid all his bills by check .,0,795
sense,sense,a keen musical sense .,in the best sense charity is really a duty .,0,796
say,say,what does the law say ?,she said ` hello ' to everyone in the office .,0,797
school,school,stay after school .,he did n't miss a single day of school .,1,798
turn,turn,turn a key .,"the hillside behind our house is n't generally much to look at , but once all the trees turn it 's gorgeous .",0,799
beg,beg,beg money and food .,beg the point in the discussion .,0,800
grace,grace,there but for the grace of god go i .,i 'm so grateful to god for the grace that he has given me .,1,801
thing,thing,i could n't tell what the thing was .,she has a thing about him .,0,802
connect,connect,this computer will connect well to the network .,these computers connected well together .,1,803
keep,keep,i can not keep track of all my employees .,i keep my specimens under glass to protect them .,0,804
beat,beat,beat one 's breast .,the eagle beat its wings and soared high into the sky .,0,805
hold,hold,he can hold his liquor .,the auditorium ca n't hold more than 500 people .,0,806
piece,piece,it is not known who created this piece .,she played two beautiful pieces on the piano .,0,807
make,make,make a wall of stones .,make a cake .,1,808
make,make,make clay into bricks .,make water into wine .,1,809
cut,cut,the vietnamese cut a lot of timber while they occupied cambodia .,cut class .,0,810
mouth,mouth,he rode into the mouth of the canyon .,she wiped lipstick from her mouth .,0,811
fabric,fabric,the fabric of our lives .,it is part of the fabric of society .,1,812
stuff,stuff,stuff a pillow with feathers .,my nose is all stuffed .,0,813
shape,shape,shape the dough .,shape a figure .,0,814
feel,feel,the sheets feel soft .,he felt the wind .,0,815
difficulty,difficulty,had difficulty walking .,finished the test only with great difficulty .,1,816
head,head,12 head of big cattle and 14 head of branded calves .,the office was full of secret heads .,0,817
make,make,this invention will make you a millionaire .,this wool makes into a nice sweater .,0,818
business,business,a racially integrated business concern .,we do business all over the world .,0,819
significance,significance,the significance of a gesture .,the significance of his remark became clear only later .,1,820
try,try,i shall try my skills on this .,try the yak butter .,0,821
licking,licking,our football team took a licking last night .,they suffered a convincing licking .,1,822
interest,interest,he has a lot of interest in vintage cars .,victorian furniture is an interest of mine .,0,823
degree,degree,murder in the second degree .,he earned his degree at princeton summa cum laude .,0,824
be,be,when will the meeting be ?,the woman is walking .,1,825
train,train,"unfortunately , the leading bridesmaid stepped on the bride 's train as they were walking down the aisle .",the bride 's train was carried by her two young nephews .,1,826
make,make,make a stir .,make friends .,0,827
indication,indication,an indication of foul play .,indications of strain .,1,828
plan,plan,they drew up a six-step plan .,they discussed plans for a new bond issue .,1,829
encounter,encounter,there was a brief encounter in the hallway .,their encounter was a matter of chance .,1,830
keep,keep,these potatoes keep for a long time .,she keeps an apartment in paris for her shopping trips .,0,831
pull,pull,pull a sled .,you 'll be sent home if you pull another stunt like that .,0,832
make,make,make a wall of stones .,make a dress .,1,833
leave,leave,she was granted leave to speak .,might i beg leave to accompany you ?,1,834
work,work,the soft metal works well .,he used pliers to work the wire into shape .,0,835
touch,touch,this piano has a wonderful touch .,"suddenly , in the crowd , i felt a touch at my shoulder .",0,836
pick,pick,pick a fight or a quarrel .,pick pockets .,0,837
represent,represent,ms. smith will represent the defendant .,our parents represented to us the need for more caution .,0,838
play,play,play the casinos in trouville .,play the stock market .,0,839
point,point,she walked to a point where she could survey the whole street .,he held me up at the point of a gun .,0,840
litany,litany,a litany of failures .,the patient recited a litany of complaints .,1,841
side,side,he turned the box over to examine the bottom side .,a cube has six sides .,1,842
empty,empty,to empty a well or a cistern .,the cinema emptied quickly after the end of the film .,1,843
foulness,foulness,his display of foulness deserved severe punishment .,mouths which speak such foulness must be cleansed .,1,844
scene,scene,"the most moving scene is the final one , where he realizes he has wasted his whole life .","the play is divided into three acts , and in total twenty-five scenes .",1,845
follow,follow,teenagers follow their friends in everything .,carter followed ford .,0,846
clear,clear,clear the leaves from the lawn .,clear snow from the road .,1,847
voice,voice,the times is not the voice of new york .,conservatism has many voices .,1,848
sing,sing,i really want to sing in the school choir .,she was singing while she was cooking .,1,849
business,business,show me where the business was today .,business is good today .,1,850
look,look,my backyard look onto the pond .,the house looks north .,1,851
wallah,wallah,the book wallah .,a kitchen wallah .,1,852
break,break,break a branch from a tree .,twigs break off of those branches easily .,1,853
work,work,he could not work the math problem .,work one 's way through the crowd .,0,854
turn,turn,the alchemists tried to turn lead into gold .,turn the heat down .,0,855
unit,unit,the word is a basic linguistic unit .,he was a member of a special police unit .,1,856
assumption,assumption,your assumption that i would agree was unwarranted .,on the assumption that he has been injured we can infer that he will not to play .,0,857
space,space,they stopped at an open space in the jungle .,the space between his teeth .,1,858
play,play,insiders said the company 's stock was in play .,the play of light on the water .,0,859
piece,piece,an important piece of the evidence .,he wrote an interesting piece on iran .,0,860
break,break,break cigarette smoking .,he slipped on the ice and broke his leg .,0,861
position,position,moved from third to fifth position .,"stand in this position , with your arms at your side .",0,862
motion,motion,the reflex motion of his eyebrows revealed his surprise .,he made a motion to adjourn .,0,863
development,development,they funded research and development .,he congratulated them on their development of a plan to meet the emergency .,1,864
take,take,you ca n't take credit for this !,he was often taken to be a man of means .,1,865
break,break,nobody can break out -- this prison is high security .,they broke into my car and stole my radio !,0,866
call,call,he heard the phone ringing but did n't want to take the call .,she reported several anonymous calls .,1,867
shed,shed,the bill shed 50 pages of pork-barrel addons .,our dog sheds every spring .,0,868
get,get,she did n't get the joke .,she got a bruise on her leg .,0,869
vaccinate,vaccinate,we vaccinate against scarlet fever .,the nurse vaccinated the children in the school .,1,870
turn,turn,the earth turns .,he turned traitor .,0,871
hold,hold,hold these truths to be self-evident .,i 'll hold you by your promise .,0,872
cut,cut,cut a ticket .,the employer wants to cut back health benefits .,0,873
beat,beat,the boat beat in the strong wind .,beat the subway fare .,0,874
point,point,cut the skin with the point of the knife .,a row of points .,0,875
raise,raise,raise a shout .,raise a sad cry .,1,876
relate,relate,i can not relate these events at all .,i find it difficult to relate to others because i 'm extremely introverted .,1,877
year,year,this chinese year is the year of the rooster .,i was born in the year 1950 .,1,878
neighbour,neighbour,my neighbour has an annoying cat .,my neighbour is very irritable and grumpy at times .,1,879
move,move,to move in a matter .,"move those boxes into the corner , please .",0,880
carry,carry,do you carry kerosene heaters ?,the loan carries a high interest rate .,0,881
reason,reason,the reason a steady state was never reached was that the back pressure built up too slowly .,mankind should develop reason above all other virtues .,0,882
line,line,a nice line of shoes .,toe the line .,0,883
flare,flare,he threw a flare to the fullback who was tackled for a loss .,infection can cause a lupus flare .,0,884
call,call,call a runner out .,call a football game .,0,885
break,break,can you break a hundred-dollar bill for me ?,the dam broke .,0,886
replace,replace,we need to replace the secretary that left a month ago .,he replaced the old razor blade .,1,887
take,take,tomorrow the doctor will take the cast off her arm .,"can you take this bag , please .",0,888
think,think,think thin .,think big .,1,889
flatten,flatten,flatten a road .,mary would flatten the dough before rolling it into pretzels .,1,890
carry,carry,these bonds carry warrants .,the loan carries a high interest rate .,1,891
break,break,i had to break a $ 100 bill just to buy the candy .,did you two break the trolley by racing with it ?,0,892
carry,carry,these pipes carry waste water into the river .,this paper carries a restaurant review .,0,893
trim,trim,trim lumber .,trim an airplane .,0,894
check,check,check the brakes .,check the growth of communism in south east asia .,0,895
structure,structure,artists must study the structure of the human body .,his lectures have no structure .,0,896
light,light,can you shed light on this problem ?,he finally saw the light .,1,897
assume,assume,the gods assume human or animal form in these fables .,"she assumed indifference , even though she was seething with anger .",0,898
bed,bed,the track bed had washed away .,"sea bed , river bed , lake bed .",0,899
clearance,clearance,the plane was given clearance to land .,"the plane got clearance from air traffic control , and we were off .",1,900
mean,mean,i did n't mean to knock your tooth out .,"i meant to take the car in for a smog check , but it slipped my mind .",1,901
acknowledge,acknowledge,* i acknowledge my transgressions . - psalm 51:3 .,* for ends generally acknowledged to be good . - thomas macaulay .,1,902
spread,spread,the missionaries quickly spread their new message across the country .,he spread fertilizer over the lawn .,0,903
life,life,the life of this milk carton may be thousands of years in this landfill .,get a life .,0,904
bed,bed,slices of hard-boiled egg on a bed of spinach .,he worked in the coal beds .,0,905
coast,coast,the rocky coast of maine has few beaches .,the children lined up for a coast down the snowy slope .,0,906
press,press,this guy can press 300 pounds .,she is pressing her opponent but will eventually lose .,0,907
approach,approach,to approach the city .,we were approaching our destination .,1,908
order,order,it was on the order of a mile .,men from the fraternal order will staff the soup kitchen today .,0,909
run,run,run rogue .,she ran 10 miles that day .,0,910
seat,seat,the seat of a saddle .,there were not enough seats for all the guests .,1,911
pay,pay,it will pay to wait .,to pay attention .,0,912
dress,dress,she likes to dress when going to the opera .,dress the plants in the garden .,0,913
carry,carry,i carry her image in my mind 's eye .,the senator carried his home state .,0,914
condition,condition,a heart condition .,a skin condition .,1,915
take,take,take steps .,take the gun from your pocket .,0,916
take,take,take a scene .,take a test .,0,917
make,make,make merry .,"they made nice together , as if their fight never happened .",1,918
tell,tell,i want to tell a story .,the father told a story to his child .,1,919
trouble,trouble,i went to a lot of trouble .,he won without any trouble .,1,920
lob,lob,lob the tennis ball .,"the tennis player lobbed the ball , which was a costly mistake .",1,921
head,head,under the head of minor roman poets .,they shot 20 head of quail .,0,922
air,air,the program was on the air from 9 til midnight .,there was a tension in the air which made me suspect an approaching storm .,0,923
action,action,a man of action .,the piano had a very stiff action .,0,924
place,place,if you were in my place what would you do ?,a political system with no place for the less prominent groups .,0,925
take,take,i used to take the sunday times .,the hard work took its toll on her .,0,926
be,be,i shall be writing to you soon .,"it had been six days since his departure , when i received a letter from him .",1,927
connect,connect,can you connect the two loudspeakers ?,our computers connected .,1,928
account,account,an account of a battle .,he asked to see the executive who handled his account .,0,929
line,line,toe the line .,they attacked the enemy 's line .,0,930
take,take,can you take me to the main entrance ?,take a scene .,0,931
apparition,apparition,the sudden apparition of the spaniards . – william h. prescott .,the apparition of lawyer clippurse occasioned much speculation in that portion of the world . – sir w. scott .,1,932
come,come,the sleeves come to your knuckles .,he came from france .,0,933
sense,sense,fortunately she had the good sense to run away .,it 's common sense not to put metal objects in a microwave oven .,1,934
air,air,it 's getting quite stuffy in this room : let 's open the windows and air it .,she aired her opinions on welfare .,0,935
head,head,they shot 20 head of quail .,200 head of cattle and 50 head of horses .,1,936
mean,mean,i mean to go to baddeck this summer .,"i meant to take the car in for a smog check , but it slipped my mind .",1,937
form,form,he was at the top of his form .,"to apply for the position , complete the application form .",0,938
oblige,oblige,we had to oblige him .,the singer obliged with another song .,1,939
smile,smile,she 's got a perfect smile .,he has a sinister smile .,1,940
carry,carry,i resent having to carry her all the time .,the painting of mary carries motherly love .,0,941
work,work,work your way through every problem or task .,she was working on her second martini when the guests arrived .,1,942
seat,seat,he was elected to a seat in the senate .,the seat of his pants was worn through .,0,943
work,work,this dough does not work easily .,he could not work the math problem .,0,944
take,take,take a scene .,do you take sugar in your coffee ?,0,945
drink,drink,he jumped into the drink and had to be rescued .,"if he does n't pay off the mafia , he 'll wear cement shoes to the bottom of the drink !",1,946
come,come,come out of the closet !,come with me to the casbah .,1,947
touch,touch,do n't touch my cds !,she did n't touch her food all night .,0,948
language,language,sign language .,he did n't have the language to express his feelings .,0,949
reaction,reaction,when i last tried to eat strawberries i had a terrible allergic reaction .,a bad reaction to the medicine .,1,950
fix,fix,we have a fix on your position .,he got a good fix on the target .,1,951
ensure,ensure,this nest egg will ensure a nice retirement for us .,the circumstances ensured a good outcome for him .,1,952
eat,eat,"i did n't eat yet , so i gladly accept your invitation .",we did not eat until 10 p.m. because there were so many phone calls .,1,953
operation,operation,the plane 's operation in high winds .,a multinational operation .,0,954
cut,cut,cut a disk .,this cuts into my earnings .,0,955
shame,shame,"when i realized that i had hurt my friend , i felt deep shame .",the teenager could n't bear the shame of introducing his parents .,1,956
dip,dip,i 'm going for a dip before breakfast .,this onion dip is just scrumptious .,0,957
keep,keep,keep food for a week in the pantry .,she never keeps her promises .,0,958
picture,picture,the political picture is favorable .,the dictionary had many pictures .,0,959
day,day,day and night .,the dawn turned night into day .,1,960
forefront,forefront,that laboratory researches topics at the forefront of technology .,the cotswolds were once at the forefront of woollen manufacturing in england .,1,961
business,business,he bought his brother 's business .,a small mom-and-pop business .,1,962
precede,precede,stone tools precede bronze tools .,bill preceded john in the long line of susan 's husbands .,0,963
cut,cut,she could not cut the long days in the office .,the glass from the shattered windshield cut into her forehead .,0,964
leave,leave,she did n't leave until midnight .,at what time does your train leave ?,1,965
marriage,marriage,pat and leslie 's marriage to each other lasted forty years .,you should enter marriage for love .,0,966
passing,passing,the passing of winter .,his future depended on his passing that test .,0,967
life,life,the oceans are teeming with life .,"having experienced both , the vampire decided that he preferred (un)death to life .",0,968
unit,unit,the centimetre is a unit of length .,units of nucleic acids .,0,969
catch,catch,did you catch that allusion ?,"if he catches you on the chin , you 'll be on the mat .",0,970
check,check,check into the rumor .,check the brakes .,0,971
transform,transform,the alchemists sought to transform lead into gold .,she transformed the clay into a beautiful sculpture .,1,972
draw,draw,draw parallels .,he drew great benefits from his membership in the association .,0,973
take,take,take vengeance .,do you take sugar in your coffee ?,0,974
case,case,the teaching consists of theory lessons and case studies .,a door case .,0,975
check,check,"katie 's sick , so i need to check up on her and see if she needs anything .",check whether this page has a watermark .,1,976
break,break,break a circuit .,break a promise .,0,977
follow,follow,these people still follow the laws of their ancient religion .,follow the road .,0,978
go,go,how does this song go again ?,these ugly billboards have to go !,0,979
inactivation,inactivation,the gene inactivation system .,thermal inactivation of serum samples .,1,980
see,see,let 's see -- which movie should we see tonight ?,see whether you can come tomorrow .,1,981
hold,hold,she can hold an audience spellbound .,hold your breath .,0,982
procession,procession,the lord mayor 's procession .,processions were forbidden .,1,983
head,head,the head of the page .,a reduction in the assessment per head of sheep .,0,984
break,break,break into tears .,the blade broke her skin .,0,985
head,head,they say he gives good head .,200 head of cattle and 50 head of horses .,0,986
gather,gather,i gather from aunty may that you had a good day at the match .,people gathered round as he began to tell his story .,0,987
work,work,this unpleasant situation is n't going to work itself out .,the salesman works the midwest .,0,988
read,read,the gauge read ` empty ' .,this dictionary can be read by the computer .,0,989
stone,stone,he must have a heart of stone .,a peach stone .,0,990
platoon,platoon,the defensive platoon of the football team .,platoons of tourists poured out of the busses .,1,991
want,want,i want to go home now .,this piano wants the attention of a competent tuner .,0,992
fall,fall,payments fall on the 1st of the month .,the onus fell on us .,0,993
turn,turn,turn the heat down .,this milk has turned ; it smells awful .,0,994
connect,connect,this computer will connect well to the network .,the new railroad will connect the northern part of the state to the southern part .,1,995
school,school,the school was built in 1932 .,our children attend a public school in our neighborhood .,0,996
rub,rub,rub oil into her skin .,i rubbed the cloth over the glass .,1,997
make,make,make an effort .,"make love , not war .",1,998
slot,slot,the tv program has a new time slot .,he put a quarter in the slot .,0,999
analyze,analyze,analyze the evidence in a criminal trial .,the inspector analyzed the building for its soundness .,1,1000
load,load,i 'm worried that the load on that transformer will be too high .,the system broke down under excessive loads .,0,1001
defensiveness,defensiveness,his defensiveness was manifested in hurt silence .,the fear of being sued for malpractice has magnified physicians ' defensiveness .,1,1002
check,check,i will check up on the car tomorrow .,check out the engine .,1,1003
raise,raise,raise a smile .,raise your hands .,0,1004
cast,cast,cast a warm light .,cast a vote .,0,1005
case,case,the accusative case canonically indicates a direct object .,the teaching consists of theory lessons and case studies .,0,1006
make,make,they hope to make a bigger profit .,how much do you make a month in your new job ?,1,1007
tolerate,tolerate,he learned to tolerate the heat .,"i can tolerate working on saturdays , but not on sundays .",1,1008
raise,raise,raise a siege .,the president raised several million dollars for his college .,0,1009
sense,sense,a sense of danger .,a sense of security .,1,1010
cut,cut,cut grain .,the football player cut to his left to evade a tackle .,0,1011
state,state,in a weak financial state .,the current state of knowledge .,1,1012
respect,respect,out of respect for his privacy .,she lost all respect for him .,0,1013
return,return,in return we gave them as good as we got .,a return to one 's question .,0,1014
carry,carry,i carry these thoughts in the back of my head .,i will carry the secret to my grave .,1,1015
take,take,this box wo n't take all the items .,she took a chill .,0,1016
hold,hold,hold your breath .,what 's holding that mirror ?,0,1017
waste,waste,waste heat .,we waste the dirty water by channeling it into the sewer .,0,1018
folk,folk,they 're just country folk .,lots of folks like to travel during the holidays .,1,1019
break,break,break the cycle of poverty .,"the newsman wanted to break a big story , something that would make him famous .",0,1020
sophisticate,sophisticate,to sophisticate wine . — howell .,sophisticate rose water with geraniol .,1,1021
addition,addition,the addition of cinnamon improved the flavor .,he was a new addition to the staff .,0,1022
transform,transform,the alchemists sought to transform lead into gold .,this experience transformed her completely .,1,1023
time,time,see you another time .,he called four times .,1,1024
opinion,opinion,every man is a fool in some man 's opinion .,his opinions appeared frequently on the editorial page .,0,1025
buy,buy,i 'm not going to buy your stupid excuses anymore !,carmen bought a dress for $ 50 .,0,1026
run,run,i 'm not ready to run a marathon .,"she always runs to italy , because she has a lover there .",0,1027
work,work,i can not work a miracle .,his fingers worked with tension .,0,1028
stage,stage,at what stage are the social sciences ?,the band returned to the stage to play an encore .,0,1029
line,line,the line of soldiers advanced with their bayonets fixed .,in line with .,0,1030
variety,variety,the range and variety of his work is amazing .,varieties are frequently recognized in botany .,0,1031
spot,spot,for our anniversary we went back to the same spot where we first met .,a bald spot .,0,1032
meaning,meaning,the meaning of life .,what is the meaning of this sentence .,1,1033
give,give,give an excuse .,she gave a pair of shoes to her husband for their anniversary .,0,1034
scene,scene,the crazy lady made a scene in the grocery store .,they saw an angry scene outside the pub .,1,1035
cut,cut,we had to cut short the conversation .,this bread cuts easily .,0,1036
point,point,we should meet at a pre-arranged point .,they sailed south around the point .,0,1037
hit,hit,we were hit by really bad weather .,he hit .300 in the past season .,0,1038
catch,catch,did you catch a cold ?,i have to catch a train at 7 o'clock .,0,1039
narrowness,narrowness,the problem with achievement tests is the narrowness they impose on students .,frustrated by the narrowness of people 's horizons .,1,1040
take,take,i take it you 're not going ?,how should i take this message ?,1,1041
draw,draw,draw steel .,draw a line .,0,1042
turn,turn,turn the earth in the spring .,turn the heat down .,0,1043
break,break,break cigarette smoking .,his peccadilloes finally broke his marriage .,0,1044
pay,pay,it will pay to wait .,it pays to go through the trouble .,1,1045
run,run,"if you see this man , run !",these dresses run small .,0,1046
get,get,the operator could n't get kobe because of the earthquake .,get permission to take a few days off from work .,0,1047
camp,camp,the houseguests had to camp in the living room .,we camped there .,1,1048
hold,hold,i hold with those who say life is sacred .,the bridge held .,0,1049
fit,fit,a fit of coughing .,she had a fit and had thrown all of his clothes out of the window .,1,1050
hoop,hoop,hoop vats .,to hoop a barrel or puncheon .,1,1051
bum,bum,that mechanic 's a bum - he could n't fix a yo-yo .,fred is becoming a bum - he 's not even bothering to work more than once a month .,1,1052
perversion,perversion,perversion also shows up in kinky telephone cords .,the tendrils of the plant exhibited perversion .,1,1053
turn,turn,the strong man could turn an iron bar .,turn the earth in the spring .,0,1054
run,run,i 'm not ready to run a marathon .,let the dogs run free .,0,1055
beat,beat,we beat the competition .,agassi beat becker in the tennis championship .,1,1056
line,line,they were arrayed in line of battle .,the cast stood in line for the curtain call .,1,1057
drop,drop,drop him from the republican ticket .,she dropped into army jargon .,0,1058
trick,trick,he played a trick on me .,"as the businessman rounded the corner , she thought , "" here comes another trick . "" .",0,1059
mother,mother,the lioness was a mother of four cubs .,necessity is the mother of invention .,0,1060
grow,grow,"in these forests , mushrooms grow under the trees .",her hair does n't grow much anymore .,1,1061
burn,burn,to burn the mouth with pepper .,the iron burnt a hole in my dress .,1,1062
class,class,"apologizing for losing your temper , even though you were badly provoked , showed real class .",the class of ' 97 .,0,1063
keep,keep,keep notes .,keep open the possibility of a merger .,0,1064
way,way,they did n't have much in the way of clothing .,they are on the way .,0,1065
costume,costume,he won the prize for best costume .,we wore gorilla costumes to the party .,1,1066
flight,flight,the flight of a refugee .,flights of imagination .,0,1067
put,put,put your ideas in writing .,that song put me in awful good humor .,1,1068
run,run,run amok .,he is running the marathon this year .,0,1069
extend,extend,the facts extend beyond a consideration of her personal assets .,she extended her visit by another day .,0,1070
newspaper,newspaper,he read his newspaper at breakfast .,murdoch owns many newspapers .,0,1071
draw,draw,draw a wagon .,"she drew $ 2,000 from the account .",0,1072
flood,flood,flood the market with tennis shoes .,the images flooded his mind .,0,1073
orbit,orbit,he 's out of my orbit .,in the political orbit of a world power .,0,1074
flatten,flatten,"as there was a lot of damage , we chose the heavy roller to flatten the pitch .",flatten a road .,1,1075
spring,spring,the emerging buds were a sure sign of spring .,spring is the time of the year most species reproduce .,1,1076
connection,connection,the connection between church and state is inescapable .,my headache has no connection with me going out last night .,1,1077
develop,develop,please develop this roll of film for me .,please develop this roll of film .,1,1078
chain,chain,a chain of mountains .,the third link of the silver chain needs to be resoldered .,1,1079
grow,grow,that acorn will grow into an oak tree .,an oak tree will grow from that acorn .,1,1080
admit,admit,we can not admit non-members into our club building .,she admitted us here .,1,1081
way,way,if i had my way .,that 's the way it is .,0,1082
strike,strike,strike fire from the flintstone .,the boxer struck the attacker dead .,0,1083
top,top,i bought this top as it matches my jeans .,a relief pitcher took over in the top of the fifth .,0,1084
go,go,go about the world in a certain manner .,messages must go through diplomatic channels .,1,1085
focus,focus,"if you 're going to beat your competitors , you need to focus .",we focused on what he wanted .,1,1086
break,break,"the newsman wanted to break a big story , something that would make him famous .","when news of their divorce broke , ...",1,1087
range,range,my students range from very bright to dull .,estimates for the losses in the earthquake range as high as $ 2 billion .,1,1088
see,see,i see that you have been promoted .,did you know that she is seeing an older man ?,0,1089
love,love,so that 's fifteen love to kournikova .,it was 40 love .,1,1090
break,break,break an alibi .,he slipped on the ice and broke his leg .,0,1091
arrangement,arrangement,the arrangement of the furniture .,a flower arrangement .,0,1092
strike,strike,strike a medal .,the boxer struck the attacker dead .,0,1093
pocket,pocket,the trapped miners found a pocket of air .,the battle was won except for cleaning up pockets of resistance .,0,1094
flight,flight,the flight to paris leaves at 7 o'clock tonight .,where is the departure gate for flight 747 ? / go straight down and to the right .,1,1095
job,job,estimates of the city 's loss on that job ranged as high as a million dollars .,i 've got a job for you - could you wash the dishes ?,1,1096
thought,thought,19th century thought .,darwinian thought .,1,1097
block,block,block a plate for printing .,block the wheels of a car .,1,1098
drive,drive,we drive the turnpike to work .,the amplifier drives the tube .,0,1099
now,now,there is no better time than now .,now is the right time .,1,1100
truck,truck,truck fresh vegetables across the mountains .,amanda trucked the package to her mother 's house from philadelphia .,1,1101
run,run,interest rates run from 5 to 10 percent .,our coach had us running plays for the whole practice .,0,1102
hollow,hollow,he built himself a cabin in a hollow high up in the appalachians .,the hollow of the hand or of a tree .,0,1103
academy,academy,the military academy at west point .,the american academy of arts and sciences .,0,1104
foot,foot,the foot of the page .,the foot of the list .,1,1105
run,run,his daily run keeps him fit .,running is good exercise .,1,1106
see,see,can you see the bird in that tree ?,i saw their laughing and joking .,1,1107
care,care,i do n't care .,we cared about the opera .,1,1108
sense,sense,it 's common sense not to put metal objects in a microwave oven .,he has n't got the sense god gave little green apples .,1,1109
pass,pass,pass along the good news .,a black limousine passed by when she looked out the window .,0,1110
cut,cut,the sweat cut little rivulets into her face .,cut trenches .,1,1111
play,play,play football .,we played hockey all afternoon .,1,1112
kill,kill,kill a motion .,the farmer killed a pig for the holidays .,0,1113
side,side,it brought out his better side .,they always sat on the right side of the church .,0,1114
drop,drop,drop a hint .,shop til you drop .,0,1115
get,get,what do you get when you add up these numbers ?,let 's get down to work now .,0,1116
start,start,i start at eight in the morning .,the rain started at 9:00 .,0,1117
stretch,stretch,i always stretch my muscles before exercising .,stretch your legs !,1,1118
presence,presence,he sensed the presence of danger .,he tested for the presence of radon .,0,1119
pass,pass,the plane turned to make a second pass .,the media representatives had special passes .,0,1120
carry,carry,these bonds carry warrants .,all major networks carried the press conference .,0,1121
cut,cut,cut the engine .,she cut all of her major titles again .,0,1122
keep,keep,i keep a small stock of painkillers for emergencies .,there 's little to earn and many to keep .,0,1123
call,call,call a football game .,bluejays called to one another .,0,1124
make,make,she 'll make a fine president .,he will make a splendid father !,1,1125
end,end,he came to a bad end .,the end of the pier .,0,1126
doctrine,doctrine,the incarnation is a basic doctrine of classical christianity .,the four noble truths summarise the main doctrines of buddhism .,1,1127
work,work,work the metal .,the salesman works the midwest .,0,1128
hit,hit,the thermometer hit 100 degrees .,i hit the jackpot .,1,1129
wash,wash,"the car is so dirty , we need to wash it .",can you wash away the spots on the windows ?,1,1130
see,see,can you see the bird in that tree ?,he is blind -- he can not see .,1,1131
business,business,a small mom-and-pop business .,a racially integrated business concern .,1,1132
one,one,he is the best one .,"driver , noun : one who drives .",1,1133
receptiveness,receptiveness,"this receptiveness is the key feature in oestral behavior , enabling natural mating to occur .",he was testing the government 's receptiveness to reform .,1,1134
whet,whet,whet my appetite .,to whet one 's appetite or one 's courage .,1,1135
bear,bear,bear a resemblance .,the unidentified plant bore gorgeous flowers .,0,1136
draw,draw,draw pulp from the fruit .,"they saw that the night was quickly drawing in , so they pitched their tent .",0,1137
find,find,i find him to be obnoxious .,i found the movie rather entertaining .,1,1138
come,come,he 's come a long way .,the shoes came untied .,0,1139
work,work,this dough does not work easily .,the soft metal works well .,1,1140
connection,connection,there was a connection between eating that pickle and having that nightmare .,my headache has no connection with me going out last night .,0,1141
stuff,stuff,the trunk was full of stuff .,wheat is the stuff they use to make bread .,0,1142
face,face,an angry face .,he looked out at a roomful of faces .,0,1143
carry,carry,i will carry the secret to my grave .,the painting of mary carries motherly love .,0,1144
commercialization,commercialization,both companies will retain control over the commercialization of their own products .,my father considered the commercialization of christmas to be a sacrilege .,1,1145
push,push,"` now push hard , ' said the doctor to the woman .",the guy hanging around the school is pushing drugs .,0,1146
face,face,they climbed the north face of the mountain .,put a big sign on each face of the building that can be seen from the road .,1,1147
formula,formula,he gave us a general formula for attacking polynomials .,x = \frac -b \pm \sqrtb^2 - 4ac2a is a formula for finding the roots of the quadratic equation ax2 + bx + c = 0 .,0,1148
end,end,she knotted the end of the thread .,the ends justify the means .,0,1149
tell,tell,"can you tell whether those flowers are real or silk , from this distance ?",ellen told a story to helen .,0,1150
stand,stand,stand the test of time .,there stood on the corner a statue .,0,1151
be,be,when will the meeting be ?,it is almost eight .,1,1152
charge,charge,he was arrested on a charge of larceny .,the child was a charge of the nanny .,0,1153
raise,raise,raise a mutiny .,raise a family .,0,1154
see,see,how nice to see you again !,i 'll probably see you at the meeting .,1,1155
run,run,the play had a long run on broadway .,the team enjoyed a brief run of victories .,1,1156
cut,cut,"we had to lose weight , so we cut the sugar from our diet .",cut from one scene to another .,0,1157
break,break,break a circuit .,who broke into my account last night ?,0,1158
inventory,inventory,an inventory may be necessary to see if anything is missing .,they held an inventory every month .,1,1159
hold,hold,hold these truths to be self-evident .,about a dozen animals were held inside the stockade .,0,1160
head,head,this song keeps going through my head .,the head of the whole operation .,0,1161
authority,authority,the world 's foremost authority on orangutans .,"i have the authority to penalise the staff in my department , but not the authority to sack them .",0,1162
cut,cut,the coach cut two players from the team .,wayne cut .,0,1163
have,have,what do we have here ?,he had an insulin shock after eating three candy bars .,0,1164
hunger,hunger,hunger for affection .,i have a hunger to win .,1,1165
receive,receive,receive the incoming radio signals .,the community warmly received the refugees .,0,1166
size,size,i do n't think we have the red one in your size .,he wears a size 13 shoe .,1,1167
discover,discover,"the story is false , so far as i can discover .",i discovered the fleece .,1,1168
catch,catch,catch one 's breath .,i caught the hem of my dress in the brambles .,0,1169
send,send,"to send a message , or a letter .","every day at two o'clock , he sends his secretary out to buy him a coffee .",1,1170
normalize,normalize,normalize relations with china .,normalize the temperature .,1,1171
buildup,buildup,a military buildup in preparation for the invasion .,the buildup of leaves blocked the drain pipes .,0,1172
range,range,we hiked through the andes mountain range .,the plains lay just beyond the mountain range .,1,1173
vermin,vermin,he examined the child 's head for vermin .,bring these gypsy vermin to the palace of justice .,0,1174
work,work,she knows how to work the system .,this old radio does n't work anymore .,0,1175
work,work,this dough does not work easily .,my wife never worked .,0,1176
have,have,i have two years left .,he had an insulin shock after eating three candy bars .,0,1177
hit,hit,an interesting idea hit her .,the ball hit the fence .,0,1178
check,check,i will check up on the car tomorrow .,"katie 's sick , so i need to check up on her and see if she needs anything .",1,1179
strike,strike,strike ` z ' on the keyboard .,her comments struck a sour note .,1,1180
trend,trend,the trend of the stock market .,the upward trend of stock-market prices .,1,1181
libido,libido,"for freudians , libido means the desire to "" unite and bind "" with objects in the world .",the ego as an organ which seeks to synthesize thoughts in the psyche is said to be driven by libido or eros .,1,1182
break,break,my daughter 's fancy wedding is going to break me !,this play will either make or break the playwright .,0,1183
metric,metric,convert all the measurements to metric units .,it is easier to work in metric .,1,1184
stuff,stuff,the trunk was full of stuff .,what is all that stuff on your bedroom floor ?,1,1185
pull,pull,pull the string gently .,pull the rope .,1,1186
know,know,she does n't know this composer .,we know this movie .,1,1187
use,use,use your head !,i used to get things done .,0,1188
anchorage,anchorage,the plant needs a firm anchorage .,the mother provides emotional anchorage for the entire family .,1,1189
run,run,run rogue .,run to the store !,0,1190
neighbour,neighbour,my neighbour has an annoying cat .,they ′re our neighbours across the street .,1,1191
block,block,block the book cover .,his brother blocked him at every turn .,0,1192
get,get,what do you get when you add up these numbers ?,i got a computer from my parents for my birthday .,0,1193
way,way,if i had my way .,come this way and i 'll show you a shortcut .,0,1194
transplant,transplant,he had a kidney transplant .,a child had a multiple organ transplant two months ago .,1,1195
strike,strike,strike a balance .,the auto workers are striking for higher wages .,0,1196
score,score,he studied the score of the sonata .,a score were sent out but only one returned .,0,1197
remain,remain,"there was no food in the house , so i had to remain hungry .",there remains the question of who pulled the trigger .,0,1198
work,work,i can not work a miracle .,the stitches of the hem worked loose after she wore the skirt many times .,0,1199
imbalance,imbalance,a hormonal imbalance .,the growing imbalances between the rich and poor first lead to more crime .,1,1200
space,space,they stopped at an open space in the jungle .,they tested his ability to locate objects in space .,0,1201
tea,tea,go to the supermarket and buy some tea .,tea has fragrant white flowers .,1,1202
lead,lead,they did n't follow our lead .,he takes the lead in any group .,1,1203
breath,breath,he was fighting to his last breath .,not a breath of scandal ever touched her .,0,1204
efface,efface,efface the memory of the time in the camps .,efface oneself .,0,1205
flatten,flatten,"as there was a lot of damage , we chose the heavy roller to flatten the pitch .",flatten your stomach with these exercises .,1,1206
check,check,check the brakes .,check whether this page has a watermark .,1,1207
face,face,she has a pretty face .,i wish i had seen the look on his face when he got the news .,1,1208
wash,wash,he managed to wash out the stains .,can you wash away the spots on the windows ?,1,1209
top,top,"i do n't want to be bald , so just top my hair .",the towers were topped with conical roofs .,0,1210
reaction,reaction,there was a chemical reaction of the lime with the ground water .,"in this reaction , the acid and base will neutralize each other , producing a salt .",1,1211
cost,cost,the average cost of a new house is twice as much as t was 20 years ago .,the cost in human life was enormous .,0,1212
ulteriority,ulteriority,his stories were too susceptible to ulteriority .,their conversation was limited to ulteriorities .,1,1213
conflict,conflict,his conflict of interest made him ineligible for the post .,a conflict of loyalties .,1,1214
reaction,reaction,a bad reaction to the medicine .,the announcement of the verdict brought a violent reaction .,1,1215
match,match,his interests did n't match her interests .,let them match their best athletes against ours .,0,1216
throw,throw,"have , throw , or make a party .",throw a shoe .,0,1217
keep,keep,these potatoes keep for a long time .,keep the commandments .,0,1218
floor,floor,the whole floor complained about the lack of heat .,the room has a wooden floor .,0,1219
work,work,a lot of people are out of work .,he arrived at work early today .,0,1220
block,block,block a nerve .,block the wheels of a car .,0,1221
play,play,play water from a hose .,the fountains played all day .,1,1222
look,look,he went out to have a look .,he gave it a good looking at .,1,1223
appearance,appearance,the rookie made a brief appearance in the first period .,it was bernhardt 's last appearance in america .,1,1224
remember,remember,remember me in your prayers .,remember to call your mother every day !,0,1225
stand,stand,where do you stand on the war ?,"christian charity , or love , stands first in the rank of gifts .",1,1226
school,school,the whole school turned out for the game .,the school keeps parents informed .,1,1227
make,make,to make like a deer caught in the headlights .,"they made nice together , as if their fight never happened .",1,1228
energy,energy,energy can take a wide variety of forms .,europeans often laugh at american energy .,0,1229
work,work,start from the bottom and work towards the top .,the stitches of the hem worked loose after she wore the skirt many times .,0,1230
communication,communication,how many lines of communication can there be among four people ?,a round archway at the far end of the hallway provided communication to the main chamber .,1,1231
land,land,he built the house on land leased from the city .,an industrialized land .,0,1232
feeling,feeling,she had a feeling of euphoria .,the house gave me a feeling of dread .,1,1233
liver,liver,"you could fry up some chicken livers for a tasty treat . — nah , i do n't like chicken liver .",i 'd like some goose liver pate .,1,1234
fall,fall,the hills around here fall towards the ocean .,her weight fell to under a hundred pounds .,0,1235
mean,mean,you never understand what i mean !,happiness means everything .,0,1236
charge,charge,will you pay cash or charge the purchase ?,he charged his weapon at me .,0,1237
be,be,i shall be writing to you soon .,"i would drive you , were i to obtain a car .",1,1238
action,action,a rifle action .,the union action of emancipating southern slaves .,0,1239
interpreter,interpreter,his paintings reveal a sensitive interpreter of nature .,"programs written in the basic language are usually run through an interpreter , though some can be compiled .",0,1240
line,line,there is a narrow line between sanity and insanity .,he got out of line .,0,1241
bed,bed,slices of hard-boiled egg on a bed of spinach .,river bed .,0,1242
identity,identity,geneticists only recently discovered the identity of the gene that causes it .,it was too dark to determine his identity .,1,1243
head,head,the head of the stairs .,she gave great head .,0,1244
vehicle,vehicle,a congregation is a vehicle of group identity .,the play was just a vehicle to display her talents .,1,1245
cut,cut,the football player cut to his left to evade a tackle .,cut a ticket .,0,1246
beer,beer,i love beer but i know it is bad for you .,beer is brewed all over the world .,1,1247
puncture,puncture,puncture a tire .,the tire punctured .,0,1248
art,art,the art of conversation .,how great thou art !,1,1249
play,play,this speech did n't play well with the american public .,his remarks played to the suspicions of the committee .,1,1250
coverage,coverage,do n't go to lunch if we do n't have enough coverage for the help-desk phones .,the dictionary 's coverage of standard english is excellent .,1,1251
break,break,twigs break off of those branches easily .,break a promise .,0,1252
do,do,what makes her do this way ?,do my room in blue .,0,1253
check,check,he paid all his bills by check .,put a check mark in the box corresponding to the correct answer .,0,1254
board,board,it is time to board the aircraft .,the old lady is boarding three men .,0,1255
drive,drive,drive the forest .,she is driving away at her doctoral thesis .,0,1256
end,end,we have given it at the end of the section since it involves the calculus .,the so-called glorious experiment came to an inglorious end .,0,1257
feel,feel,you make me feel naked .,she felt small and insignificant .,1,1258
take,take,i 'll take a pound of that sausage .,she took up her position behind the tree .,0,1259
practice,practice,a hard theory to put into practice .,it is not the local practice to wear shorts to dinner .,0,1260
catch,catch,catch one 's breath .,the fire caught .,0,1261
bear,bear,i can not bear his constant criticism .,he bore himself with dignity .,0,1262
kill,kill,cigarettes kill .,drunken driving kills .,1,1263
sow,sow,"as you sow , so shall you reap .","when i had sown the field , the day 's work was over .",1,1264
step,step,he paused on the bottom step .,he walked with unsteady steps .,0,1265
cut,cut,cut recording tape .,cut from one scene to another .,0,1266
post,post,he occupied a post in the treasury .,parcel post .,1,1267
patch,patch,the world economy had a rough patch in the 1930s .,does n't that patch of clouds looks like a bunny ?,1,1268
end,end,he came to a bad end .,one end of the box was marked ` this side up ' .,0,1269
fit,fit,a fit of coughing .,i admired the fit of her coat .,0,1270
keep,keep,there 's little to earn and many to keep .,his snoring kept me from falling asleep .,0,1271
hold,hold,i hold with those who say life is sacred .,she can hold an audience spellbound .,0,1272
do,do,do nothing .,will $ 100 do ?,0,1273
pay,pay,pay attention to .,pay an obligation .,0,1274
air,air,there was a tension in the air which made me suspect an approaching storm .,a smell of chemicals in the air .,1,1275
case,case,"for english , a compositor will ordinarily have two such cases , the upper case containing the capitals and the lower case containing the small letters .",a typical case was the suburban housewife described by a marriage counselor .,0,1276
draw,draw,draw a conclusion .,he spent the day drawing in the garden .,0,1277
term,term,the general term of an algebraic equation of the n-th degree .,he was sentenced to a term of six years in prison .,0,1278
period,period,picasso 's blue period .,a time period of 30 years .,1,1279
reek,reek,you reek of perfume .,marshes reeking in the sun .,0,1280
spend,spend,i spend my pocket money in two days .,i spent the time worrying about the future .,0,1281
rest,rest,the boulder came to rest just behind the house after rolling down the mountain .,the ocean was finally at rest .,1,1282
pull,pull,pull the oars .,pull the ball .,0,1283
keep,keep,keep your cool .,keep your temper .,1,1284
blow,blow,certain insects are said to blow .,there 's nothing more thrilling to the whale watcher than to see a whale surface and blow .,0,1285
reason,reason,mankind should develop reason above all other virtues .,"if you do n't give me a reason to go with you , i wo n't .",0,1286
impression,impression,the events left a permanent impression in his mind .,he left the impression of his fingers in the soft mud .,0,1287
make,make,make a decision .,make advances .,1,1288
lot,lot,a lot of money .,he bought a lot on the lake .,0,1289
dwelling,dwelling,he built a modest dwelling near the pond .,i was doing dwelling in the cave .,1,1290
block,block,"the store is huge , occupying an entire city block .",he lives in the next block .,1,1291
raise,raise,we visited a farm where they raise chickens .,raise a family .,1,1292
work,work,work equals force times distance .,he arrived at work early today .,0,1293
carry,carry,these bonds carry warrants .,we carry a very large mortgage .,0,1294
application,application,the application of indexes to tables of data .,the application of maximum thrust .,1,1295
number,number,a number 13 shoe .,this sweater is an all-wool number .,0,1296
work,work,the soft metal works well .,start from the bottom and work towards the top .,0,1297
advance,advance,an advance in health or knowledge .,she rejected his advances .,0,1298
fire,fire,do n't fire until you see the whites of their eyes .,oil fires the furnace .,0,1299
line,line,the line stretched clear around the corner .,you must wait in a long line at the checkout counter .,1,1300
connect,connect,the two streets connect to become a highway .,my computer connected to his computer .,0,1301
ride,ride,shorts that ride up .,ship rides at anchor .,0,1302
hit,hit,he hit her hard in the face .,he hit a home run .,0,1303
head,head,a head of lettuce .,i 've got to go to the head .,0,1304
cover,cover,there 's a $ 15 cover tonight .,they made a cover of a beatles ' song .,0,1305
check,check,"katie 's sick , so i need to check up on her and see if she needs anything .",check the brakes .,1,1306
carnival,carnival,we all got to ride the merry-go-round when the brought their carnival to town .,"when the carnival came to town , every one wanted some cotton candy .",1,1307
break,break,break a record .,voices broke in the air .,0,1308
air,air,i need some fresh air .,a smell of chemicals in the air .,1,1309
break,break,break cigarette smoking .,on the hottest day of the year the refrigerator broke .,0,1310
behalf,behalf,in your behalf .,campaigning in his own behalf .,1,1311
piece,piece,he designed a new piece of equipment .,she bought a lovely piece of china .,1,1312
process,process,"this product of last month 's quality standards committee is quite good , even though the process was flawed .",events now in process .,1,1313
leave,leave,she was granted leave to speak .,"the applicant now seeks leave to appeal and , if leave be granted , to appeal against these sentences .",1,1314
keep,keep,the family 's fortune waned and they could not keep their household staff .,keep count .,0,1315
tread,tread,for fools rush in where angels fear to tread .,tread grapes to make wine .,0,1316
year,year,in the year 1920 .,i was born in the year 1950 .,1,1317
credit,credit,"he arrived five minutes late , but to his credit he did work an extra ten minutes at the end of his shift .",he was given credit for his work .,1,1318
support,support,i support france in the world cup .,the evidence supports the defendant .,0,1319
time,time,time stops for nobody .,these times were erroneously converted between zones .,0,1320
time,time,when was the last time we went out ? i do n't remember .,"okay , but this is the last time . no more after that !",1,1321
stopover,stopover,they made a stopover to visit their friends .,there is a stopover to change planes in chicago .,0,1322
break,break,let 's break for lunch .,a man broken by the terrible experience of near-death .,0,1323
side,side,the patient was bleeding on the right side .,look on the bright side .,0,1324
voice,voice,the times is not the voice of new york .,the voice of the law .,1,1325
element,element,a component or constituent element of a system .,in your element .,0,1326
day,day,he deserves his day in court .,in the days of sailing ships .,0,1327
believe,believe,should we believe a publication like the national enquirer ?,you can not believe this man .,1,1328
well,well,tears well in her eyes .,the currents well up .,1,1329
time,time,"okay , but this is the last time . no more after that !",that 's three times he 's made the same mistake .,1,1330
beat,beat,beat the egg whites .,agassi beat becker in the tennis championship .,0,1331
life,life,he hoped for a new life in australia .,he could no longer cope with the complexities of life .,0,1332
play,play,can you play on this old recorder ?,play fair .,0,1333
play,play,play football .,play with her feelings .,0,1334
use,use,he warned against the use of narcotic drugs .,ballet is beautiful but what use is it ?,0,1335
break,break,break an alibi .,the dam broke .,0,1336
normalize,normalize,normalize relations with china .,there is little hope that the two countries will normalize relations ; their governments seem to hate each other and would just as soon stay on bad terms .,1,1337
save,save,i 'll save you the trouble .,this will save you a lot of time .,1,1338
baby,baby,the annual report has been my baby since september .,when is your baby due ?,0,1339
capture,capture,capture the essence of spring .,she captured all the men 's hearts .,0,1340
collector,collector,he is an avid collector of nineteenth-century postage stamps .,that old piano is just a big dust collector .,1,1341
drive,drive,drive the game .,he drives a bread truck .,0,1342
unit,unit,change per unit volume .,the centimetre is a unit of length .,1,1343
job,job,the barber did a real job on my hair .,dry rot did the job of destroying the barn .,1,1344
fire,fire,fire a bullet .,surrender fires the cold skepticism .,0,1345
flick,flick,flick a piece of paper across the table .,the lights flicked on and off .,0,1346
coverage,coverage,the dictionary 's coverage of standard english is excellent .,there are overlapping coverages on your insurance policies .,1,1347
session,session,a filming session .,a training session .,1,1348
reach,reach,our advertisements reach millions .,the sunlight reached the wall .,0,1349
pull,pull,the pull of the current .,iron fillings drawn by the pull of a magnet .,1,1350
go,go,how did your interview go ?,how fast does your new car go ?,0,1351
stay,stay,to stay a flat sheet in a steam boiler .,the judge stayed the execution order .,0,1352
play,play,play water from a hose .,pele played for the brazilian teams in many important matches .,0,1353
beat,beat,beat the subway fare .,beat the table with his shoe .,0,1354
lead,lead,we were just waiting for someone to take the lead .,he takes the lead in any group .,1,1355
moon,moon,men first stepped on the moon in 1969 .,"the average distance to the moon is 384,400 kilometers .",1,1356
conclusion,conclusion,his conclusion took the evidence into account .,in conclusion i want to say ...,0,1357
start,start,to start a rumour .,start a new job .,0,1358
case,case,the teaching consists of theory lessons and case studies .,a window case .,0,1359
detail,detail,the essay contained too much detail .,a detail was sent to remove the fallen trees .,0,1360
call,call,he was ejected for protesting the call .,after two raises there was a call .,0,1361
sense,sense,a sense of self .,a sense of happiness .,1,1362
make,make,you have to spend money to make money !,he made twenty bucks playing poker last night .,1,1363
authority,authority,he is an authority on corporate law .,"i have the authority to penalise the staff in my department , but not the authority to sack them .",0,1364
engagement,engagement,"we are enjoying a long engagement , but have n't yet set a date .",the teacher tried to increase his students ' engagement in class activities .,0,1365
work,work,start from the bottom and work towards the top .,this dough does not work easily .,0,1366
opening,opening,there is an opening in the sales department .,a salamander darted out of an opening in the rocks .,0,1367
seize,seize,birds of prey often seize small mammals .,to seize smuggled goods .,0,1368
order,order,the house is in order .,magnolias belong to the order magnoliales .,0,1369
fatigue,fatigue,political fatigue .,after watching tv with her husband she had a bad case of football fatigue .,1,1370
text,text,he wants to reconstruct the original text .,they handed out the printed text of the mayor 's speech .,1,1371
cut,cut,the sweat cut little rivulets into her face .,cut a movie scene .,0,1372
howl,howl,he gave a howl of pain .,howls of laughter .,1,1373
contraction,contraction,` wo n't ' is a contraction of ` will not ' .,` o'clock ' is a contraction of ` of the clock ' .,1,1374
pay,pay,pay a visit .,pay a call .,1,1375
play,play,play the stock market .,play with her feelings .,1,1376
play,play,they gave full play to the artist 's talent .,we saw a two-act play in the theatre .,0,1377
execute,execute,i 'll execute your orders as soon as this meeting is adjourned .,execute the decision of the people .,1,1378
lifesaving,lifesaving,"i 'm normally a big fan of lifesaving , but in his case we can make an exception .",he took a course in lifesaving .,1,1379
cut,cut,the unkindest cut of all .,the mayor proposed extensive cuts in the city budget .,0,1380
see,see,i can see what will happen .,i can see a risk in this strategy .,1,1381
know,know,i know that the president lied to the people .,it is vital that he not know .,1,1382
blaze,blaze,blaze a trail .,meteors blazed across the atmosphere .,0,1383
didacticism,didacticism,the didacticism of the 19th century gave birth to many great museums .,the didacticism expected in books for the young .,1,1384
give,give,give a yelp .,give a gulp .,1,1385
turn,turn,turn the earth in the spring .,the cream has turned -- we have to throw it out .,0,1386
implication,implication,he was suspected of implication in several robberies .,the expectation was spread both by word and by implication .,0,1387
shake,shake,shake one 's head .,he was shaken from his dreams .,0,1388
stay,stay,to stay a flat sheet in a steam boiler .,"after the trial period , she was asked to stay on and work full-time .",0,1389
recognition,recognition,the law was a recognition of their civil rights .,the recognition of the rio grande as a boundary between mexico and the united states .,1,1390
take,take,i 'll take the blue plates .,take any one of these cards .,1,1391
lift,lift,you never lift a finger to help me !,lift a load .,1,1392
charge,charge,he was arrested on a charge of larceny .,the admission charge .,0,1393
play,play,play the stock market .,they played games on their opponents .,1,1394
play,play,charlie likes to play mary .,the engine has a wheel that is playing in a rack .,0,1395
stress,stress,"he presided over the economy during the period of the greatest stress and danger""- r.j.samuelson .",she endured the stresses and strains of life .,1,1396
memorability,memorability,true memorability of phrase .,continuous change results in lack of memorability .,1,1397
convention,convention,political convention .,the eu installed an inter-institutional convention to draft a european constitution .,1,1398
window,window,they had a window of less than an hour when an attack would have succeeded .,launch window .,1,1399
night,night,how do you sleep at night when you attack your kids like that ! ?,it vanished into the night .,0,1400
series,series,a comedy series .,his coin collection included the complete series of indian-head pennies .,0,1401
come,come,she could not come because she was too upset .,he came after a few minutes .,1,1402
replace,replace,we need to replace the secretary that left a month ago .,mary replaced susan as the team 's captain and the highest-ranked player in the school .,0,1403
break,break,is it your or my turn to break ?,things began breaking bad for him when his parents died .,0,1404
travel,travel,he enjoyed selling but he hated the travel .,travel to spain .,1,1405
cut,cut,cut a hole .,the sweat cut little rivulets into her face .,1,1406
hang,hang,hang a door .,hang the venison for a few days .,0,1407
leave,leave,she was granted leave to speak .,he took his leave .,0,1408
bear,bear,bear a resemblance .,bear a signature .,1,1409
degree,degree,he earned his degree at princeton summa cum laude .,there are 360 degrees in a circle .,0,1410
connection,connection,the connection between overeating and obesity .,there was a connection between eating that pickle and having that nightmare .,0,1411
militate,militate,to militate against the possibility of his election .,politeness militated against this opinion being expressed .,1,1412
language,language,the language introduced is standard throughout the text .,he taught foreign languages .,1,1413
wildness,wildness,liza had always had a tendency to wildness .,the element of wildness in his behavior was a protest against repressive convention .,1,1414
escape,escape,they tried to stop the escape of gas from the damaged pipe .,the prisoners made their escape by digging a tunnel .,0,1415
academy,academy,the academy of music .,academies of literature and philology .,0,1416
know,know,i know latin .,adam knew eve .,0,1417
lady,lady,a lady doctor .,a chauffeur opened the door of the limousine for the grand lady .,1,1418
night,night,from noon till night .,they worked from morning to night .,1,1419
carry,carry,he had drunk more than he could carry .,the troops carried the town after a brief fight .,0,1420
suck,suck,suck the poison from the place where the snake bit .,this sucks !,0,1421
book,book,he bought a book of stamps .,they run things by the book around here .,0,1422
couple,couple,now the conductor will couple the train cars .,i 've coupled our system to theirs .,1,1423
back,back,i back you all the way .,back this enterprise .,1,1424
vegetate,vegetate,"after a hard day 's work , i vegetate in front of the television .",the fields vegetate vigorously .,0,1425
hit,hit,one boy hit the other .,i have to hit the mac machine before the weekend starts .,0,1426
run,run,do n't run that software unless you have permission . ' .,the dogs are running deer .,0,1427
run,run,run an errand .,who are these people running around in the building ?,0,1428
block,block,"the store is huge , occupying an entire city block .",he reserved a large block of seats .,0,1429
play,play,play with her feelings .,she plays on her clients ' emotions .,0,1430
know,know,i know it 's time .,he knows about 19th century politics .,1,1431
define,define,i define myself as a techno-anarchist .,define ` sadness ' .,0,1432
understand,understand,i understand wanting more .,i understand how to do it .,1,1433
gravitation,gravitation,"gravitation can not be held responsible for people falling in love ""-- albert einstein .","gravitation är svagare än elektromagnetismen , men påverkar all materia och energi .",1,1434
carry,carry,these bonds carry warrants .,sound carries well over water .,0,1435
pay,pay,pay a call .,you 'll pay for this !,0,1436
run,run,my computer is too old to run the new os .,i will run the sample .,1,1437
snap,snap,to snap a whip .,the pipe snapped .,0,1438
work,work,work the raisins into the dough .,do you want to work after the age of 60 ?,0,1439
arousal,arousal,the mechanism for arousal from sleep .,the animal undergoes regular spells of arousal .,1,1440
space,space,they tested his ability to locate objects in space .,the spaces are the notes f-a-c-e .,0,1441
operation,operation,a multinational operation .,a large-scale farming operation .,1,1442
make,make,we should make cincinnati by 7 tonight .,we barely made it to the finish line .,1,1443
check,check,he paid all his bills by check .,"i was not carrying cash , so i wrote a check for the amount .",1,1444
appointment,appointment,i 'm leaving work early because i have a doctor 's appointment .,they made an appointment to meet at six .,1,1445
floor,floor,the fire spared the forest floor .,the room has a wooden floor .,0,1446
lap,lap,the lap of the shingles should be at least ten inches .,the dog 's laps were warm and wet .,0,1447
give,give,give the orders .,i 'm going to give my wife a necklace for her birthday .,0,1448
grow,grow,her hair does n't grow much anymore .,corn does n't grow here .,1,1449
beat,beat,beat one 's breast .,this sure beats work !,0,1450
company,company,a hook-and-ladder company .,it took six companies to put out the fire .,1,1451
draw,draw,draw a weapon .,draw a wagon .,0,1452
raise,raise,we visited a farm where they raise chickens .,a few important questions were raised after the attack .,0,1453
come,come,he 's come a long way .,which letter comes before y ?,0,1454
head,head,12 head of big cattle and 14 head of branded calves .,a reduction in the assessment per head of sheep .,1,1455
stay,stay,we stayed in hawaii for a week .,i can only stay for an hour .,0,1456
cup,cup,the cup of her bra .,he wore a jock strap with a metal cup .,1,1457
life,life,social life .,city life .,1,1458
thing,thing,she has a thing about him .,he has a thing about seafood .,1,1459
head,head,12 head of big cattle and 14 head of branded calves .,at five years of age this head of cattle is worth perhaps $ 40 .,1,1460
breath,breath,he was fighting to his last breath .,he took a deep breath and dived into the pool .,1,1461
keep,keep,can i keep my old stuffed animals ?,she never keeps her promises .,0,1462
hyponym,hyponym,dog is a hyponym of animal .,british is a hyponym of european .,1,1463
post,post,if you hurry you 'll catch the post .,this military post provides an important source of income for the town nearby .,0,1464
touch,touch,"suddenly , in the crowd , i felt a touch at my shoulder .",this dish could use a touch of garlic .,0,1465
fall,fall,fall by the wayside .,we must stand or fall .,1,1466
head,head,the beer had a large head of foam .,admission is three dollars a head .,0,1467
scrap,scrap,there was not a scrap left .,she jotted it on a scrap of paper .,1,1468
stand,stand,they took a firm stand against copyright infringement .,they cut down a stand of trees .,0,1469
block,block,block an attack .,the offensive linemen tried to block the blitz .,1,1470
take,take,take action .,take vengeance .,1,1471
head,head,the head of a comet .,she gave great head .,0,1472
faith,faith,he cherished the faith of a good woman .,a member of his own faith contradicted him .,0,1473
declare,declare,declare dividends .,declare bankruptcy .,0,1474
work,work,he used pliers to work the wire into shape .,the salesman works the midwest .,0,1475
job,job,it is always a job to contact him .,estimates of the city 's loss on that job ranged as high as a million dollars .,0,1476
bestow,bestow,bestow an honor on someone .,medals were bestowed on the winning team .,1,1477
drag,drag,he took a drag on his cigarette and expelled the smoke slowly .,he performed in drag .,0,1478
grater,grater,i 'm making coleslaw ; do you know where the grater is ?,modern cheese graters have more than one side so the cheese can be sliced in different ways .,1,1479
boy,boy,steve is a boy of 16 .,she made the boy brush his teeth every night .,1,1480
strike,strike,we must strike the enemy 's oil fields .,panic struck me .,0,1481
play,play,the ball was still in play .,insiders said the company 's stock was in play .,1,1482
head,head,the head of the list .,i 've got to go to the head .,0,1483
tendency,tendency,fabric with a tendency to shrink .,denim has a tendency to fade .,0,1484
gather,gather,gather the close family members .,gather some stones .,0,1485
line,line,the answer to the comprehension question can be found in the third line of the accompanying text .,a nice line of shoes .,0,1486
corner,corner,a corner on the silver market .,a piano was in one corner of the room .,0,1487
correct,correct,engineers will work to correct the effects or air resistance .,correct the mistakes .,0,1488
split,split,he inserted the wedge into a split in the log .,he demanded his split before they disbanded .,0,1489
cup,cup,put the flag back in the cup .,he swore as the ball rimmed the cup and rolled away .,1,1490
window,window,they had a window of less than an hour when an attack would have succeeded .,you have a two-hour window of clear weather to finish working on the lawn .,1,1491
get,get,she did n't get to chicago until after midnight .,get permission to take a few days off from work .,0,1492
run,run,she got a run in her stocking .,i have a run in my stocking .,1,1493
bed,bed,slices of hard-boiled egg on a bed of spinach .,lake bed .,0,1494
due,due,give him his due — he is a good actor .,give the devil his due .,1,1495
coordinate,coordinate,coordinate our efforts .,"coordinate the painters , masons , and plumbers .",1,1496
population,population,the african-american population of salt lake city has been increasing .,"people come and go , but the population of this town has remained approximately constant for the past decade .",1,1497
feel,feel,i feel that we need to try harder .,i felt my way cautiously through the dangerous business maneuver .,0,1498
air,air,the flock of birds took to the air .,i need some fresh air .,1,1499
communicate,communicate,many deaf people communicate with sign language .,he and his sons have n't communicated for years .,1,1500
pull,pull,pull your knees towards your chin .,pull the rope .,1,1501
call,call,after two raises there was a call .,"the characters in henry james ' novels are forever paying calls on each other , usually in the parlor of some residence .",0,1502
run,run,run riot .,we ran the ad three times .,0,1503
application,application,a novel application of electronics to medical diagnosis .,he has tried several different word processing applications .,0,1504
rub,rub,give that lamp a good rub and see if any genies come out .,he gave the hood a quick rub .,1,1505
see,see,you have to be a good observer to see all the details .,i saw their laughing and joking .,1,1506
grow,grow,an oak tree will grow from that acorn .,the gardener grew that acorn into an oak tree .,1,1507
take,take,how should i take this message ?,you ca n't take credit for this !,1,1508
floor,floor,the room has a wooden floor .,we spread our sleeping bags on the dry floor of the tent .,1,1509
evil,evil,attempts to explain the origin of evil in the world .,do n't go giving me evils !,1,1510
know,know,i know that the president lied to the people .,she knew of our plan .,1,1511
break,break,the book dealer would not break the set .,break off the negotiations .,0,1512
carry,carry,i carry these thoughts in the back of my head .,amanda carried the package from home to new york .,0,1513
motion,motion,police controlled the motion of the crowd .,he made a motion to adjourn .,0,1514
way,way,do you know the way to the airport ?,they split the loot three ways .,0,1515
pain,pain,the pain of loneliness .,the patient developed severe pain and distension .,0,1516
flux,flux,it is important to use flux when soldering or oxides on the metal will prevent a good bond .,his opinions are in flux .,0,1517
come,come,your wish will come true .,which letter comes before y ?,1,1518
turn,turn,turn your face to the wall .,turn your dance partner around .,1,1519
time,time,it took more than half my time .,take time to smell the roses .,1,1520
poise,poise,to poise the scales of a balance .,"i poised the crowbar in my hand , and waited .",1,1521
be,be,i shall be writing to you soon .,we liked to chat while we were eating .,1,1522
know,know,i know it 's time .,she knew of our plan .,1,1523
use,use,use the plastic bags to store the food .,we only use spanish at home .,1,1524
call,call,call a football game .,i tried to call you all night .,0,1525
principle,principle,the principle of the internal combustion engine .,the principles of democracy .,1,1526
see,see,i want to see whether she speaks french .,i went to see my friend mary the other day .,0,1527
breath,breath,not a breath of scandal ever touched her .,the child 's breath came quickly and unevenly .,0,1528
follow,follow,can you follow her argument ?,the police had been following him for weeks but they could not prove his involvement in the bombing .,0,1529
finance,finance,can we finance the addition to our home ?,his parents financed his college education .,1,1530
snap,snap,to snap a whip .,to snap a fastener .,1,1531
test,test,she does n't test well .,she tested high on the lsat and was admitted to all the good law schools .,0,1532
air,air,an air of mystery .,the program was on the air from 9 til midnight .,0,1533
hold,hold,hold your tongue .,about a dozen animals were held inside the stockade .,0,1534
pass,pass,a mountain pass .,we got through the pass before it started to snow .,1,1535
head,head,a head of cauliflower .,he is two heads taller than his little sister .,0,1536
be,be,i shall be writing to you soon .,the sky is a deep blue today .,1,1537
practice,practice,you should practice playing piano every day .,pianists practice scales .,1,1538
hand,hand,"on the one hand ... , but on the other hand ...",a good hand .,0,1539
run,run,run a new program on the mac .,my computer is too old to run the new os .,1,1540
origin,origin,mineral origin .,origin in sensation .,1,1541
crystallize,crystallize,he tried to crystallize his thoughts .,my ideas crystallized overnight .,1,1542
treat,treat,i like to treat myself to a day at a spa when i am depressed .,treat the infection with antibiotics .,0,1543
rise,rise,rise to a challenge .,the building rose before them .,0,1544
acknowledge,acknowledge,we must acknowledge the kindness she showed towards us .,* they his gifts acknowledged none . - john milton .,1,1545
fatigue,fatigue,he was hospitalized for extreme fatigue .,he was suffering from museum fatigue .,0,1546
load,load,load the camera .,he loaded his gun carefully .,1,1547
cut,cut,cut paper dolls .,the vietnamese cut a lot of timber while they occupied cambodia .,0,1548
hold,hold,hold in place .,hold your breath .,0,1549
charge,charge,this cartridge has a powder charge of 50 grains .,the battery needed a fresh charge .,0,1550
run,run,she got a run in her stocking .,the ship made its run in record time .,0,1551
term,term,a prison term .,the general term of an algebraic equation of the n-th degree .,0,1552
find,find,these aspects of civilization do not find expression or receive an interpretation .,she found that he had lied to her .,0,1553
refill,refill,he got a refill for his notebook .,he got a refill for his ball-point pen .,1,1554
optimization,optimization,in an optimization problem we seek values of the variables that lead to an optimal value of the function that is to be optimized .,the simultaneous optimization of growth and profitability .,1,1555
call,call,the engineer called round whilst you were away .,call roll .,0,1556
mine,mine,this diamond comes from a mine in south africa .,most coal and ore comes from open-pit mines nowadays .,1,1557
see,see,can you see the bird in that tree ?,i saw her bake the cake .,1,1558
point,point,he held me up at the point of a gun .,the one with the most points will win the game .,0,1559
call,call,he placed a phone call to london .,i received several calls today .,1,1560
unionize,unionize,we do n't allow people to come into our plant and try to unionize the workers .,my uncle got roughed up by some corporate thugs after they caught him trying to unionize their workers .,1,1561
title,title,"a good title to an estate , or an imperfect title .",his title to fame .,0,1562
be,be,i shall be writing to you soon .,the woman is walking .,1,1563
class,class,an emerging professional class .,flirting is not unknown in college classes .,0,1564
pay,pay,you 'll pay for this opinion later .,he was allowed to go as soon as he paid .,0,1565
sight,sight,the sight of his wife brought him back to reality .,to gain sight of land .,0,1566
origin,origin,the rumor had its origin in idle gossip .,mineral origin .,1,1567
trump,trump,a trump can take a trick even when a card of a different suit is led .,clubs were declared trumps .,1,1568
course,course,we offer seafood as the first course .,he took a course in basket weaving .,0,1569
give,give,give a course .,i gave two sons to the war .,0,1570
gather,gather,let 's gather in the dining room .,gather some stones .,0,1571
light,light,"although he saw it in a different light , he still did not understand .",do you have a light ?,0,1572
mine,mine,he came out of the coal mine with a face covered in black .,most coal and ore comes from open-pit mines nowadays .,1,1573
be,be,i shall be writing to you soon .,this building is three hundred years old .,1,1574
see,see,i 'll see you to the door .,i want to see results .,0,1575
play,play,play sports .,play with her feelings .,0,1576
rig,rig,rig an election .,rig prices .,0,1577
grip,grip,the grip of a sword .,there are several good grips on the northern face of this rock .,1,1578
series,series,the post office issued a series commemorating famous american entertainers .,his coin collection included the complete series of indian-head pennies .,1,1579
give,give,give an excuse .,the roof finally gave under the weight of the ice .,0,1580
work,work,she knows how to work the system .,is your husband working again ?,0,1581
go,go,the washing machine wo n't go unless it 's plugged in .,the policemen went from door to door looking for the suspect .,0,1582
beat,beat,the grandfather clock beat midnight .,beat one 's breast .,0,1583
hold,hold,hold in place .,i hold with those who say life is sacred .,0,1584
demand,demand,there is a demand for jobs .,there is a demand for voluntary health workers in the poorer parts of africa and asia .,1,1585
hold,hold,"to carry well , i.e. to hold the head high , with arching neck .",this theory holds for all irrational numbers .,0,1586
blow,blow,blow on the soup to cool it down .,the fuse blew .,0,1587
mean,mean,i mean to go to baddeck this summer .,i mean no harm .,1,1588
contact,contact,litmus paper turns red on contact with an acid .,they forget to solder the contacts .,0,1589
trouble,trouble,he got several girls in trouble .,one trouble after another delayed the job .,0,1590
crunch,crunch,a financial crunch .,an end-of-the year crunch .,1,1591
meeting,meeting,there was an informal meeting in my living room .,his meeting with the salesmen was the high point of his day .,0,1592
weakness,weakness,the weakness of the dollar against the yen .,"in a small number of horses , muscle weakness may progress to paralysis .",1,1593
have,have,what do we have here ?,"have , throw , or make a party .",0,1594
line,line,a shared line .,"please speak up , the line is very faint .",1,1595
hit,hit,he tries to hit on women in bars .,he hit a home run .,0,1596
silence,silence,he needed silence in order to sleep .,he gestured for silence .,0,1597
carry,carry,marsupials carry their young in a pouch .,the senator carried his home state .,0,1598
give,give,do n't give the child this tough meat .,can i give you my keys while i go in the pool ?,0,1599
slip,slip,he blamed his slip on the ice .,the jolt caused many slips and a few spills .,1,1600
death,death,the death of my grandmother saddened the whole family .,her death came as a terrible shock .,1,1601
stay,stay,stay alone .,i can only stay for an hour .,1,1602
wall,wall,a wall of prejudice .,a wall of smoke .,1,1603
whole,whole,the whole of american literature .,europe considered as a whole .,1,1604
escape,escape,he made his escape from the mental hospital .,the prisoners made their escape by digging a tunnel .,1,1605
get,get,get someone mad .,he got aids .,0,1606
check,check,check the brakes .,check out the engine .,1,1607
history,history,all of human history .,the dawn of recorded history .,0,1608
raise,raise,to raise your walking stick to defend yourself .,raise a shout .,0,1609
admit,admit,to admit evidence in the trial of a cause .,we can not admit non-members into our club building .,1,1610
look,look,you do n't look your age !,this project looks fishy .,0,1611
title,title,he held the title for two years .,he had no documents confirming his title to his father 's estate .,0,1612
empathize,empathize,you really have to empathize .,you really have to empathize with them .,1,1613
side,side,it brought out his better side .,the patient was bleeding on the right side .,0,1614
come,come,your wish will come true .,their anger came to a boil .,1,1615
distress,distress,a ship in distress .,she was the classic maiden in distress .,1,1616
case,case,the accusative case canonically indicates a direct object .,a case of the jitters .,0,1617
depth,depth,the depth of the water .,from the depths of darkest africa .,0,1618
see,see,i can see a risk in this strategy .,i ca n't see him on horseback !,1,1619
sophisticate,sophisticate,to sophisticate the understanding . — southey .,to sophisticate wine . — howell .,0,1620
shoulder,shoulder,the car pulled off onto the shoulder .,he stopped the car on the shoulder of the highway to change the flat tire .,1,1621
go,go,the washing machine wo n't go unless it 's plugged in .,the day went well until i got your call .,0,1622
make,make,you have to spend money to make money !,"she makes more than he does , and works longer hours than he does , but she still does most of the house-cleaning .",1,1623
get,get,we 'll get them !,did you get it ?,0,1624
stretch,stretch,stretch the imagination .,i always stretch my muscles before exercising .,0,1625
move,move,the chairman of the company told the salesmen to move the computers .,she moves in certain circles only .,0,1626
slot,slot,he followed the deer 's slot over the soft turf to the edge of the trees .,the pc had three slots for additional memory .,0,1627
luck,luck,the luck of the irish .,they say luck is a lady .,0,1628
fall,fall,fall into a trap .,fall prey to an imposter .,1,1629
step,step,to step to one of the neighbors .,step off ten yards .,0,1630
touch,touch,he could not touch the meaning of the poem .,"they stood next to each other , their shoulders touching .",0,1631
stick,stick,stick your thumb in the crack .,she sticks to her principles .,0,1632
impact,impact,his friend 's opinion had an impact on his decision .,our choice of concrete will have a tremendous impact on the building 's mechanical performance .,1,1633
chain,chain,the third link of the silver chain needs to be resoldered .,this led to an unfortunate chain of events .,1,1634
time,time,the time of year for planting .,he waited a long time .,1,1635
carry,carry,you must carry your camping gear .,carry the suitcases to the car .,1,1636
tension,tension,the direction of maximum tension moves asymptotically toward the direction of the shear .,there is a tension between these approaches to understanding history .,0,1637
umbrella,umbrella,the democratic party is an umbrella for many liberal groups .,under the umbrella of capitalism .,1,1638
fringe,fringe,the fringe of a picture .,interference fringe .,0,1639
disband,disband,the president wanted to disband the scandal-plagued agency .,the principal disbanded the political student organization .,1,1640
draw,draw,i draw a line here .,draw parallels .,1,1641
suffer,suffer,"if you keep partying like this , your school-work will suffer .",many saints suffered martyrdom .,0,1642
finish,finish,it was a fight to the finish .,booze will be the finish of him .,1,1643
rest,rest,i need to get a good rest tonight ; i was up late last night .,the gun was steadied on a special rest .,0,1644
sign,sign,the hunters found deer sign at the end of the trail .,their angry expressions were a clear sign they did n't want to talk .,1,1645
foot,foot,the swiftest of foot .,he followed on foot .,1,1646
develop,develop,we must develop more potential customers .,we develop the leaders for the future .,0,1647
key,key,some students had stolen the key to the final exam .,some students cheated by using the answer key .,1,1648
move,move,to move in a matter .,"come on guys , let 's move : there 's work to do !",1,1649
block,block,block a muscle .,block a nerve .,1,1650
shot,shot,he is still recovering from a shot to his leg .,i caught him with a solid shot to the chin .,1,1651
mechanism,mechanism,the mechanism of the ear .,the mechanism of infection .,1,1652
leave,leave,might i beg leave to accompany you ?,"the applicant now seeks leave to appeal and , if leave be granted , to appeal against these sentences .",1,1653
bed,bed,my cat often sleeps on my bed .,he worked in the coal beds .,0,1654
plagiarism,plagiarism,"even if it 's not illegal , plagiarism is usually frowned upon .","copy from one , it 's plagiarism . copy from two , it 's research .",1,1655
refine,refine,refine paper stock .,refine pig iron .,1,1656
cut,cut,cut a ping-pong ball .,cut paper dolls .,0,1657
empathize,empathize,you really have to empathize .,you 've really got to empathize with what they want .,1,1658
time,time,the time is 10 o'clock .,do you know what time it is ?,1,1659
missus,missus,harry said he could n't stop and chat because his missus wanted to go shopping .,the missus has a list of chores for me to do this weekend .,1,1660
pay,pay,crime does n't pay .,to pay attention .,0,1661
make,make,make a decision .,make a move .,1,1662
treasure,treasure,the pirates hid their treasure on a small island in the west indies .,the trunk held all her meager treasures .,0,1663
tab,tab,pull the tab to open the can .,the collar has a tab with a button hole .,1,1664
question,question,his claim to the property has come under question .,the question of seniority will be discussed at the meeting .,0,1665
space,space,they tested his ability to locate objects in space .,functional analysis is best approached through a sound knowledge of hilbert space theory .,1,1666
drop,drop,he had a drop too much to drink .,there is not a drop of pity in that man .,1,1667
production,production,she tends to make a big production out of nothing .,they hope to increase spaghetti production next year .,0,1668
catch,catch,i have to catch a train at 7 o'clock .,catch one 's breath .,0,1669
come,come,come into the room .,he came from france .,1,1670
crack,crack,crack a joke .,the performance was fine until he cracked that dead baby joke .,1,1671
light,light,do you have a light ?,"hey , buddy , you got a light ?",1,1672
drill,drill,drill a hole into the wall .,drill for oil .,1,1673
light,light,he finally saw the light .,he stepped into the light .,0,1674
mount,mount,mount an attack .,mount a theater production .,1,1675
pull,pull,you 'll be sent home if you pull another stunt like that .,i pulled a muscle in my leg when i jumped up .,0,1676
make,make,they hope to make a bigger profit .,she made ten points in that game .,1,1677
variant,variant,"the word "" kerosine "" is a variant of “ kerosene ” .",all breeds of dog are variants of the species “ canis lupus familiaris ” .,1,1678
work,work,he could not work the math problem .,work out your problems with the boss .,1,1679
presence,presence,"i 'm convinced that there was a presence in that building that i ca n't explain , which led to my heroic actions .",any painter can benefit from the presence of a live model from which to draw .,0,1680
ulteriority,ulteriority,a terrible feeling of ulteriority .,their conversation was limited to ulteriorities .,1,1681
circulation,circulation,a fan aids air circulation .,ocean circulation is an important part of global climate .,1,1682
break,break,he finally got his big break .,it was presented without commercial breaks .,0,1683
life,life,he wanted to live his own life without interference from others .,the life of this milk carton may be thousands of years in this landfill .,0,1684
roll,roll,roll out the paper .,she rolled the ball .,0,1685
get,get,get an idea .,get nauseous .,1,1686
pull,pull,pull weeds .,he pulled out his gun before she had a chance to scream .,1,1687
beat,beat,the grandfather clock beat midnight .,beat swords into ploughshares .,0,1688
court,court,the court is now in session .,the girls were playing in the court .,0,1689
raise,raise,to raise sandy hook light .,raise the specter of unemployment .,0,1690
land,land,the plane turned away from the sea and moved back over land .,they come from a faraway land .,1,1691
hinge,hinge,his absence is the hinge of our plan .,this argument was the hinge on which the question turned .,1,1692
lie,lie,do n't lie to your parents .,the book lies on the table .,0,1693
mean,mean,i 'm afraid i do n't understand what you mean .,the sky is red this morning — does that mean we 're in for a storm ?,1,1694
tab,tab,the collar has a tab with a button hole .,the filing cards were organized by cards having indexed tabs .,1,1695
lyric,lyric,the lyric in line 3 does n't rhyme .,the lyrics were written by the composer .,1,1696
light,light,he stepped into the light .,it brought the scandal to light .,0,1697
begin,begin,begin a new chapter in your life .,begin a cigar .,0,1698
period,period,hastened the period of time of his recovery .,in england they call a period a stop .,0,1699
head,head,the head of the page .,the head of the list .,1,1700
discover,discover,"the story is false , so far as i can discover .",i discovered how to do it .,1,1701
hold,hold,hold these truths to be self-evident .,hold the bridge against the enemy 's attacks .,0,1702
source,source,pittsburgh is the source of the ohio river .,he spent hours looking for the source of that quotation .,0,1703
set,set,to set pear trees in an orchard .,set these words in italics .,0,1704
get,get,get nauseous .,she did n't get to chicago until after midnight .,0,1705
line,line,there is a narrow line between sanity and insanity .,toe the line .,0,1706
raise,raise,we raise hogs here .,raise the question of promotions .,0,1707
line,line,i ca n't follow your line of reasoning .,toe the line .,0,1708
pull,pull,he was sidelined with a hamstring pull .,iron fillings drawn by the pull of a magnet .,0,1709
hold,hold,i hold with those who say life is sacred .,elections will be held on the first sunday of next month .,0,1710
leave,leave,she did n't leave until midnight .,i left my keys inside the car and locked the doors .,0,1711
speck,speck,the plane was just a speck in the sky .,a tiny speck of soot .,1,1712
patter,patter,the patter of mice .,the patter of tiny feet .,1,1713
fit,fit,how does this shirt fit ?,"the small shirt does n't fit me , so i 'll buy the medium size .",1,1714
give,give,give priority to .,give bond .,0,1715
come,come,your wish will come true .,the water came to a boil .,1,1716
cut,cut,if you cut then i 'll deal .,the employer wants to cut back health benefits .,0,1717
play,play,play sports .,pele played for the brazilian teams in many important matches .,1,1718
see,see,i see that you have been promoted .,we had to see a psychiatrist .,0,1719
normalize,normalize,normalize relations with china .,normalize the spelling .,1,1720
act,act,"she wants to act lady macbeth , but she is too young for the role .","the dog acts ferocious , but he is really afraid of people .",0,1721
window,window,window of opportunity .,the expanded window will give us time to catch the thieves .,1,1722
take,take,we take all major credit cards .,we took a pay cut .,1,1723
come,come,nothing good will come of this .,come down here !,0,1724
cover,cover,is this enough to cover the check ?,this paint covers well .,0,1725
line,line,"i tried to make a call , but the line was dead .",drop me a line when you get there .,0,1726
see,see,the artist must first learn to see .,i went to see my friend mary the other day .,0,1727
authority,authority,she lost all her respect and authority after turning up drunk to the meeting .,tennessee valley authority .,0,1728
hold,hold,hold one 's nose .,i hold with those who say life is sacred .,0,1729
area,area,it was a mountainous area .,it was a closed area of employment .,0,1730
limit,limit,the sequence of reciprocals has zero as its limit .,to the limit of his ability .,0,1731
come,come,nothing good will come of this .,"the bill came to $ 2,000 .",0,1732
shame,shame,the teenager could n't bear the shame of introducing his parents .,one mistake brought shame to all his family .,1,1733
footage,footage,"they had stock footage of lightning , tornados , and hurricanes .",he edited the news footage .,1,1734
go,go,let 's go this way for a while .,her money went on clothes .,0,1735
fall,fall,fall into a trap .,the estate fell to the oldest daughter .,0,1736
note,note,it ended on a sour note .,he detected a note of sarcasm .,1,1737
dress,dress,dress the windows .,dress the victim 's wounds .,0,1738
turn,turn,turn cartwheels .,turn the dial to 10 .,0,1739
face,face,he washed his face .,she has a pretty face .,1,1740
rustle,rustle,rustle cattle .,the dry leaves were rustling in the breeze .,0,1741
part,part,he tried to sing the tenor part .,his part was right in the middle .,0,1742
hand,hand,a ranch hand .,her hands are really strong .,0,1743
language,language,he uttered harsh language .,the english language .,1,1744
pressurize,pressurize,pressurize a space suit .,the airplane cabin is pressurized .,1,1745
leave,leave,leave your child the nurse 's care .,"at her death , she left behind her husband and 11 cats .",0,1746
touch,touch,he has a touch of rheumatism .,this piano has a wonderful touch .,0,1747
trust,trust,he needs to regain her trust if he is ever going to win her back .,he betrayed their trust .,0,1748
describe,describe,"the feeling is difficult to describe , but not unpleasant .",he described going to work .,1,1749
charge,charge,"charge all weapons , shields , and banners .",he charged the director with indifference .,0,1750
use,use,the use of torture has been condemned by the united nations .,he warned against the use of narcotic drugs .,1,1751
play,play,play football .,he plays on three teams .,1,1752
sense,sense,common sense is not so common .,he has n't got the sense god gave little green apples .,1,1753
day,day,after that day she never trusted him again .,those were the days .,1,1754
sanitize,sanitize,sanitize a document before releasing it to the press .,sanitize history .,1,1755
shower,shower,you should shower after vigorous exercise .,he showered her with presents .,0,1756
action,action,a man of action .,he saw action in korea .,0,1757
power,power,the power of his love saved her .,the deterrent power of nuclear weapons .,1,1758
notice,notice,he gave notice two months before he moved .,"he took no notice of the changes , and went on as though nothing had happened .",0,1759
have,have,have an assistant .,have a lover .,1,1760
call,call,he placed a phone call to london .,she reported several anonymous calls .,1,1761
carry,carry,this boat can only carry a small sail .,amanda carried the package to new york .,0,1762
weapon,weapon,the club that is now mostly used for golf was once a common weapon .,he used all his conversational weapons .,0,1763
right,right,you have no right to go through my personal diary .,he stood on the right .,0,1764
rebellion,rebellion,his body was in rebellion against fatigue .,each generation must have its own rebellion .,1,1765
post,post,he occupied a post in the treasury .,a pair of posts marked the goal .,0,1766
unit,unit,change per unit volume .,the dollar is the united states unit of currency .,1,1767
third,third,"he answered the first question willingly , the second reluctantly , and the third with resentment .",now put it into third .,0,1768
opening,opening,there is an opening in the sales department .,he slipped through an opening in the crowd .,0,1769
foot,foot,we went there by foot because we could not afford a taxi .,the foot of the list .,0,1770
rock,rock,he threw a rock at me .,some fool has thrown a rock through my window .,1,1771
voice,voice,the wee small voice of conscience .,the voice of the law .,0,1772
trade,trade,they are accused of conspiring to constrain trade .,they rode the trade winds going west .,0,1773
shift,shift,shift the date for our class reunion .,shift one 's position .,0,1774
split,split,he inserted the wedge into a split in the log .,they announced a two-for-one split of the common stock .,0,1775
language,language,the english language .,he recorded the spoken language of the streets .,1,1776
cut,cut,cut my hair .,cut the engine .,0,1777
give,give,the french doors give onto a terrace .,give a course .,0,1778
pay,pay,pay attention .,he paid off the loan three months early .,0,1779
hang,hang,hang the venison for a few days .,hang one 's head in shame .,0,1780
stretch,stretch,"during the inquisition , the torturers would stretch their victims on a rack .",let 's stretch for a minute -- we've been sitting here for over 3 hours .,0,1781
mail,mail,he works for the united states mail service .,the mail handles billions of items every day .,1,1782
charge,charge,i need to charge my car battery .,do n't forget to charge the drill .,1,1783
see,see,you 'll see a lot of cheating in this school .,the 1960 's saw the rebellion of the younger generation against established traditions .,1,1784
tone,tone,from the tone of her behavior i gathered that i had outstayed my welcome .,the general tone of articles appearing in the newspapers is that the government should withdraw .,1,1785
court,court,the court is now in session .,the noblemen visited the queen in her court .,0,1786
glass,glass,we looked through the glass to see stars .,would you like a glass of milk ?,0,1787
text,text,he wants to reconstruct the original text .,there were more than a thousand words of text .,1,1788
lift,lift,lift a ban .,lift a load .,0,1789
hit,hit,the car hit a tree .,the ball hit the fence .,1,1790
life,life,he lived a long and happy life .,life depends on many chemical and physical processes .,0,1791
drive,drive,drive the cows into the barn .,drive the ball far out into the field .,0,1792
wash,wash,he managed to wash out the stains .,he washed the dirt from his coat .,1,1793
dawn,dawn,"it started to dawn , and we had to get up .",the age of computers had dawned .,0,1794
carry,carry,to carry an account to the ledger .,how many credits is this student carrying ?,0,1795
bind,bind,bind the books in leather .,the hydrogen binds the oxygen .,0,1796
meet,meet,does this paper meet the requirements for the degree ?,this proposal meets my requirements .,1,1797
hold,hold,hold your temper .,the book holds in store much valuable advise .,0,1798
burn,burn,to burn the mouth with pepper .,she was burning with anger .,0,1799
room,room,room to pass .,hardly enough elbow room to turn around .,1,1800
take,take,take the gun from your pocket .,mother took our plates away and came back with some fruit for us to eat .,1,1801
get,get,did you get it ?,what did you get at the toy store ?,0,1802
support,support,they called for artillery support .,he applied to the state for support .,0,1803
interest,interest,victorian furniture is an interest of mine .,he counts reading among his interests .,1,1804
make,make,he did n't make the choir after his voice changed .,he made twenty bucks playing poker last night .,1,1805
faith,faith,they broke faith with their investors .,keep the faith .,1,1806
raise,raise,to raise sandy hook light .,raise hell .,0,1807
ghetto,ghetto,the relative security of the gay ghetto .,no escape from the ghetto of the typing pool .,1,1808
diversification,diversification,my broker recommended a greater diversification of my investments .,he limited his losses by diversification of his product line .,1,1809
life,life,his heroism saved a life .,"she 's my love , my life .",0,1810
office,office,during his first year in office .,he rented an office in the new building .,0,1811
give,give,give priority to .,give one 's name .,0,1812
leak,leak,he had to clean up the leak .,a leak in a boat .,1,1813
fair,fair,trade fair .,book fair .,1,1814
trend,trend,the trend of a coastline .,not openly liberal but that is the trend of the book .,0,1815
title,title,his title to fame .,he kept the title to his car in the glove compartment .,0,1816
way,way,if i had my way .,a lonely way of life .,0,1817
stay,stay,i can only stay for an hour .,the smell stayed in the room .,0,1818
spend,spend,spend money .,i spent the time on worrying about the future .,0,1819
light,light,they saw the light of the beacon .,he stopped the car and turned off the lights .,0,1820
shock,shock,whole fields of wheat in shock .,it came as a shock to learn that he was injured .,0,1821
bit,bit,a horse hates having a bit put in its mouth .,the horse was not accustomed to a bit .,1,1822
have,have,what do we have here ?,i have two years left .,0,1823
take,take,do you take me for a fool ?,you ca n't take credit for this !,1,1824
owe,owe,i still owe for the car .,the thesis owes much to his adviser .,1,1825
purchase,purchase,$ 50 wo n't even purchase a dress .,carmen purchased a dress for $ 50 .,1,1826
go,go,the washing machine wo n't go unless it 's plugged in .,these ugly billboards have to go !,0,1827
grace,grace,it has become less common to say grace before having dinner .,god 's grace is manifested in the salvation of sinners .,0,1828
feel,feel,i made the students feel different about themselves .,he felt his flesh crawl .,0,1829
catch,catch,i have to stop for a moment and catch my breath .,catch one 's breath .,1,1830
make,make,make my day .,make revolution .,0,1831
connect,connect,this computer will connect well to the network .,herman connected the computers .,1,1832
act,act,the governor should act on the new energy bill .,the nanny acted quickly by grabbing the toddler and covering him with a wet towel .,1,1833
shake,shake,shake one 's head .,the bad news shook her hopes .,0,1834
read,read,the gauge read ` empty ' .,read the advertisement .,0,1835
cut,cut,she cut the deck for a long time .,wayne cut .,1,1836
lead,lead,the police are following a promising lead .,we were just waiting for someone to take the lead .,0,1837
chain,chain,a chain of mountains .,the chain of command .,1,1838
piece,piece,it was a nice piece of work .,it is down the road a piece .,0,1839
keep,keep,keep food for a week in the pantry .,there 's little to earn and many to keep .,0,1840
space,space,it all happened in the space of 10 minutes .,they tested his ability to locate objects in space .,0,1841
cut,cut,cut grain .,cut a disk .,0,1842
see,see,i want to see whether she speaks french .,could you see about lunch ?,0,1843
air,air,air pollution .,the flock of birds took to the air .,1,1844
suffer,suffer,i 've been suffering your insults for years .,many saints suffered martyrdom .,1,1845
move,move,i move to repel the rule regarding obligatory school uniform .,he moved his hand slightly to the right .,0,1846
play,play,let 's play like i am mommy .,play cowboy and indians .,1,1847
wall,wall,his back was to the wall .,the container 's walls were blue .,0,1848
hold,hold,hold your breath .,he 's held by a contract .,0,1849
bounce,bounce,bounce a check .,the rubber ball bounced .,0,1850
go,go,this chair has got to go .,the policemen went from door to door looking for the suspect .,0,1851
round,round,"the total is $ 25,715 but to keep the figures simple , i 'll round it down to $ 25,000 .",ninety-five rounds up to one hundred .,1,1852
place,place,he lost his place on the page .,grosvenor place .,0,1853
pick,pick,to pick rags .,she finally picked her successor .,0,1854
keep,keep,keep potatoes fresh .,keep notes .,0,1855
ensure,ensure,this nest egg will ensure a nice retirement for us .,our exertions ensured a good outcome .,1,1856
touch,touch,the two buildings touch .,are you all right ? you 've hardly touched your lunch .,0,1857
follow,follow,"when he lectures , i can not follow .",follow the trail .,0,1858
raise,raise,"to raise a wall , or a heap of stones .",the president raised several million dollars for his college .,0,1859
make,make,make merry .,"he made as if to punch him , but they both laughed and shook hands .",1,1860
home,home,there 's no place like home .,the teacher asked how many people made up his home .,0,1861
edge,edge,she sat on the edge of the bed .,the water 's edge .,1,1862
keep,keep,may god keep you .,she keeps an apartment in paris for her shopping trips .,0,1863
draw,draw,draw a line .,"to draw a memorial , a deed , or bill of exchange .",0,1864
sale,sale,he celebrated after the sale of company .,the salesman faxed the sales agreement to his home office .,1,1865
hold,hold,i hold him personally responsible .,the bridge held .,0,1866
point,point,"10.5 ( "" ten point five "" ; = ten and a half ) .",he stuck the point of the knife into a tree .,0,1867
garage,garage,we do n't garage our car .,we garaged the convertible during the monsoon months .,1,1868
hold,hold,to hold true .,he 's held by a contract .,0,1869
hold,hold,the general ordered the colonel to hold his position at all costs .,hold the taxi .,1,1870
vote,vote,they allowed just one vote per person .,"the supreme court upheld the principle of one person , one vote .",1,1871
deal,deal,we need to finalise the deal with henderson by midnight .,it was a package deal .,1,1872
fill,fill,he ate his fill of potatoes .,do n't feed him any more : he 's had his fill .,1,1873
face,face,dew dripped from the face of the leaf .,he looked out at a roomful of faces .,0,1874
close,close,the owners decided to move and to close the factory .,my business closes every night at 8 p.m.,1,1875
rotation,rotation,the medical resident finished a two-week rotation in pediatrics and began one in orthopaedics .,crop rotation makes a balanced demand on the fertility of the soil .,1,1876
swing,swing,the party went with a swing .,he took a wild swing at my head .,0,1877
slip,slip,he 's a mere slip of a lad .,"she could n't hurt a fly , young slip of a girl that she is .",1,1878
action,action,a rifle action .,gawkers always try to get as close to the action as possible .,0,1879
production,production,the production of white blood cells .,they hope to increase spaghetti production next year .,0,1880
side,side,he had a pain in his side .,the confederate side was prepared to attack .,0,1881
translate,translate,the renowned director could translate experience to film with ease .,braque translated collage into oil .,1,1882
advance,advance,to advance the ripening of fruit .,to advance one 's interests .,1,1883
know,know,does your husband know how to cook ?,she knows how to knit .,1,1884
center,center,shopping center .,the center fumbled the handoff .,0,1885
use,use,use your common sense .,i ca n't use this tool .,0,1886
make,make,what make of car is that ?,what make of car do you drive ?,1,1887
eye,eye,that dress caught her eye .,he tried to catch her eye .,1,1888
rub,rub,rub my hands .,i rubbed the cloth over the glass .,1,1889
procession,procession,a procession of mourners .,processions were forbidden .,1,1890
furniture,furniture,they had too much furniture for the small apartment .,a chair is furniture . sofas are also furniture .,1,1891
ball,ball,the children were playing ball in the garden .,he played with his rubber ball in the bathtub .,0,1892
news,news,is there any news about the storm ?,that 's news to me .,1,1893
keep,keep,keep open the possibility of a merger .,keep my job for me while i give birth .,1,1894
trial,trial,candidates must compete in a trial of skill .,the trials for the semifinals began yesterday .,0,1895
mouth,mouth,"open your mouth and say ' aah ' , directed the doctor .",he stuffed his mouth with candy .,1,1896
tame,tame,tame the soil .,the author finally tamed some of his potentially offensive statements .,0,1897
come,come,come out of the closet !,he comes from humble origins .,0,1898
cycle,cycle,"the "" ring of the nibelung "" is a cycle of four operas by richard wagner , the famous nineteenth-century german composer .",a year constitutes a cycle of the seasons .,0,1899
stay,stay,stay alone .,"after graduation , she stayed on in cambridge as a student adviser .",0,1900
face,face,i wish i had seen the look on his face when he got the news .,he looked out at a roomful of faces .,0,1901
use,use,use the plastic bags to store the food .,we can use this mathematical formula to solve the problem .,1,1902
see,see,i 'll probably see you at the meeting .,the 1960 's saw the rebellion of the younger generation against established traditions .,0,1903
accept,accept,people did not accept atonal music at that time .,we accept the idea of universal health care .,1,1904
rap,rap,you ca n't act irresponsibly and then expect me to take the rap .,it was a bum rap .,1,1905
use,use,use the plastic bags to store the food .,use this knife to slice the bread .,1,1906
post,post,to post someone for cowardice .,post a warning .,1,1907
treat,treat,treat an oil spill .,you treated me like a fool .,0,1908
trial,trial,a trial of progesterone failed to relieve the pain .,candidates must compete in a trial of skill .,0,1909
take,take,tomorrow the doctor will take the cast off her arm .,he took off his shoes .,1,1910
miasma,miasma,a miasma of cigar smoke .,the miasma of the marshes .,1,1911
back,back,which horse are you backing in this race ?,back this enterprise .,1,1912
cover,cover,cover your head !,the period covered the turn of the century .,0,1913
courage,courage,it takes a lot of courage to be successful in business .,a great part of courage is the courage of having done the thing before .,1,1914
give,give,i give you two minutes to respond .,she gave him first aid .,0,1915
raise,raise,we raise hogs here .,raise the price of bread .,0,1916
feel,feel,she has a feel for music .,he has a feel for animals .,1,1917
shed,shed,i did n't shed many tears when he left me .,our dog sheds every spring .,0,1918
make,make,make an estimate .,what do you make of his remarks ?,1,1919
coverage,coverage,do n't go to lunch if we do n't have enough coverage for the help-desk phones .,the enemy fire is increasing – can we get some immediate coverage from those bunkers ?,1,1920
light,light,it brought the scandal to light .,put that light out !,0,1921
term,term,the term allowed to a debtor to discharge his debt .,he was sentenced to a term of six years in prison .,1,1922
appear,appear,he had to appear in court last month .,a ship appeared .,0,1923
air,air,the flock of birds took to the air .,there was a tension in the air which made me suspect an approaching storm .,1,1924
company,company,he started the company in his garage .,he only invests in large well-established companies .,1,1925
order,order,order a work stoppage .,order me some flowers .,1,1926
tell,tell,he could tell that she was unhappy .,ellen told helen about the situation .,0,1927
sex,sex,( the believers ... those ... ) who abstain from sex .,all you ever think about is sex .,1,1928
feeling,feeling,the house gave me a feeling of dread .,he had terrible feelings of guilt .,1,1929
time,time,he waited a long time .,he had a time holding back the tears .,0,1930
drop,drop,drop a hint .,the light dropped from the ceiling .,0,1931
turn,turn,turn your palm this way .,the company turned a good profit after a year .,0,1932
come,come,melons come from a vine .,understanding comes from experience .,1,1933
tear,tear,ryan wiped the tear from the paper he was crying on .,his story brought tears to her eyes .,1,1934
play,play,they gave full play to the artist 's talent .,the coach drew up the plays for her team .,0,1935
life,life,"having experienced both , the vampire decided that he preferred (un)death to life .",he appointed himself emperor for life .,0,1936
day,day,my day began early this morning .,she called it a day and went to bed .,1,1937
construction,construction,he had worked in construction all his life .,i concluded from his awkward constructions that he was a foreigner .,0,1938
roll,roll,roll your hair around your finger .,bill rolled the ball down the hill .,0,1939
operation,operation,the power of its engine determines its operation .,a multinational operation .,0,1940
catch,catch,we have a big barrel to catch the rainwater .,catch a show on broadway .,0,1941
get,get,let 's get down to work now .,she did n't get the joke .,0,1942
day,day,he was a successful pianist in his day .,in the days of sailing ships .,1,1943
catch,catch,i would love to have dinner but i have to catch a plane .,catch the ball !,0,1944
tell,tell,he could tell that she was unhappy .,she told him how he did it .,0,1945
softness,softness,suddenly her gigantic power melted into softness for the baby .,he attributes the disappointing results to softness in the economy .,0,1946
business,business,he bought his brother 's business .,a racially integrated business concern .,1,1947
line,line,he got out of line .,he drew a line on the chart .,0,1948
header,header,"your header is too long ; "" local cannibals "" will suffice .",he took a header into the shrubbery .,0,1949
score,score,settling a score .,the score was 7 to 0 .,0,1950
surgery,surgery,he read the warning in the doctor 's surgery .,i dropped in on the surgery as i was passing to show the doctor my hemorrhoids .,1,1951
likelihood,likelihood,in all likelihood the meeting will be cancelled .,the likelihood is that the inflation rate will continue to rise .,1,1952
background,background,they got a bad connection and could hardly hear one another over the background signals .,he posed her against a background of rolling hills .,0,1953
roll,roll,roll out the paper .,the pastry rolls well .,1,1954
touch,touch,"can he reach ? "" "" the chair must not touch the wall .",the local mafia wo n't touch gambling .,0,1955
table,table,it was a sturdy table .,he entertained the whole table with his witty remarks .,0,1956
plane,plane,any line joining two points on a plane lies wholly on that plane .,the cabinetmaker used a plane for the finish work .,0,1957
conquer,conquer,conquer your fears .,conquer a country .,1,1958
find,find,i can not find my gloves !,physicists believe they found a new elementary particle .,0,1959
impact,impact,the book had an important impact on my thinking .,his friend 's opinion had an impact on his decision .,1,1960
lumberyard,lumberyard,i 'll just go to the lumberyard and buy some more two by fours so we can finish building this .,"he got a job at the lumberyard , working the big saw for planks .",1,1961
get,get,i ca n't get these boots off ( or on ) .,that song gets me so depressed every time i hear it .,1,1962
occur,occur,precious stones occur in a large area in brazil .,sexism occurs in many workplaces .,1,1963
place,place,if you were in my place what would you do ?,he comes from a place near chicago .,0,1964
develop,develop,we must develop more potential customers .,the embryo develops into a fetus .,0,1965
go,go,go about the world in a certain manner .,his knowledge does n't go very far .,0,1966
round,round,we enjoyed our round of the local bars .,the story is going the rounds in washington .,0,1967
pull,pull,you 're going to have to pull harder to get that cork out of the bottle .,the athlete pulled a tendon in the competition .,0,1968
pain,pain,your mother is a right pain .,as the intensity increased the sensation changed from tickle to pain .,0,1969
language,language,the gift of language .,the speed with which a program can be executed depends on the language in which it is written .,1,1970
write,write,please write to me every week .,your son has been writing on the wall .,0,1971
interpreter,interpreter,she was famous as an interpreter of shakespearean roles .,his paintings reveal a sensitive interpreter of nature .,1,1972
give,give,give a course .,the draft gave me a cold .,0,1973
snap,snap,"if you bend it too much , it will snap .",she snapped a picture of the president .,0,1974
concatenation,concatenation,it was caused by an improbable concatenation of circumstances .,a complicated concatenation of circumstances .,0,1975
catch,catch,did you catch a cold ?,i caught some z 's on the train .,0,1976
render,render,render the town to the enemy .,render up the prisoners .,1,1977
refund,refund,"a governor , that had pillaged the people , was sentenced to refund what he had wrongfully taken . — l'estrange .","if you find this computer for sale anywhere at a lower price , we 'll refund you the difference .",1,1978
replace,replace,replace the book on the shelf after you have finished reading it .,the insurance will replace the lost income .,0,1979
time,time,he was a great actor in his time .,the time of year for planting .,1,1980
wharf,wharf,wharf the passengers .,wharf the mouth of the river .,0,1981
world,world,the world of insects .,the outdoor world .,1,1982
life,life,city life .,get a life .,1,1983
light,light,"hey , buddy , you got a light ?",can you shed light on this problem ?,0,1984
head,head,they shot 20 head of quail .,a reduction in the assessment per head of sheep .,1,1985
block,block,block a garment .,he blocked the basketball player 's shot .,0,1986
call,call,he was ejected for protesting the call .,he placed a phone call to london .,0,1987
cover,cover,cover your head !,the president covered the fact that he bugged the offices in the white house .,0,1988
strike,strike,strike a balance .,strike a bargain .,1,1989
work,work,she never worked because she inherited a lot of money .,is your husband working again ?,1,1990
look,look,he went out to have a look .,his camera does his looking for him .,1,1991
work,work,she knows how to work the system .,he works his parents for sympathy .,1,1992
brighten,brighten,the paint will brighten the room .,she brightened when i changed the subject .,1,1993
unit,unit,the centimetre is a unit of length .,the dollar is the united states unit of currency .,1,1994
pull,pull,the spaceship came under the pull of the gas giant .,the pull of the moon .,1,1995
say,say,let 's say you had a lot of money -- what would you do ?,let us say that he did not tell the truth .,1,1996
opener,opener,she played chopin for her opener .,the season 's opener was a game against the yankees .,1,1997
dozen,dozen,i ordered two dozen doughnuts .,"pack the shirts in dozens , please .",1,1998
set,set,set a broken bone .,the moon sets at eight o'clock tonight .,0,1999
help,help,she could not help watching the sad spectacle .,i ca n't help myself -- i have to smoke .,1,2000
water,water,they were sitting by the water 's edge .,they invaded our territorial waters .,1,2001
section,section,there are three synagogues in the jewish section .,she got a job in the historical section of the treasury .,0,2002
order,order,the house is in order .,order ruled in the streets .,1,2003
raise,raise,raise an army .,raise your ` o ' .,0,2004
classify,classify,"should we classify "" make up "" as an idiom or as a phrasal verb ?",she classified the articles into different genres .,1,2005
serve,serve,they serve a restricted role on the bench .,he had served in financial planning positions .,1,2006
formation,formation,the formation of crystals .,the formation of pseudopods .,1,2007
pack,pack,to pack fish .,crowds packed the stands .,1,2008
introduce,introduce,introduce a rule .,introduce exotic fruits .,1,2009
tell,tell,please tell me how to do it .,i tell you that man is a crook !,1,2010
hum,hum,there is a constant hum of military preparation .,the hum of distant traffic .,0,2011
hit,hit,we hit detroit at one in the morning but kept driving through the night .,the ball hit the fence .,0,2012
mean,mean,i did n't mean to knock your tooth out .,i 'm afraid i do n't understand what you mean .,0,2013
side,side,they always sat on the right side of the church .,the confederate side was prepared to attack .,0,2014
drink,drink,drink was his downfall .,i 'd like another drink please .,0,2015
number,number,he has an unlisted number .,he had a number of chores to do .,0,2016
beat,beat,beat the egg whites .,reading beats watching television .,0,2017
spin,spin,spin silk .,the creek spun its course through the woods .,0,2018
cold,cold,cold is a vasoconstrictor .,come in out of the cold .,1,2019
side,side,which side of the tray shall i put it on ?,he is on the purchasing side of the business .,0,2020
clash,clash,these colors clash .,fans from opposing teams clashed on the streets after the game .,1,2021
respect,respect,syngman rhee kept imprisoned the dowager queen yun empress sunjeong of the korean empire for fear of the respect the people held for her .,out of respect for his privacy .,0,2022
apply,apply,i apply this rule to get good results .,apply for a job .,0,2023
key,key,the key to development is economic integration .,they were carrying two keys of heroin .,0,2024
be,be,when will the meeting be ?,i have been to spain many times .,1,2025
carry,carry,to carry the war from greece into asia .,the jar carries wine .,0,2026
bear,bear,bear news .,bear gifts .,1,2027
go,go,this violinist is as good as juilliard-trained violinists go .,how fast does your new car go ?,0,2028
piece,piece,the children acted out a comic piece to amuse the guests .,it is not known who created this piece .,0,2029
go,go,how did your interview go ?,do you think the sofa will go through the door ?,0,2030
focus,focus,please focus on your studies and not on your hobbies .,we focused on what he wanted .,1,2031
deference,deference,his deference to her wishes was very flattering .,in deference to your wishes .,0,2032
break,break,break down a proof .,i broke my foot while playing hockey .,0,2033
attack,attack,the visiting team started to attack .,i attacked the problem as soon as i got out of bed .,0,2034
feel,feel,i can feel the sadness in his poems .,she felt an object brushing her arm .,0,2035
life,life,pottery was his life .,he appointed himself emperor for life .,0,2036
compare,compare,you ca n't compare my problems and yours .,we compared notes after we had both seen the movie .,1,2037
train,train,they joined the wagon train for safety .,"unfortunately , the leading bridesmaid stepped on the bride 's train as they were walking down the aisle .",0,2038
adultery,adultery,adultery is often cited as grounds for divorce .,"she engaged in adultery because her spouse has a low libido , while hers is very high .",1,2039
shower,shower,her church group has planned an adoption shower .,he took a shower after the game .,0,2040
production,production,shakespeare 's production of poetry was enormous .,the production of white blood cells .,1,2041
hall,hall,the drinking fountain was out in the hall .,the elevators were at the end of the hall .,1,2042
focus,focus,"if you 're going to beat your competitors , you need to focus .",we focused on what to do .,1,2043
give,give,give a yelp .,the roof finally gave under the weight of the ice .,0,2044
pull,pull,pull weeds .,i 'm pulling for the underdog .,0,2045
stabilization,stabilization,wage stabilization is necessary for industrial peace .,stabilization means that the product can be handled under atmospheric conditions .,1,2046
gather,gather,be careful not to stretch or gather your knitting .,"if you want to emphasise the shape , it is possible to gather the waistline .",1,2047
see,see,how nice to see you again !,we had to see a psychiatrist .,0,2048
face,face,the face of the city is changing .,the face of this company .,1,2049
put,put,he put all his efforts into this job .,she put too much emphasis on her the last statement .,1,2050
direction,direction,keep going in the same direction .,he had no direction in his life .,0,2051
pull,pull,pull the cooked chicken into strips .,a declining dollar pulled down the export figures for the last quarter .,0,2052
dig,dig,dig coal .,dig out a channel .,0,2053
business,business,they did nearly a million dollars of business over the long weekend .,government and business could not agree .,0,2054
transcript,transcript,you can obtain a transcript of this radio program by sending a self-addressed envelope to the station .,he read a transcript of the interrogation .,1,2055
draw,draw,"to draw a memorial , a deed , or bill of exchange .","they saw that the night was quickly drawing in , so they pitched their tent .",0,2056
turn,turn,the alchemists tried to turn lead into gold .,the princess turned the frog into a prince by kissing him .,1,2057
get,get,you need to get permission to leave early .,he got a girl into trouble .,0,2058
face,face,i wish i had seen the look on his face when he got the news .,the face of the city is changing .,0,2059
action,action,the action is no longer in technology stocks but in municipal bonds .,gawkers always try to get as close to the action as possible .,1,2060
head,head,admission is three dollars a head .,tickets are $ 5 per head .,1,2061
train,train,train the vine .,she is training to be a teacher .,0,2062
order,order,law and order .,the house is in order .,1,2063
point,point,we should meet at a pre-arranged point .,she walked to a point where she could survey the whole street .,1,2064
shake,shake,i could n't shake the car that was following me .,the bad news shook her hopes .,0,2065
beat,beat,the boat beat in the strong wind .,the sun was beating down on us .,0,2066
development,development,in chess your should take care of your development before moving your queen .,recent developments in iraq .,0,2067
hold,hold,hold these truths to be self-evident .,hold your temper .,0,2068
serve,serve,this table would serve very well .,the tree stump serves as a table .,1,2069
ulteriority,ulteriority,his stories were too susceptible to ulteriority .,a terrible feeling of ulteriority .,1,2070
restraint,restraint,dogs should be kept under restraint .,legal restraints .,0,2071
lead,lead,we were just waiting for someone to take the lead .,they did n't follow our lead .,1,2072
hand,hand,i did n't hold a good hand all evening .,he kept trying to see my hand .,1,2073
help,help,can you help me carry this table ?,she never helps around the house .,1,2074
go,go,this violinist is as good as juilliard-trained violinists go .,get going !,0,2075
use,use,we can use this mathematical formula to solve the problem .,use your head !,1,2076
case,case,it may rain in which case the picnic will be canceled .,a door case .,0,2077
hold,hold,hold your temper .,the canteen holds fresh water .,0,2078
taste,taste,she enjoyed her brief taste of independence .,his cold deprived him of his sense of taste .,0,2079
freshen,freshen,i 'm going to go freshen up .,she freshened up after the tennis game .,1,2080
remember,remember,do you remember that he once loved you ?,"i remember the concert clearly , but i ca n't recollect why i was there .",1,2081
safety,safety,insure the safety of the children .,"if you push it to the limit , safety is not guaranteed .",1,2082
job,job,the job of repairing the engine took several hours .,estimates of the city 's loss on that job ranged as high as a million dollars .,1,2083
universe,universe,they study the evolution of the universe .,powerful telescopes look far back into the distant reaches of the universe .,1,2084
portfolio,portfolio,i would like to introduce you to our portfolio of services .,they were disappointed by the poor returns on their stock portfolio .,1,2085
marriage,marriage,a long and happy marriage .,you should enter marriage for love .,1,2086
stay,stay,i can only stay for an hour .,the judge stayed the execution order .,0,2087
dialect,dialect,the immigrants spoke an odd dialect of english .,dialects found in both hangzhou and shanghai belong to the wu topolect .,1,2088
touch,touch,your performance does n't even touch that of your colleagues .,i would n't touch her with a ten-foot pole .,0,2089
patch,patch,a briar patch .,a patch of clouds .,0,2090
end,end,she knotted the end of the thread .,the end of the pier .,1,2091
rotate,rotate,ballet dancers can rotate their legs out by 90 degrees .,we rotate the lead soprano every night .,0,2092
audience,audience,every artist needs an audience .,the broadcast reached an audience of millions .,1,2093
hit,hit,we hit detroit by noon .,jones hit for the pitcher .,1,2094
ball,ball,a ball of fire .,a ball of twine .,1,2095
drive,drive,drive a golf ball .,he drives a bread truck .,0,2096
foot,foot,one foot of the chair was on the carpet .,armored from head to foot .,0,2097
turn,turn,turn your dance partner around .,the alchemists tried to turn lead into gold .,0,2098
hold,hold,she can hold an audience spellbound .,this story held our interest .,1,2099
boy,boy,she made the boy brush his teeth every night .,the baby was a boy .,1,2100
post,post,if you hurry you 'll catch the post .,is there any post for me ?,0,2101
back,back,the train backed into the station .,the wind backed .,1,2102
trust,trust,we can not trust anyone who deceives us .,we can trust in god .,1,2103
extension,extension,most basic files use the filename extension .bas .,the extension of ` satellite of mars ' is the set containing only demos and phobos .,0,2104
tautology,tautology,"given a boolean a , "" a or ( not a ) "" is a tautology .",a logical statement which is neither a tautology nor a contradiction is a contingency .,1,2105
set,set,the set of prime numbers is infinite .,the set of his mind was obvious .,0,2106
fall,fall,to fall a tree .,he fell to his knees .,0,2107
use,use,use the plastic bags to store the food .,he does n't know how to use a computer .,1,2108
floor,floor,the floor of the cave .,the floor of a cave served the refugees as a home .,1,2109
accept,accept,the boy scouts were going to accept him as a member .,accept students for graduate study .,1,2110
pay,pay,she had to pay the penalty for speaking out rashly .,you 'll pay for this !,1,2111
point,point,cut the skin with the point of the knife .,he broke the point of his pencil .,0,2112
stand,stand,can you stand the bookshelf up ?,he stood the broom in a corner and took a break .,1,2113
mess,mess,a mess of porridge .,she brought back a mess of fish to fix for supper .,0,2114
leak,leak,a leak in a gas pipe .,a leak in a roof .,1,2115
dozen,dozen,there should n't be more than two dozens .,"pack the shirts in dozens , please .",1,2116
life,life,he wanted to live his own life without interference from others .,he hoped for a new life in australia .,1,2117
unit,unit,he was a member of a special police unit .,after the battle the soldier had trouble rejoining his unit .,0,2118
air,air,if you 've time to spare go by air .,i need some fresh air .,0,2119
window,window,you have a two-hour window of clear weather to finish working on the lawn .,launch window .,1,2120
conceive,conceive,assisted procreation can help those trying to conceive .,the racist conceives such people to be inferior .,0,2121
get,get,i just do n't get him .,where did she get these news ?,0,2122
wash,wash,my jacket needs a wash .,at the end of the year the accounting department showed that it was a wash .,0,2123
land,land,an industrialized land .,they come from a faraway land .,0,2124
fanny,fanny,her dress was so short you could nearly see her fanny .,in england ` fanny ' is vulgar slang for female genitals .,1,2125
field,field,there are several species of wild flowers growing in this field .,oil field .,0,2126
stick,stick,a stick of wood .,the recipe calls for half a stick of butter .,0,2127
sale,sale,he has just made his first sale .,they had to complete the sale before the banks closed .,1,2128
be,be,when will the meeting be ?,i am 75 kilograms .,1,2129
force,force,a public force is necessary to give security to the rights of citizens .,the forces of evil .,0,2130
term,term,a prison term .,the term allowed to a debtor to discharge his debt .,1,2131
hold,hold,hold all calls to the president 's office while he is in a meeting .,elections will be held on the first sunday of next month .,1,2132
play,play,play safe .,the tape was playing for hours .,0,2133
catch,catch,we have a big barrel to catch the rainwater .,he was caught in the act of stealing a biscuit .,0,2134
deficit,deficit,the people concerned have a deficit in verbal memory .,they have serious linguistic deficits .,1,2135
hit,hit,the ball hit the fence .,i hit the jackpot .,0,2136
house,house,she felt she had to get out of the house .,he has a house on cape cod .,1,2137
product,product,skill is the product of hours of practice .,his reaction was the product of hunger and fatigue .,1,2138
reduce,reduce,the sauce should reduce to one cup .,the cells reduce .,0,2139
loosen,loosen,to loosen a knot .,"after the thanksgiving meal , bill loosened his belt .",1,2140
place,place,he overstepped his place .,a political system with no place for the less prominent groups .,0,2141
time,time,that 's three times he 's made the same mistake .,it is time to go .,0,2142
go,go,we should go farther in this matter .,his money went on drink .,0,2143
use,use,there is no use for your invention .,he warned against the use of narcotic drugs .,1,2144
business,business,show me where the business was today .,government and business could not agree .,0,2145
language,language,the speed with which a program can be executed depends on the language in which it is written .,the language introduced is standard throughout the text .,1,2146
bet,bet,i bet she will be there !,you can bet on that !,0,2147
element,element,water is the element of fishes .,in your element .,0,2148
bring,bring,"waiter , please bring me a single malt whiskey .",this brings me to the main point .,1,2149
interpreter,interpreter,she was famous as an interpreter of shakespearean roles .,"programs written in the basic language are usually run through an interpreter , though some can be compiled .",0,2150
break,break,"i do n't know how to break this to you , but your cat is not coming back .",news of her death broke in the morning .,1,2151
line,line,they attacked the enemy 's line .,there is a narrow line between sanity and insanity .,0,2152
cut,cut,cut a ticket .,cut a check .,1,2153
book,book,he used a large book as a doorstop .,many readers find the first book of a tale of two cities to be confusing .,0,2154
year,year,i was born in the year 1950 .,"a normal year has 365 full days , but there are 366 days in a leap year .",1,2155
back,back,could you please scratch my back ?,his back was nicely tanned .,1,2156
come,come,come down here !,he came from france .,1,2157
sign,sign,charges of opposite sign .,he posted signs in all the shop windows .,0,2158
raise,raise,raise a shout .,chew with your mouth shut — were you raised in a barn ?,0,2159
company,company,the room was a mess because he had n't expected company .,keep the house clean ; i have company coming .,0,2160
whisk,whisk,the chef prepared to whisk the egg whites for the angel 's food cake .,the president was whisked away in his limo .,0,2161
operation,operation,they paid taxes on every stage of the operation .,they had to consolidate their operations .,1,2162
keep,keep,keep potatoes fresh .,i can not keep track of all my employees .,0,2163
snow,snow,it started to snow .,it is snowing .,1,2164
face,face,the face of the city is changing .,he managed to show a bold face despite his embarrassment .,1,2165
find,find,i can not find my gloves !,did you find your glasses ?,1,2166
year,year,in the year 1920 .,this chinese year is the year of the rooster .,1,2167
evade,evade,this difficult idea seems to evade her .,the con man always evades .,0,2168
check,check,these stories do n't check !,she checked for an instant and missed a step .,0,2169
catch,catch,it sounds good but what 's the catch ?,the player made an impressive catch .,0,2170
drive,drive,i drive to work every day .,drive a golf ball .,0,2171
break,break,"i do n't know how to break this to you , but your cat is not coming back .","the newsman wanted to break a big story , something that would make him famous .",1,2172
run,run,the assembly line was on a 12-hour run .,i 'm having a run of bad luck .,1,2173
figure,figure,a heroic figure .,he cut a fine figure .,1,2174
tap,tap,tap beer in a bar .,tap an m3 thread all the way through the hole .,0,2175
feel,feel,i can feel the sadness in his poems .,it feels nice to be home again .,0,2176
dig,dig,dig salt .,dig out a channel .,0,2177
refine,refine,refine oil .,refine paper stock .,1,2178
stretch,stretch,cats stretch with equal ease and agility beyond the point that breaks a man on the rack .,"to enjoy the picnic , we stretched out on the grass .",0,2179
block,block,he held a large block of the company 's stock .,"since blocks are often defined as a single sector , the terms ` block ' and ` sector ' are sometimes used interchangeably .",0,2180
hold,hold,hold a reception .,the canteen holds fresh water .,0,2181
window,window,they had a window of less than an hour when an attack would have succeeded .,window of opportunity .,1,2182
live,live,he 's not expected to live for more than a few months .,my grandfather lived until the end of war .,1,2183
piece,piece,he sacrificed a piece to get a strategic advantage .,he wrote an interesting piece on iran .,0,2184
letter,letter,the letter of a room .,there are twenty-six letters in the english alphabet .,0,2185
remove,remove,remove a threat .,doug removed the smudges .,1,2186
wave,wave,a wave of conservatism in the country led by the hard right .,there was a sudden wave of buying before the market closed .,1,2187
set,set,the country set .,he did four sets of the incline bench press .,0,2188
face,face,why the sad face ?,he washed his face .,0,2189
treat,treat,she was tempted to treat the whole affair as a joke .,i treated his advances as a joke .,1,2190
flip,flip,you need to flip the pancake onto the other side .,flip over the pork chop .,1,2191
iota,iota,"as a greek numeral , iota represents ten .",there are twelve iotas on that page .,1,2192
go,go,these ugly billboards have to go !,the day went well until i got your call .,0,2193
shatter,shatter,a high-pitched voice that could shatter glass .,the old oak tree has been shattered by lightning .,1,2194
hold,hold,i hold to these ideas .,hold your tongue .,0,2195
use,use,use your head !,use the plastic bags to store the food .,1,2196
number,number,she preferred the black nylon number .,i hope to become one of their number before i die .,0,2197
stretch,stretch,a stretch of clear water .,he did a stretch in the federal penitentiary .,0,2198
see,see,i want to see results .,could you see about lunch ?,0,2199
home,home,deliver the package to my home .,he does n't have a home to go to .,1,2200
fry,fry,he 's guilty of murder — he 's going to fry .,"if the children stay out on the beach for another hour , they 'll be fried .",0,2201
pain,pain,the patient developed severe pain and distension .,that kid is a terrible pain .,0,2202
block,block,block a nerve .,block a garment .,0,2203
line,line,to line a copy book .,line one 's pockets .,0,2204
key,key,some students had stolen the key to the final exam .,he spoke in a low key .,0,2205
line,line,a washing line .,he has a smooth line but i did n't fall for it .,0,2206
start,start,i start at eight in the morning .,i start my day with a good breakfast .,0,2207
hold,hold,hold one 's nose .,hold the bridge against the enemy 's attacks .,0,2208
furniture,furniture,a chair is furniture . sofas are also furniture .,the woman does not even have one stick of furniture moved in yet .,1,2209
change,change,he got change for a twenty and used it to pay the taxi driver .,can i get change for this $ 100 bill please ?,1,2210
load,load,the truck overturned while carrying a full load of oil .,the system broke down under excessive loads .,1,2211
area,area,it was about 500 square feet in area .,the photo is a little dark in that area .,1,2212
trojan,trojan,the contents of a trojan can be a virus or a worm .,when he downloaded the free game it turned out to be a trojan .,1,2213
grocery,grocery,the grocery store included a meat market .,she carried a sack of groceries in from the car and set it on the kitchen table .,1,2214
object,object,the object of my affection .,objects of thought .,1,2215
development,development,what a revolting development !,recent developments in iraq .,1,2216
talk,talk,there has been talk about you lately .,i attended an interesting talk on local history .,0,2217
fall,fall,fall into a trap .,she fell to pieces after she lost her work .,1,2218
reversal,reversal,there was a reversal of autonomic function .,the reversal of the image in the lens .,0,2219
blow,blow,to blow a horse .,the whales blew .,0,2220
walk,walk,we like to walk every sunday .,we must walk with our dispossessed brothers and sisters .,0,2221
academy,academy,a riding academy .,the french academy .,0,2222
separation,separation,the separation of wheat from chaff .,he hid in the separation between walls .,0,2223
hit,hit,we hit detroit by noon .,hit a ball .,0,2224
length,length,he determined the length of the shortest line segment joining the two points .,a length of tubing .,0,2225
catch,catch,did you catch that allusion ?,he caught the allusion in her glance .,0,2226
catch,catch,i did n't catch your name .,one foot caught in the stirrup .,0,2227
cover,cover,cover her face with a handkerchief .,this should cover everyone in the group .,0,2228
floor,floor,the pit floor showed where a ring of post holes had been .,many sunken ships rest on the ocean floor .,1,2229
practice,practice,practice makes perfect .,he will need lots of practice with the lines before he performs them .,1,2230
light,light,put that light out !,he stopped the car and turned off the lights .,1,2231
say,say,"martha , will you say the pledge of allegiance ?",she said her ` hail mary ' .,1,2232
court,court,the queen and her court traveled to the city to welcome back the soldiers .,the house was built around an inner court .,0,2233
strength,strength,the strength of the company 's stock in recent weeks .,fatigue sapped his strength .,0,2234
eye,eye,they were in the eye of the storm .,bright lights really hurt my eyes .,0,2235
cycle,cycle,the never - ending cycle of the seasons .,"the cycle of the seasons , or of the year .",1,2236
have,have,how many cars does she have ?,the dog down the street has a lax owner .,1,2237
wander,wander,to wander over the fields .,might her husband be wandering ?,0,2238
attitude,attitude,the ballet dancer walked with a graceful attitude .,he assumed an attitude of surrender .,1,2239
origin,origin,the rumor had its origin in idle gossip .,vegetable origins .,1,2240
church,church,this building used to be a church before being converted into a library .,our church is hosting a picnic next week .,0,2241
failure,failure,that year there was a crop failure .,he felt that his entire life had been a failure .,1,2242
come,come,come into the room .,i was standing on the corner when nick came up and asked for a cigarette .,1,2243
leak,leak,i have to take a leak .,the leaks by chelsea manning showed the secrets of the us military .,0,2244
catch,catch,i have some free time tonight so i think i 'll catch a movie .,catch a show on broadway .,1,2245
grain,grain,he does not have a grain of sense .,there was a grain of truth in what he said .,1,2246
situation,situation,no human situation is simple .,the dangerous situation developed suddenly .,1,2247
hold,hold,hold in place .,hold these truths to be self-evident .,0,2248
head,head,a reduction in the assessment per head of sheep .,at five years of age this head of cattle is worth perhaps $ 40 .,1,2249
head,head,200 head of cattle .,at five years of age this head of cattle is worth perhaps $ 40 .,1,2250
cover,cover,the insurance wo n't cover this .,he covered left field .,0,2251
trace,trace,trace a pattern .,trace the student 's progress .,0,2252
hit,hit,we hit detroit at one in the morning but kept driving through the night .,he hit a home run .,0,2253
see,see,i 'll probably see you at the meeting .,"they 're blind to the damage they do , but someday they 'll see .",1,2254
keep,keep,can i keep my old stuffed animals ?,i can not keep track of all my employees .,0,2255
play,play,there was too much play in the steering wheel .,it is still my play .,0,2256
sense,sense,a sense of happiness .,a sense of security .,1,2257
position,position,stop running all over the field and play your position !,chief of staff is the second highest position in the army .,0,2258
gap,gap,the exploring party went through the high gap in the mountains .,there was a gap in his account .,0,2259
concord,concord,both philosophers concord on this point .,concord the conditions for the marriage of the prince of wales with a commoner .,0,2260
shoot,shoot,shoot a movie .,he shot seventeen stills .,1,2261
authority,authority,respect my authority !,she spoke with authority .,0,2262
check,check,check into the rumor .,he checked my kings .,0,2263
time,time,that 's three times he 's made the same mistake .,this time he succeeded .,1,2264
raise,raise,to raise your walking stick to defend yourself .,a few important questions were raised after the attack .,0,2265
color,color,she used a different color for the trim .,a white color is made up of many different wavelengths of light .,0,2266
bit,bit,he had a bit of good luck .,a horse hates having a bit put in its mouth .,0,2267
wall,wall,a wall of water .,negotiations ran into a brick wall .,1,2268
degree,degree,he earned his degree at princeton summa cum laude .,water boils at 100 degrees celsius .,0,2269
enter,enter,enter a race .,enter a drug treatment program .,1,2270
give,give,give a course .,what will you give her for her birthday ?,0,2271
home,home,the teacher asked how many people made up his home .,deliver the package to my home .,0,2272
come,come,come out of the closet !,"the bill came to $ 2,000 .",0,2273
hold,hold,hold your tongue .,he can hold his liquor .,0,2274
give,give,this material does n't give .,he gave his life for his children .,0,2275
wilderness,wilderness,the duties of citizenship are lost sight of in the wilderness of interests of individuals and groups .,a wilderness of masts in the harbor .,1,2276
development,development,in chess your should take care of your development before moving your queen .,after he saw the latest development he changed his mind and became a supporter .,1,2277
go,go,how fast does your new car go ?,the patient went peacefully .,0,2278
job,job,he gave it up as a bad job .,she did an outstanding job as ophelia .,1,2279
check,check,check the spelling of this word .,check your luggage before boarding .,0,2280
carry,carry,these bonds carry warrants .,this undertaking carries many dangers .,1,2281
development,development,the organism has reached a crucial stage in its development .,our news team brings you the latest developments .,0,2282
wash,wash,"the car is so dirty , we need to wash it .",he washed the dirt from his coat .,1,2283
keep,keep,there 's little to earn and many to keep .,keep count .,0,2284
roll,roll,roll your hair around your finger .,the president 's convoy rolled past the crowds .,0,2285
ferment,ferment,we ferment the grapes for a very long time to achieve high alcohol content .,the middle east is fermenting .,0,2286
receive,receive,receive letters from the front .,he received christ .,0,2287
check,check,put a check mark in the box corresponding to the correct answer .,they made a check of their equipment .,0,2288
account,account,an account of a battle .,he gave an inaccurate account of the plot to kill the president .,1,2289
shower,shower,the game was interrupted by a brief shower .,he took a shower after the game .,0,2290
leave,leave,leave the flowers that you see in the park behind .,the fugitive has left the country .,0,2291
be,be,when will the meeting be ?,the sky is blue .,1,2292
see,see,i must see your passport before you can enter the country .,see whether you can come tomorrow .,0,2293
today,today,did you see today 's newspaper ?,today is beautiful .,1,2294
water,water,they were sitting by the water 's edge .,first you have to cut off the water .,0,2295
fear,fear,i fear the worst will happen .,i fear for their safety .,1,2296
dick,dick,he wore a condom over his dick .,"sorry , girls , i suck dick .",1,2297
contact,contact,they claimed that they had been in contact with extraterrestrial beings .,they forget to solder the contacts .,0,2298
return,return,on his return from australia we gave him a welcoming party .,the average return was about 5 % .,0,2299
development,development,the slow development of her skill as a writer .,the development of his ideas took many years .,1,2300
poison,poison,this mushrooms can poison .,poison someone 's mind .,0,2301
official,official,the golfer asked for an official who could give him a ruling .,in most soccer games there are three officials : the referee and two linesmen .,1,2302
join,join,i will join you watching the football game as soon as i have finished my work .,she joined him for a drink .,1,2303
park,park,park the car in the yard .,park your bag in this locker .,1,2304
beginning,beginning,he was responsible for the beginning of negotiations .,the beginning of the war .,0,2305
quarter,quarter,it 's a quarter til 4 .,a quarter after 4 o'clock .,1,2306
subject,subject,her favorite subject is physics .,a moving picture of a train is more dramatic than a still picture of the same subject .,0,2307
drill,drill,drill a hole into the wall .,drill a small hole to start the screw in the right direction .,1,2308
make,make,make the bed .,make up a room .,1,2309
sum,sum,he borrowed a large sum .,the sum of forty pounds .,1,2310
office,office,being in office already gives a candidate a great advantage .,the whole office was late the morning of the blizzard .,0,2311
cut,cut,i like the cut of that suit .,a dress of traditional cut .,1,2312
scale,scale,there are some who question the scale of our ambitions .,the scale of the map .,1,2313
go,go,go about the world in a certain manner .,we should go farther in this matter .,1,2314
care,care,i really care about my work .,i do n't care .,1,2315
leak,leak,a leak in a roof .,the leaks by chelsea manning showed the secrets of the us military .,0,2316
disk,disk,the moon 's disk hung in a cloudless sky .,venus ' disk cut off light from the sun .,1,2317
connection,connection,there was a connection via the internet .,he has powerful connections .,0,2318
conduct,conduct,she can not conduct modern pieces .,bernstein conducted mahler like no other conductor .,1,2319
position,position,atheists do not enjoy a favorable position in american life .,moved from third to fifth position .,0,2320
scratch,scratch,do n't scratch your insect bites !,the lovers scratched their names into the bark of the tree .,0,2321
part,part,they resisted every effort on his part .,glue the two parts together .,0,2322
be,be,i may be an hour .,"it has been three years since my grandmother died . ( similar to my grandmother died three years ago , but emphasizes the intervening period ) .",0,2323
pay,pay,she had to pay the penalty for speaking out rashly .,he paid her off the books and in kind where possible .,0,2324
turn,turn,turn the clay on the wheel .,she turned to her relatives for help .,0,2325
snap,snap,to snap a whip .,snap your fingers .,1,2326
furniture,furniture,a chair is furniture . sofas are also furniture .,how much furniture did they leave behind ?,1,2327
go,go,we should go farther in this matter .,the day went well until i got your call .,0,2328
fringe,fringe,her fringe is so long it covers her eyes .,interference fringe .,0,2329
lift,lift,lift one 's eyes .,lift potatoes .,0,2330
give,give,give a divorce .,give the orders .,0,2331
wave,wave,she asked the hairdresser to wave her hair .,she waved her gun .,0,2332
right,right,she is in the right .,"certain rights can never be granted to the government but must be kept in the hands of the people""- eleanor roosevelt .",0,2333
voice,voice,"o marcus , i am warm'd ; my heart leaps at the trumpet 's voice .",a shrill voice sounded behind us .,0,2334
reading,reading,a reading of the current situation .,he was famous for his reading of mozart .,1,2335
lift,lift,lift the box onto the table .,i lifted the books onto the table .,1,2336
field,field,a crop circle was made in a corn field .,he planted a field of wheat .,1,2337
size,size,"she hates me , that 's about the size of it .",that 's the size of the situation .,1,2338
toy,toy,to toy with a piece of food on one 's plate .,figo is toying with the english defence .,1,2339
way,way,did n't know the way home .,if i had my way .,0,2340
bit,bit,i gave him a bit of my mind .,a bit of lint .,1,2341
fall,fall,fall into a strange way of thinking .,fall in love .,1,2342
stay,stay,we stayed in hawaii for a week .,"after the trial period , she was asked to stay on and work full-time .",0,2343
spray,spray,spray paint on the wall .,spray water on someone .,1,2344
space,space,the architect left space in front of the building .,they stopped at an open space in the jungle .,1,2345
develop,develop,develop a market for the new mobile phone .,well developed breasts .,0,2346
grain,grain,there was a grain of truth in what he said .,we stored a thousand tons of grain for the winter .,0,2347
rule,rule,the rule of st. dominic .,he determined the upper bound with descartes ' rule of signs .,0,2348
play,play,play cards .,we played hockey all afternoon .,1,2349
practice,practice,it is good practice to check each door and window before leaving .,it is the usual practice of employees there to wear neckties only when meeting with customers .,1,2350
go,go,go about the world in a certain manner .,she went through a lot of trouble .,1,2351
raise,raise,raise a sad cry .,raised edges .,0,2352
date,date,do you know the date of the wedding ?,i arranged a date with my australian business partners .,0,2353
scale,scale,the holocaust was insanity on an enormous scale .,there are some who question the scale of our ambitions .,1,2354
clear,clear,the check will clear within 2 business days .,clear the leaves from the lawn .,0,2355
control,control,the timing and control of his movements were unimpaired .,he had lost control of his sphincters .,1,2356
start,start,we simply could not start the engine .,john started the party .,0,2357
dish,dish,marriage was scarcely his dish .,she prepared a special dish for dinner .,0,2358
keep,keep,"keep my seat , please .",keep my job for me while i give birth .,1,2359
gather,gather,gather the close family members .,"if you want to emphasise the shape , it is possible to gather the waistline .",1,2360
fix,fix,he got into a terrible fix .,"it rained before we repaired the roof , and were we in a fix !",1,2361
division,division,magnolias belong to the division magnoliophyta .,the bbc 's engineering division .,0,2362
trust,trust,we can trust in god .,in god we trust - written on denominations of us currency .,1,2363
turn,turn,turn a key .,turn the clay on the wheel .,0,2364
sense,sense,a sense of happiness .,in the best sense charity is really a duty .,0,2365
identity,identity,simply an identity element if both are true .,a left identity if i * x = x for any x in the structure .,1,2366
section,section,he always turns first to the business section .,she got a job in the historical section of the treasury .,0,2367
community,community,the preachers and the bootleggers found they had a community of interests .,they hoped to join the nato community .,0,2368
be,be,i shall be writing to you soon .,"it is hot in arizona , but it is not usually humid .",1,2369
bank,bank,the bank is on the corner of nassau and witherspoon .,he operated a bank of switches .,0,2370
reaction,reaction,he was pleased by the audience 's reaction to his performance .,john feared his mother 's reaction when she saw the broken lamp .,1,2371
turn,turn,turn the flour onto a plate .,turn towards me .,0,2372
quota,quota,all the salesmen met their quota for the month .,the quota for japanese imports was negotiated .,0,2373
take,take,i 'll take three salmon steaks .,we are taking an orphan from romania .,1,2374
divinity,divinity,ancient egyptians believed in the divinity of the pharaohs .,harvard divinity school has been teaching theology since 1636 .,0,2375
fatigue,fatigue,metal fatigue .,the soldiers were put on fatigue to teach them a lesson .,0,2376
pain,pain,the pain of loneliness .,that kid is a terrible pain .,0,2377
year,year,"a normal year has 365 full days , but there are 366 days in a leap year .",this chinese year is the year of the rooster .,1,2378
allow,allow,allow for mistakes .,the evidence allows only one conclusion .,1,2379
field,field,the set of all rational numbers is a field .,"the set of rational numbers , \mathbbq , is the prototypical field .",1,2380
tell,tell,i want to tell you a story .,the father told a story to his child .,1,2381
keep,keep,i keep my specimens under glass to protect them .,keep my job for me while i give birth .,0,2382
damage,damage,the storm did a lot of damage to the area .,what 's the damage ? he asked the waiter .,0,2383
know,know,we know this movie .,this flower is known as a peruvian lily .,1,2384
communicate,communicate,communicate a disease .,he communicated his anxieties to the psychiatrist .,0,2385
give,give,give thought to .,the roof finally gave under the weight of the ice .,0,2386
account,account,i expected a brief account .,a person of considerable account .,0,2387
turn,turn,"the hillside behind our house is n't generally much to look at , but once all the trees turn it 's gorgeous .",turn cartwheels .,0,2388
vocabulary,vocabulary,my russian vocabulary is very limited .,the vocabulary of any language is influenced by contacts with other cultures .,0,2389
capital,capital,the welsh government claims that cardiff is europe 's youngest capital .,washington d.c. is the capital of the united states of america .,1,2390
charge,charge,his charge was deliver a message .,the charges against the estate .,0,2391
setting,setting,you ca n't do that in a university setting .,the perfect setting for a ghost story .,0,2392
ministry,ministry,the present ministry of the holy spirit .,he is studying for the ministry .,1,2393
cover,cover,the cover concealed their guns from enemy aircraft .,they made a cover of a beatles ' song .,0,2394
lift,lift,lift potatoes .,lift my spirits .,0,2395
body,body,what 's a body got ta do to get a drink around here ?,they found the body in the lake .,1,2396
shell,shell,shell the legumes .,shell mussels .,1,2397
krona,krona,grāmata maksā piecas kronas — the book costs five krona .,piecas kronas — five krona .,1,2398
fall,fall,fall into a trap .,they fell out of favor .,1,2399
get,get,i ca n't get these boots off ( or on ) .,"get me those books over there , please .",1,2400
drive,drive,you drive nails into wood with a hammer .,drive a nail into the wall .,1,2401
analyze,analyze,analyze a sentence .,analyze a chemical compound .,1,2402
difficulty,difficulty,they agreed about the difficulty of the climb .,finished the test only with great difficulty .,0,2403
permit,permit,this will permit the rain to run off .,this permits the water to rush in .,1,2404
mouth,mouth,new york is at the mouth of the hudson .,the jar had a wide mouth .,0,2405
dozen,dozen,i ordered two dozen doughnuts .,there should n't be more than two dozen christmas cards left to write .,1,2406
hold,hold,she can hold an audience spellbound .,the soprano held the audience .,1,2407
fabric,fabric,it is part of the fabric of society .,the fabric of the universe .,1,2408
bitch,bitch,karma 's a bitch .,my bitch just had puppies : they 're so cute !,0,2409
line,line,"please speak up , the line is very faint .",a dedicated line .,1,2410
live,live,can you live on $ 2000 a month in new york city ?,i lived through two divorces .,0,2411
action,action,his novels always have a lot of action .,the action of natural forces .,0,2412
presence,presence,he sensed the presence of danger .,any painter can benefit from the presence of a live model from which to draw .,0,2413
tape,tape,he used a piece of tape for a belt .,he wrapped a tape around the package .,1,2414
stabilization,stabilization,he worked for price stabilization for farm products .,wage stabilization is necessary for industrial peace .,1,2415
region,region,in the abdominal region .,the temperate regions .,0,2416
number,number,this sweater is an all-wool number .,it was one of the best numbers he ever did .,0,2417
vermin,vermin,boys in the village have probably been shooting vermin .,cereals must be protected from mice and other vermin .,1,2418
figure,figure,the figure was about a thousand .,she made the best score on compulsory figures .,0,2419
side,side,the patient was bleeding on the right side .,which side of the tray shall i put it on ?,1,2420
strike,strike,we must strike the enemy 's oil fields .,a hammer strikes against the bell of a clock .,0,2421
fair,fair,book fair .,world fair .,1,2422
array,array,it was a bewildering array of books .,his tools were in an orderly array on the basement wall .,1,2423
take,take,"can you take this bag , please .",take a cookie !,1,2424
be,be,i shall be writing to you soon .,the dog was drowned by the boy .,1,2425
shoestring,shoestring,he managed it on a shoestring .,he did all that on a shoestring budget .,1,2426
concoction,concoction,he volunteered to taste her latest concoction .,his testimony was a concoction .,0,2427
party,party,she joined the party after dinner .,we 're expecting a large party from the london office .,1,2428
slit,slit,he slit the bag open and the rice began pouring out .,slit the throat of the victim .,1,2429
side,side,he turned the box over to examine the bottom side .,they painted all four sides of the house .,1,2430
business,business,we do business all over the world .,computers are now widely used in business .,1,2431
sale,sale,he celebrated after the sale of company .,they held a sale to reduce their inventory .,0,2432
strength,strength,the strength of the company 's stock in recent weeks .,it was destroyed by the strength of the gale .,0,2433
side,side,he was on the heavy side .,a cube has six sides .,0,2434
have,have,they have two more years before they retire .,i have two years left .,1,2435
focus,focus,the controversy brought clearly into focus an important difference of opinion .,the focus of activity shifted to molecular biology .,0,2436
recognition,recognition,a sudden recognition of the problem he faced .,give her recognition for trying .,0,2437
spread,spread,i spread the rice grains evenly over the floor .,the rumor spread .,0,2438
court,court,players had to reserve a court in advance .,pay court to the emperor .,0,2439
face,face,why the sad face ?,i wish i had seen the look on his face when he got the news .,0,2440
field,field,he planted a field of wheat .,there were some cows grazing in a field .,1,2441
score,score,he tried to blame the victim but his success on that score was doubtful .,what was your score on your homework ?,0,2442
play,play,the democrats still have some cards to play before they will concede the electoral victory .,this development played into her hands .,0,2443
finish,finish,the wine has a nutty flavor and a pleasant finish .,excitement grew as the finish neared .,0,2444
fall,fall,fall asleep .,many soldiers fell at verdun .,0,2445
discover,discover,"the story is false , so far as i can discover .",i discovered how she did it .,1,2446
leave,leave,at what time does your train leave ?,her blood left a stain on the napkin .,0,2447
shake,shake,shake one 's head .,she shook her finger at the naughty students .,1,2448
face,face,the face of the city is changing .,he washed his face .,0,2449
buy,buy,i 'm not going to buy your stupid excuses anymore !,carmen bought a dress from diana .,0,2450
catch,catch,catch the mood .,the rolls royce caught us near the exit ramp .,0,2451
rub,rub,rub my hands .,the cat rubbed itself against my leg .,1,2452
meet,meet,the company agrees to meet the cost of any repairs .,this proposal meets my requirements .,1,2453
hold,hold,"to carry well , i.e. to hold the head high , with arching neck .",she holds her head high .,1,2454
read,read,she read my mind and promptly rose to get me a glass of water .,i read this address as a satire .,1,2455
call,call,i tried to call you all night .,the new dean calls meetings every week .,0,2456
confidence,confidence,after that failure he lost his confidence .,everyone trusted him with their confidences .,0,2457
stretch,stretch,stretch out that piece of cloth .,i always stretch my muscles before exercising .,0,2458
point,point,life has lost its point .,get to the point .,1,2459
product,product,his reaction was the product of hunger and fatigue .,they improve their product every year .,0,2460
treatment,treatment,his treatment of the race question is badly biased .,a treatment or cure is applied after a medical problem has already started .,0,2461
come,come,melons come from a vine .,news came in of the massacre in rwanda .,0,2462
hit,hit,he hit a home run .,the movie hits theaters in december .,0,2463
streak,streak,i hope i can keep up this streak of accomplishments .,"i was on a winning streak until the fourth game , where i was dealt terrible cards .",1,2464
opening,opening,there was a small opening between the trees .,the opening established the basic theme .,0,2465
finish,finish,the car 's finish was so shiny and new .,the boat had a metallic finish .,1,2466
approach,approach,to approach the city .,"he was an admirable poet , and thought even to have approached homer . -- sir william temple .",1,2467
circus,circus,they used the elephants to help put up the circus .,the circus will be in town next week .,0,2468
make,make,this invention will make you a millionaire .,he made a fool of himself at the meeting .,1,2469
hit,hit,i have to hit the mac machine before the weekend starts .,jones hit for the pitcher .,1,2470
slip,slip,"she could n't hurt a fly , young slip of a girl that she is .",he blamed his slip on the ice .,0,2471
hang,hang,hang a door .,the cloud of suspicion hangs over her .,0,2472
ring,ring,the distinctive ring of the church bell .,"the tintinnabulation that so voluminously swells from the ringing and the dinging of the bells ""-- e. a. poe .",1,2473
be,be,when will the meeting be ?,we liked to chat while we were eating .,1,2474
conflict,conflict,the conflict between the government and the rebels began three years ago .,a conflict of loyalties .,0,2475
brush,brush,brush away the crumbs .,she brushed the suit before hanging it back into the closet .,0,2476
stay,stay,we stayed in hawaii for a week .,the smell stayed in the room .,0,2477
get,get,we 'll get them !,"get me those books over there , please .",0,2478
point,point,he checked the point on his compass .,a row of points .,0,2479
bankruptcy,bankruptcy,intellectual bankruptcy .,spiritual bankruptcy .,1,2480
fatigue,fatigue,political fatigue .,the american public is experiencing scandal fatigue .,1,2481
block,block,block a muscle .,block trains .,0,2482
be,be,i shall be writing to you soon .,"the postman has been today , but my tickets have still not yet come .",1,2483
process,process,process iron .,process the applicants .,0,2484
fall,fall,fall into a category .,silly phrases fell from her mouth .,0,2485
song,song,thomas listened to his favorite song on the radio yesterday .,a successful musical must have at least three good songs .,1,2486
term,term,mid term goals .,a prison term .,1,2487
drop,drop,he had a drop too much to drink .,a drop of 57 points on the dow jones index .,0,2488
stock,stock,they will cut round stock to 1-inch diameter .,his stock was so high he could have been elected mayor .,0,2489
unit,unit,the team is a unit .,a unit of wheat is a bushel .,0,2490
remember,remember,i ca n't remember saying any such thing .,"i remember the concert clearly , but i ca n't recollect why i was there .",1,2491
respect,respect,she lost all respect for him .,be sure to give my respects to the dean .,0,2492
grain,grain,sand of a fine grain .,a stone of coarse grain .,1,2493
flap,flap,he wrote on the flap of the envelope .,the flap of a sail .,1,2494
life,life,"she 's my love , my life .",he could no longer cope with the complexities of life .,0,2495
bear,bear,i can not bear his constant criticism .,bearing orders .,0,2496
snorter,snorter,"the maths problem is a real snorter , is n't it ?",the problem was a real snorter .,1,2497
queen,queen,the queen of ocean liners .,paris is the queen of cities .,1,2498
point,point,it 's rude to point at other people .,the dancers toes pointed outward .,0,2499
pull,pull,the pull of the moon .,iron fillings drawn by the pull of a magnet .,1,2500
try,try,"if you want to play varsity , you 'll have to try out for the team .",this approach has been tried with good results .,1,2501
wash,wash,"the car is so dirty , we need to wash it .",the nurse washed away the blood .,1,2502
hand,hand,give him a hand .,her hands are really strong .,0,2503
play,play,play cards .,play games .,1,2504
catch,catch,the fashion did not catch .,he caught the allusion in her glance .,0,2505
give,give,can i give you the children for the weekend ?,give a yelp .,0,2506
line,line,he 's not in my line of business .,historians can only point out those lines for which evidence is available .,0,2507
hit,hit,the ball hit the fence .,we hit detroit by noon .,0,2508
cover,cover,there 's a $ 15 cover tonight .,artillery provided cover fire for the withdrawal .,0,2509
check,check,place a check by the things you have done .,put a check mark in the box corresponding to the correct answer .,1,2510
range,range,estimates for the losses in the earthquake range as high as $ 2 billion .,the instruments ranged from tuba to cymbals .,1,2511
unit,unit,an idea is not a unit that can be moved from one brain to another .,he was a member of a special police unit .,0,2512
turn,turn,turn the car around .,turn your face to the wall .,1,2513
head,head,the head of the page .,the head of the stairs .,1,2514
difference,difference,it just wo n't make much of a difference to anyone .,his support made a real difference .,1,2515
charge,charge,charge the wagon with hay .,the teacher charged the children to memorize the poem .,0,2516
stick,stick,stick some feathers in the turkey before you serve it .,stick around and you will learn something !,0,2517
life,life,he could no longer cope with the complexities of life .,he lived a long and happy life .,0,2518
lie,lie,do n't lie to your parents .,he lies in his coffin .,0,2519
fall,fall,fall into a strange way of thinking .,they fell out of favor .,1,2520
give,give,i 'll give you three books for four cds .,give thought to .,0,2521
normalize,normalize,normalize the spelling .,normalize the temperature .,1,2522
ball,ball,the ball rolled into the corner pocket .,the ball travelled 90 mph on his serve .,1,2523
hold,hold,to hold true .,the weather held .,1,2524
congregation,congregation,a great congregation of birds flew over .,a congregation of children pleaded for his autograph .,1,2525
language,language,the language introduced is standard throughout the text .,the gift of language .,1,2526
part,part,the rear part of the house .,glue the two parts together .,1,2527
finish,finish,the car 's finish was so shiny and new .,"almost an inspiration which gives to all work that finish which is almost art ""-- joseph conrad .",0,2528
come,come,your wish will come true .,"the bill came to $ 2,000 .",0,2529
draw,draw,draw the curtains .,draw a conclusion .,0,2530
have,have,i have two sisters .,have another bowl of chicken soup !,0,2531
spill,spill,spill the milk .,the former employee spilled all the details .,0,2532
head,head,12 head of big cattle and 14 head of branded calves .,200 head of cattle and 50 head of horses .,1,2533
level,level,take the elevator and get off at the promenade level .,what level is the office on ?,1,2534
dress,dress,we had to dress quickly .,dress the patient .,1,2535
come,come,come down here !,come with me to the casbah .,1,2536
butt,butt,he deserves a good kick in the butt .,get your butt to the car .,1,2537
keep,keep,keep notes .,keep a diary .,1,2538
give,give,give one 's talents to a good cause .,can you give me lessons ?,0,2539
line,line,a shared line .,a dedicated line .,1,2540
way,way,make way for .,did n't know the way home .,0,2541
admit,admit,to admit evidence in the trial of a cause .,she admitted us here .,1,2542
dwelling,dwelling,the old house served as a dwelling for albert .,i was doing dwelling in the cave .,1,2543
word,word,i give you my word that i will be there on time .,he gave his word .,1,2544
spring,spring,i spent my spring holidays in morocco .,he will hold office until the spring of next year .,1,2545
wall,wall,the south wall had a small window .,we 're adding another wall in this room during the remodeling .,1,2546
place,place,a political system with no place for the less prominent groups .,a place in my heart .,1,2547
focus,focus,please focus the image .,you 'll need to focus the microscope carefully in order to capture the full detail of this surface .,1,2548
save,save,let 's save the packaging in case we need to send the product back .,this will save money .,0,2549
strike,strike,strike coins .,the workers struck for a week before the new contract went through .,0,2550
liver,liver,a high liver .,i 'd like some goose liver pate .,0,2551
sign,sign,their angry expressions were a clear sign they did n't want to talk .,those clouds show little sign of raining soon .,1,2552
set,set,to set glass in a sash .,to set a precious stone in a border of metal .,1,2553
keep,keep,keep my job for me while i give birth .,the students keep me on my toes .,0,2554
give,give,give an excuse .,what will you give her for her birthday ?,0,2555
third,third,a distant third .,"he answered the first question willingly , the second reluctantly , and the third with resentment .",1,2556
thing,thing,to say the same thing in other terms .,she has a thing about him .,0,2557
profile,profile,a psychological profile of serial killers .,a biochemical profile of blood .,1,2558
give,give,give the orders .,i gave my coat to the beggar .,0,2559
grave,grave,from cradle to grave .,he went to his grave without forgiving me .,1,2560
get,get,the operator could n't get kobe because of the earthquake .,let 's get down to work now .,0,2561
count,count,i can count my colleagues in the opposition .,each answer counts as three points .,0,2562
command,command,general smith was placed in command .,a good command of french .,0,2563
game,game,he thought of his painting as a game that filled his empty time .,his life was all fun and games .,1,2564
head,head,she gave great head .,they say he gives good head .,1,2565
hit,hit,where am i going to get my next hit ?,after three misses she finally got a hit .,0,2566
rank,rank,his salary was determined by his rank and seniority .,the entrance was guarded by ranks of policemen .,0,2567
remove,remove,remove a case to another court .,doug removed the smudges .,0,2568
plot,plot,the characters were well drawn but the plot was banal .,they concocted a plot to discredit the governor .,0,2569
draw,draw,"at the start of their turn , each player must draw a card .",he spent the day drawing in the garden .,0,2570
soften,soften,this liquid will soften your laundry .,soften the butter before beating in the sugar .,1,2571
strike,strike,the opponent refused to strike .,the teacher struck the child .,1,2572
translate,translate,the renowned director could translate experience to film with ease .,the growth in income translates into greater purchasing power .,0,2573
tact,tact,i used tact when i told my fat uncle that his extra weight made him look better .,"by the use of tact , she was able to calm her jealous husband .",1,2574
drive,drive,you drive nails into wood with a hammer .,we drive the turnpike to work .,0,2575
pay,pay,does she pay you for the work you are doing ?,pay attention .,0,2576
fall,fall,fall prey to an imposter .,fall in love .,1,2577
foil,foil,foil your opponent .,"in this picture , the figures are foiled against the background .",0,2578
raise,raise,to raise somebody to office .,raise the specter of unemployment .,0,2579
raise,raise,we visited a farm where they raise chickens .,to raise somebody to office .,1,2580
face,face,dew dripped from the face of the leaf .,why the sad face ?,0,2581
make,make,how much do you make a month in your new job ?,she made ten points in that game .,1,2582
present,present,that is enough for the present .,he lives in the present with no thought of tomorrow .,1,2583
follow,follow,can you follow her argument ?,follow a pattern .,0,2584
youth,youth,"i made many mistakes in my youth , but learned from them all .","make the most of your youth , it will not last forever .",1,2585
baron,baron,a “ robber baron ” or “ robber knight ” is an historic term and title of disdain .,an oil baron .,1,2586
have,have,have a feeling .,i wo n't have this dog in my house !,0,2587
control,control,under control .,he had lost control of his sphincters .,0,2588
normalize,normalize,there is little hope that the two countries will normalize relations ; their governments seem to hate each other and would just as soon stay on bad terms .,normalize the temperature .,1,2589
window,window,the expanded window will give us time to catch the thieves .,you have a two-hour window of clear weather to finish working on the lawn .,1,2590
normalize,normalize,there is little hope that the two countries will normalize relations ; their governments seem to hate each other and would just as soon stay on bad terms .,normalize the spelling .,1,2591
get,get,get nauseous .,the cat got the goldfish .,0,2592
be,be,i shall be writing to you soon .,she is our resident philosopher .,0,2593
stone,stone,a peach stone .,you should remove the stones from prunes before cooking .,1,2594
song,song,a bird will not learn its song unless it hears it at an early age .,i love hearing the song of canary birds .,1,2595
mean,mean,i mean to go to baddeck this summer .,i only meant to help you .,1,2596
bum,bum,a lazy bum .,that guy keeps interrupting the concert . throw the bum out !,1,2597
address,address,he failed in his manner of address to the captain .,a man of pleasing or insinuating address .,1,2598
rectify,rectify,rectify a curve .,rectify alternating current .,0,2599
score,score,the player with the highest score is the winner .,the winning score came with less than a minute left to play .,1,2600
catch,catch,catch fire .,she caught her son eating candy .,0,2601
make,make,make revolution .,make an effort .,1,2602
turn,turn,turn the clay on the wheel .,ivory turns well .,0,2603
charge,charge,to charge high for goods .,will i get charged for this service ?,1,2604
pay,pay,to pay attention .,she had to pay the penalty for speaking out rashly .,0,2605
title,title,the professor did n't like his friends to use his formal title .,he held the title for two years .,0,2606
call,call,we could always call on a friend .,call the outcome of an election .,0,2607
do,do,what does bob do ? — he 's a plumber .,this car does 150 miles per hour .,0,2608
operation,operation,a multinational operation .,it can perform millions of operations per second .,0,2609
have,have,i have two sisters .,the dog down the street has a lax owner .,1,2610
answer,answer,answer the telephone .,answer the door .,1,2611
head,head,a head of cauliflower .,a head of lettuce .,1,2612
raise,raise,to raise sandy hook light .,raise your hands .,1,2613
compare,compare,this car does not compare with our line of mercedes .,you ca n't compare my problems and yours .,0,2614
life,life,while there 's life there 's hope .,i have known him all his life .,0,2615
orbit,orbit,the moon 's orbit around the earth takes nearly one month to complete .,he plotted the orbit of the moon .,1,2616
authority,authority,respect my authority !,"i have the authority to penalise the staff in my department , but not the authority to sack them .",1,2617
neighborhood,neighborhood,my neighborhood voted for bush .,the price is in the neighborhood of $ 100 .,0,2618
cut,cut,everyone got a cut of the earnings .,the lawyer took a cut of the profits .,1,2619
dress,dress,can the child dress by herself ?,marlene dressed the baby .,1,2620
lift,lift,you never lift a finger to help me !,lift an embargo .,0,2621
play,play,play safe .,play fair .,1,2622
corner,corner,the chimney corner was full of cobwebs .,a piano was in one corner of the room .,0,2623
gather,gather,i gather from aunty may that you had a good day at the match .,i gather you have not done your homework .,1,2624
land,land,he made it the law of the land .,there 's no work on the land any more .,0,2625
extend,extend,extend the loan .,the war extended over five years .,0,2626
charge,charge,i need to charge my car battery .,he came charging into my office .,0,2627
sum,sum,he borrowed a large sum .,a tidy sum .,1,2628
lap,lap,his lap was covered with food stains .,the job fell right in my lap .,0,2629
time,time,time stops for nobody .,the time of year for planting .,0,2630
turn,turn,"in vermont , the leaves turn early .",ivory turns well .,0,2631
begin,begin,this economic measure does n't even begin to deal with the problem of inflation .,the first tourists began to arrive in cambodia .,0,2632
picture,picture,the very picture of a modern general .,the political picture is favorable .,0,2633
see,see,i want to see results .,you 'll see a lot of cheating in this school .,1,2634
get,get,what did you get at the toy store ?,she did n't get his name when they met the first time .,0,2635
degree,degree,murder in the second degree .,there are 360 degrees in a circle .,0,2636
ground,ground,he dropped the logs on the ground .,they gained ground step by step .,0,2637
pack,pack,you had better pack your swollen ankle with ice .,pack the books into the boxes .,0,2638
raise,raise,raise hell .,raise cain .,1,2639
now,now,it worked up to right now .,there is no better time than now .,1,2640
life,life,"having experienced both , the vampire decided that he preferred (un)death to life .",life depends on many chemical and physical processes .,1,2641
define,define,the camera could define the smallest object .,the tree was clearly defined by the light .,1,2642
education,education,he received no formal education .,a good teacher is essential for a good education .,1,2643
heat,heat,heat the water on the stove .,the sun heats the oceans .,1,2644
rock,rock,"while we 're in brighton , let 's get a stick of rock !",he threw a rock at me .,0,2645
calendar,calendar,the club has a busy calendar this year .,i have you on my calendar for next monday .,1,2646
sampler,sampler,a candy sampler .,a sampler of french poets .,1,2647
go,go,these ugly billboards have to go !,these luxuries all had to go under the khmer rouge .,1,2648
purchase,purchase,$ 50 wo n't even purchase a dress .,the family purchased a new car .,1,2649
lift,lift,he gave me a lift to the bus station .,he gave me a lift home .,1,2650
stabilization,stabilization,stabilization means that the product can be handled under atmospheric conditions .,he worked for price stabilization for farm products .,1,2651
heart,heart,you have n't got the heart for baseball .,hearts were trumps .,0,2652
make,make,"make love , not war .",make revolution .,1,2653
play,play,we saw a two-act play in the theatre .,he wrote several plays but only one was produced on broadway .,1,2654
draw,draw,draw a wagon .,a ship 's sail is said to draw when it is filled with wind .,1,2655
house,house,he has a house on cape cod .,this is my house and my family 's ancestral home .,1,2656
bar,bar,it was an excellent kick but the ball hit the bar .,the orchestra omitted the last twelve bars of the song .,0,2657
raise,raise,raise my salary .,raise the question of promotions .,0,2658
disturbance,disturbance,he looked around for the source of the disturbance .,there was a disturbance of neural function .,1,2659
kill,kill,kill the engine .,these new shoes are killing me !,0,2660
keep,keep,the family 's fortune waned and they could not keep their household staff .,our grant has run out and we can not keep you on .,1,2661
dress,dress,we had to dress quickly .,can the child dress by herself ?,1,2662
run,run,do n't run that software unless you have permission . ' .,run the dishwasher .,1,2663
dresser,dresser,she 's an elegant dresser .,he 's a very snappy dresser .,1,2664
think,think,just think -- you could be rich one day !,think what a scene it must have been !,1,2665
air,air,an air of mystery .,the house had a neglected air .,1,2666
offset,offset,to offset one charge against another .,offset deposits and withdrawals .,1,2667
suit,suit,they buried him in his best suit .,"be sure to keep your nose to the grindstone today ; the suits are making a "" surprise "" visit to this department .",1,2668
matter,matter,physicists study both the nature of matter and the forces which govern it .,he always took some reading matter with him on the plane .,0,2669
back,back,the horse refuses to back .,the wind backed .,1,2670
dozen,dozen,"can i have a dozen eggs , please ?",i ordered two dozen doughnuts .,1,2671
movement,movement,he had a bowel movement .,it was an expensive watch with a diamond movement .,0,2672
impute,impute,people impute great cleverness to cats .,we imputed this quotation to shakespeare .,1,2673
canvas,canvas,the movie demanded a dramatic canvas of sound .,the crowded canvas of history .,1,2674
analyze,analyze,analyze a chemical compound .,analyze a specimen .,1,2675
freeze,freeze,do n't go outside wearing just a t-shirt ; you 'll freeze !,freeze the leftover food .,0,2676
replace,replace,the insurance will replace the lost income .,we need to replace the secretary that left a month ago .,1,2677
competition,competition,the newspaper is featuring a competition to win a car .,the new stain remover was ten times more effective than the competition .,0,2678
union,union,lightning produced an unusual union of the metals .,let c be the union of the sets a and b .,0,2679
mouth,mouth,the jar had a wide mouth .,they built a fire at the mouth of the cave .,0,2680
strike,strike,the opponent refused to strike .,"in the fifth inning , the giants struck , sending three runners home to win the game 5 to 2 .",0,2681
number,number,she preferred the black nylon number .,this sweater is an all-wool number .,1,2682
double,double,his first job in hollywood was as a double for clark gable .,he hit a double to deep centerfield .,0,2683
war,war,"the "" war on terror "" is a campaign against terrorist crime .","the "" war on drugs "" is a campaign against the use of narcotic drugs .",1,2684
drink,drink,the patient must drink several liters each day .,he drank out of the goblet .,1,2685
bear,bear,bear news .,bear a heavy load .,1,2686
shift,shift,shift the emphasis .,shift one 's attention .,1,2687
love,love,a mother 's love is not easily shaken .,the theater was her first love .,0,2688
class,class,the class of all sets is not a set .,there are two classes of detergents .,1,2689
truth,truth,the truth is that he did n't want to do it .,at last he knew the truth .,1,2690
stage,stage,it set the stage for peaceful negotiations .,he clambered up onto the stage and got the actors to help him into the box .,0,2691
field,field,he was an expert in the field of chinese history .,"the farmer 's field was a civil war battleground , and relics such a minnie bullets were frequently found while plowing .",0,2692
deal,deal,deal a blow to someone .,i can deal with this crew of workers .,0,2693
piece,piece,he sacrificed a piece to get a strategic advantage .,he needed a piece of granite .,0,2694
drive,drive,drive a car or bus .,she drives for the taxi company in newark .,0,2695
fire,fire,we sat around the fire singing songs and telling stories .,fire was one of our ancestors ' first discoveries .,1,2696
get,get,you need to get permission to leave early .,i got a computer from my parents for my birthday .,1,2697
tolerate,tolerate,"i like the way he plays the guitar , but i ca n't tolerate his voice when he sings .",the patient does not tolerate the anti-inflammatory drugs we gave him .,0,2698
negociate,negociate,negociate securities .,the pianist negociated the difficult runs .,0,2699
period,period,a time period of 30 years .,hastened the period of time of his recovery .,1,2700
charge,charge,charge the wagon with hay .,will i get charged for this service ?,0,2701
pain,pain,your mother is a right pain .,that kid is a terrible pain .,1,2702
time,time,it is time to go .,these times were erroneously converted between zones .,1,2703
call,call,the salesman 's call on a customer .,that sound is the distinctive call of the cuckoo bird .,0,2704
narrowness,narrowness,the attraction of the book is precisely its narrowness of focus .,the problem with achievement tests is the narrowness they impose on students .,1,2705
finish,finish,the boat had a metallic finish .,he applied a coat of a clear finish .,1,2706
member,member,canada is a member of the united nations .,members of the opposite sex .,0,2707
turn,turn,turn on the spot .,turn the dial to 10 .,0,2708
day,day,she called it a day and went to bed .,it was a busy day on the stock exchange .,1,2709
pay,pay,she had to pay the penalty for speaking out rashly .,you 'll pay for this opinion later .,1,2710
pulp,pulp,pulp fruit .,pulp wood .,1,2711
drop,drop,a drop of each sample was analyzed .,there was a drop in pressure in the pulmonary artery .,0,2712
apology,apology,"the ceo made a public apology for the scandal , and promised full cooperation with the authorities .","what he said really hurt my feelings , but his apology sounded so sincere that i could n't help but forgive him .",1,2713
way,way,a lonely way of life .,make way for .,0,2714
entreaty,entreaty,we need an entreaty to stop the hostilities .,an entreaty to stop the fighting .,1,2715
keep,keep,i keep my specimens under glass to protect them .,keep on working !,1,2716
noise,noise,whatever it was he did n't like it and he was going to let them know by making as loud a noise as he could .,the announcement of the election recount caused a lot of noise .,1,2717
time,time,the judge leniently granted a sentence with no hard time .,he had a time holding back the tears .,0,2718
roughcast,roughcast,roughcast a wall .,to roughcast a wall or building .,1,2719
air,air,open a window and let in some air .,a smell of chemicals in the air .,1,2720
stuff,stuff,what is all that stuff on your bedroom floor ?,he did n't want his pockets to bulge so he was walking around with all his stuff in his hands .,1,2721
work,work,do you want to work after the age of 60 ?,she works as a waitress to put herself through college .,1,2722
admit,admit,we can not admit non-members into our club building .,a ticket admits one into a playhouse .,1,2723
shock,shock,loss of blood is an important cause of shock .,electricians get accustomed to occasional shocks .,0,2724
prise,prise,"2004 : most people used pliers , scissors , rubber gloves and knives to try to prise open products . — bbc news .","1919 : i think he must have been trying to prise open that box yonder when he was attacked . — sax rohmer , the quest of the sacred slipper .",1,2725
drag,drag,peeling potatoes is a drag .,he went to the party dressed in drag .,0,2726
air,air,she was humming an air from beethoven .,her hand stopped in mid air .,0,2727
hit,hit,the ball hit the fence .,the movie hits theaters in december .,0,2728
discover,discover,"the story is false , so far as i can discover .",i discovered what he should do .,1,2729
hit,hit,hit a ball .,he hit a home run .,0,2730
tip,tip,remember to tip the waiter .,tip the screen upward .,0,2731
break,break,i had to break a $ 100 bill just to buy the candy .,the wholesaler broke the container loads into palettes and boxes for local retailers .,1,2732
dwelling,dwelling,philip 's dwelling fronted on the street . - alfred tennyson .,i was doing dwelling in the cave .,1,2733
third,third,he is playing third .,now put it into third .,0,2734
act,act,the governor should act on the new energy bill .,think before you act .,1,2735
ride,ride,do n't ride me so hard over my failure .,let it ride .,0,2736
luck,luck,it was my good luck to be there .,they say luck is a lady .,1,2737
corner,corner,a piano was in one corner of the room .,the corners of the wire mesh were reinforced with little blobs of solder .,0,2738
difference,difference,it just wo n't make much difference to me .,there were irreconcilable differences .,0,2739
deal,deal,i believe it 's your deal .,i did n't have a good deal all evening .,1,2740
shoot,shoot,shoot a goal .,in my round of golf yesterday i shot a 76 .,1,2741
get,get,she did n't get his name when they met the first time .,the ice storm got my hibiscus .,0,2742
integrity,integrity,the integrity of the nervous system is required for normal development .,they admired his scrupulous professional integrity .,0,2743
break,break,did you two break the trolley by racing with it ?,the bus we travelled in broke down on the way to town .,1,2744
fall,fall,fall prey to an imposter .,her hair fell across her forehead .,0,2745
advance,advance,to advance one 's interests .,we are advancing technology every day .,0,2746
part,part,the written part of the exam .,"please turn to part i , chapter 2 .",1,2747
follow,follow,follow the trail .,follow a pattern .,0,2748
dress,dress,dress the patient .,he was dressed in the latest fashions .,1,2749
place,place,he lost his place on the page .,a political system with no place for the less prominent groups .,0,2750
subscription,subscription,my library subscription is about to expire .,the deed was attested by the subscription of his signature .,0,2751
vote,vote,they are expecting a large vote .,"the supreme court upheld the principle of one person , one vote .",0,2752
strengthen,strengthen,strengthen the relations between the two countries .,this exercise will strengthen your upper body .,1,2753
pick,pick,pick meat from a bone .,pick up the tab .,0,2754
throw,throw,throw a shoe .,throw a glance .,0,2755
place,place,a place in my heart .,he has a special place in my thoughts .,1,2756
prise,prise,"c. 1925 : come , force the gates with crowbars , prise them apart ! — jack lindsay , translation of lysistrata .","2004 : most people used pliers , scissors , rubber gloves and knives to try to prise open products . — bbc news .",1,2757
come,come,the sleeves come to your knuckles .,come into the room .,0,2758
get,get,what do you get when you add up these numbers ?,get nauseous .,0,2759
use,use,he does n't know how to use a computer .,use this knife to slice the bread .,1,2760
credit,credit,"he arrived five minutes late , but to his credit he did work an extra ten minutes at the end of his shift .",give her credit for trying .,1,2761
figure,figure,he cut a sorry figure standing there in the rain .,he made a figure of santa claus .,0,2762
clear,clear,the check will clear within 2 business days .,the sky cleared after the storm .,0,2763
catch,catch,if you leave now you might catch him .,she really caught the spirit of the place in her drawings .,0,2764
drop,drop,it was a miracle that he survived the drop from that height .,there was a drop in pressure in the pulmonary artery .,0,2765
fix,fix,"fix breakfast for the guests , please .",i was fixing to leave town after i paid the hotel bill .,0,2766
key,key,the key to solving this problem is persistence .,the key to development is economic integration .,1,2767
series,series,the harmonic series has been much studied .,they were investigating a series of bank robberies .,0,2768
property,property,charm is his most endearing property .,a study of the physical properties of atomic particles .,1,2769
sign,sign,those clouds show little sign of raining soon .,they welcomed the signs of spring .,1,2770
line,line,a dedicated line .,i ca n't follow your line of reasoning .,0,2771
come,come,come into contact with a terrorist group .,winter comes after autumn .,1,2772
go,go,how fast does your new car go ?,these luxuries all had to go under the khmer rouge .,0,2773
top,top,only the top side of the box was painted .,he stared as she buttoned her top .,0,2774
admit,admit,we can not admit non-members into our club building .,to admit a serious thought into the mind .,1,2775
break,break,break a promise .,break a law .,1,2776
death,death,england scored a goal at the death to even the score at one all .,it was the death of all his plans .,0,2777
art,art,how great thou art !,it 's quite an art .,1,2778
operation,operation,they paid taxes on every stage of the operation .,a large-scale farming operation .,1,2779
catch,catch,she managed to catch herself before telling her boss what was on her mind .,he caught the allusion in her glance .,0,2780
yes,yes,i was hoping for a yes .,was that a yes ?,1,2781
mark,mark,the citizens mark the anniversary of the revolution with a march and a parade .,this sign marks the border .,0,2782
bank,bank,he operated a bank of switches .,a huge bank of earth .,0,2783
attack,attack,this species of snake will only attack humans if it feels threatened .,"hitler attacked poland on september 1 , 1939 and started world war ii .",1,2784
formation,formation,the formation of crystals .,the formation of gas in the intestine .,1,2785
curmudgeon,curmudgeon,there 's a cranky curmudgeon working at the hospital who gives all the patients and other doctors flak .,john doe 's old age and stubborn aversion to new ideas make him a curmudgeon of a candidate .,1,2786
stage,stage,then we embarked on the second stage of our caribbean cruise .,we went out of town together by stage about ten or twelve miles .,0,2787
weakness,weakness,"in a small number of horses , muscle weakness may progress to paralysis .",the weakness of the span was overlooked until it collapsed .,0,2788
audit,audit,"to audit the accounts of a treasure , or of parties who have a suit depending in court .",audit accounts and tax returns .,1,2789
scratch,scratch,scratch that remark .,do n't scratch your insect bites !,0,2790
copy,copy,she made a copy of the designer dress .,please bring me the copies of those reports .,1,2791
rest,rest,"now that we 're all in agreement , we can put that issue to rest .",the ocean was finally at rest .,1,2792
roam,roam,the cattle roam across the prairie .,the gypsies roamed the woods .,1,2793
uncork,uncork,uncork the french wine .,uncork a bottle of wine .,1,2794
turn,turn,turn the legs of the table .,turn a somersault .,0,2795
locate,locate,our sense of sight enables us to locate objects in space .,locate the boundaries of the property .,1,2796
read,read,she read the sky and predicted rain .,i ca n't read his strange behavior .,1,2797
nick,nick,he 's just been released from shadwell nick prison after doing ten years for attempted murder .,he was arrested and taken down to sun hill nick police station to be charged .,1,2798
question,question,the question of disease merits serious discussion .,there was a question of which material to use .,1,2799
point,point,to fall off a point .,they sailed south around the point .,0,2800
raise,raise,raise from the dead .,raise a protest .,0,2801
pull,pull,you 'll be sent home if you pull another stunt like that .,"he regularly pulls 12-hour days , sometimes 14 .",1,2802
cut,cut,cut the songs .,she cut all of her major titles again .,1,2803
note,note,"i did n't have any coins to pay with , so i used a note .",he detected a note of sarcasm .,0,2804
stretch,stretch,cats stretch with equal ease and agility beyond the point that breaks a man on the rack .,i stretched the rubber band until it almost broke .,0,2805
play,play,play football .,pele played for the brazilian teams in many important matches .,1,2806
nomination,nomination,his nomination was hotly protested .,there was keen competition for the nomination .,1,2807
sex,sex,all you ever think about is sex .,they had sex in the back seat .,1,2808
hyponym,hyponym,dog is a hyponym of animal .,"a is a hyponym of b means that "" a is a type of b. "" .",1,2809
dresser,dresser,he 's a meticulous dresser .,she 's an elegant dresser .,1,2810
unemployment,unemployment,unemployment is a serious social evil .,the rate of unemployment is an indicator of the health of an economy .,1,2811
accent,accent,the name cézanne is written with an acute accent .,the room was decorated in shades of grey with distinctive red accents .,0,2812
create,create,you can create the color orange by mixing yellow and red .,he created a new movement in painting .,1,2813
do,do,will $ 100 do ?,we did 6 miles on our hike every day .,0,2814
place,place,he put the lamp back in its place .,a place in my heart .,0,2815
quality,quality,membership of this golf club is limited to those of quality and wealth .,this school is well-known for having teachers of high quality .,0,2816
keep,keep,keep your cool .,he keeps bees .,0,2817
fall,fall,fall prey to an imposter .,they fell out of favor .,1,2818
image,image,the number 6 is the image of 3 under f that is defined as f(x ) = 2*x .,the image of f(x) = x^2 is the set of all non - negative real numbers if the domain of the function is the set of all real numbers .,1,2819
point,point,he stuck the point of the knife into a tree .,a row of points .,0,2820
third,third,jones came in third .,a distant third .,1,2821
path,path,"the path of a meteor , of a caravan , or of a storm .",genius usually follows a revolutionary path .,0,2822
spell,spell,"the letters “ a ” , “ n ” and “ d ” spell “ and ” .",i 'm afraid this spells trouble !,0,2823
room,room,the whole room was cheering .,the room was on its feet .,1,2824
stay,stay,a four-month stay in bankruptcy court .,a lengthy hospital stay .,1,2825
shtik,shtik,he played a shtik beethoven .,play it straight with no shtik .,0,2826
floor,floor,the floor of the pelvis .,he is a floor trader .,0,2827
order,order,ibm received an order for a hundred computers .,the machine is now in working order .,0,2828
reaction,reaction,"in this reaction , the acid and base will neutralize each other , producing a salt .",the announcement of the verdict brought a violent reaction .,0,2829
expression,expression,the best poker players can tell if the opponents have a good hand by looking at their expression .,her expression changed from joy to misery after realising her winning lottery ticket had expired .,1,2830
go,go,these luxuries all had to go under the khmer rouge .,this violinist is as good as juilliard-trained violinists go .,0,2831
picture,picture,he had no clear picture of himself or his world .,he described his mental picture of his assailant .,1,2832
damage,damage,how much is the damage ?,what 's the damage ? he asked the waiter .,1,2833
foot,foot,the foot of the mountain .,his bare feet projected from his trousers .,0,2834
go,go,this sofa wo n't go with the chairs .,we should go farther in this matter .,0,2835
follow,follow,can you follow her argument ?,"when he lectures , i can not follow .",1,2836
get,get,she did n't get to chicago until after midnight .,the blow got him in the back .,0,2837
work,work,do you want to work after the age of 60 ?,my wife never worked .,1,2838
nonprofit,nonprofit,"if it was n't subsidized , the nonprofit would be bankrupt .",employees of a nonprofit rarely make as much as greedy counterparts in the commercial world .,1,2839
roll,roll,the roll of a ball .,calculate the roll of that aircraft .,0,2840
estimate,estimate,an estimate of what it would cost .,many factors are involved in any estimate of human life .,0,2841
point,point,point a gun .,point the letter .,0,2842
work,work,work one 's muscles .,my personal trainer works me hard .,1,2843
ground,ground,ground the electrical connections for safety reasons .,the storm grounded the ship .,0,2844
sex,sex,they had sex in the back seat .,( the believers ... those ... ) who abstain from sex .,1,2845
erase,erase,please erase the formula on the blackboard -- it is wrong !,the turks erased the armenians in 1915 .,0,2846
fail,fail,i fail to understand your motives .,a number of banks failed that year .,0,2847
make,make,do n't make this into a big deal .,he made a fool of himself at the meeting .,1,2848
execute,execute,execute the decision of the people .,"your orders have been executed , sir !",1,2849
channel,channel,a channel is typically what you rent from a telephone company .,the channel is created by bonding the signals from these four pairs .,1,2850
war,war,the war on poverty .,"in the us , conservatives rail against the "" war on christmas "" .",1,2851
softness,softness,the climate had the softness of the south of france .,softness is not something permitted of good leaders .,0,2852
body,body,a body of precedents .,a body of doctrine .,1,2853
interest,interest,in the interest of safety .,victorian furniture is an interest of mine .,0,2854
recognition,recognition,give her recognition for trying .,"molecular recognition drives all of biology , for instance , hormone and receptor or antibody-antigen interactions or the organization of molecules into larger biologically active entities .",0,2855
feel,feel,the sheets feel soft .,the ground feels shaky .,1,2856
pull,pull,the spaceship came under the pull of the gas giant .,the pull of the current .,1,2857
gravitation,gravitation,the gravitation between two bodies is proportional to the product of their masses and inversely proportional to the square of the distance between them .,"gravitation är svagare än elektromagnetismen , men påverkar all materia och energi .",1,2858
organ,organ,"georgie fame plays all types of keyboards including electric piano , organ , and hammond organ .",the organ of the communist party .,0,2859
cut,cut,we had to cut short the conversation .,cut the noise .,1,2860
rack,rack,rack one 's brains .,rack a camera .,0,2861
war,war,"the "" war on drugs "" is a campaign against the use of narcotic drugs .",the war against crime .,1,2862
name,name,halt in the name of the law .,he had no sons and there was no one to carry on his name .,0,2863
stuff,stuff,you do n't have the stuff to be a united states marine .,the trunk was full of stuff .,0,2864
street,street,walk down the street .,he lives on nassau street .,1,2865
gold,gold,she has a heart of gold .,the child was as good as gold .,1,2866
title,title,he had no documents confirming his title to his father 's estate .,i can never remember movie titles .,0,2867
throw,throw,"have , throw , or make a party .",the horse threw its rider .,0,2868
discover,discover,"the story is false , so far as i can discover .","turning the corner , i discovered a lovely little shop .",1,2869
call,call,he placed a phone call to london .,the salesman 's call on a customer .,0,2870
use,use,i ca n't use this tool .,use this knife to slice the bread .,1,2871
be,be,i shall be writing to you soon .,the sky is blue .,1,2872
session,session,a training session .,a gossip session .,1,2873
convert,convert,convert lead into gold .,he converted his garden into a tennis court .,1,2874
set,set,his instructions deliberately gave them the wrong set .,the sets were meticulously authentic .,0,2875
start,start,they got an early start .,the movie was entertaining from start to finish .,0,2876
door,door,education is the door to success .,we closed the door to haitian immigrants .,1,2877
dress,dress,we had to dress quickly .,marlene dressed herself .,1,2878
corner,corner,standing on the corner watching all the girls go by .,in many corners of the world they still practice slavery .,0,2879
dingbat,dingbat,you would be a dingbat even to try it .,yet here he was with an upper class dingbat who just happened to be married to his sister .,1,2880
work,work,can you work an electric drill ?,this pilot works the controls .,1,2881
beat,beat,beat one 's foot rhythmically .,i beat the traffic .,0,2882
connection,connection,the connection between church and state is inescapable .,the connection between overeating and obesity .,1,2883
fall,fall,fall into a strange way of thinking .,fall prey to an imposter .,1,2884
discover,discover,"the story is false , so far as i can discover .",i discovered what to do .,1,2885
quality,quality,membership of this golf club is limited to those of quality and wealth .,"while being impulsive can be great for artists , it is not a desirable quality for engineers .",0,2886
baby,baby,this project is his baby .,"hey baby , what are you doing later ?",0,2887
offset,offset,i 'll offset the time difference locally .,to offset one charge against another .,1,2888
help,help,"please , help !",can you help me carry this table ?,1,2889
pull,pull,you 'll be sent home if you pull another stunt like that .,pull your knees towards your chin .,0,2890
piece,piece,it is not known who created this piece .,i need to rest for a piece .,0,2891
ride,ride,she loves to ride her new motorcycle through town .,the child rode on his mother 's hips .,0,2892
trail,trail,there as a trail of blood .,the trail led straight to the perpetrator .,0,2893
line,line,he has a smooth line but i did n't fall for it .,a dedicated line .,0,2894
cover,cover,does my policy cover accidental loss ?,the insurance wo n't cover this .,1,2895
turn,turn,turn the dial to 10 .,turn the heat down .,1,2896
field,field,the home crowd cheered when princeton took the field .,there are several species of wild flowers growing in this field .,1,2897
suffer,suffer,suffer a terrible fate .,his grades suffered .,0,2898
unit,unit,after the battle the soldier had trouble rejoining his unit .,the coach said the offensive unit did a good job .,1,2899
ribbon,ribbon,the lighted ribbon of traffic .,a mere ribbon of land .,1,2900
assign,assign,to assign counsel for a prisoner .,the teacher assigned him to lead his classmates in the exercise .,1,2901
tension,tension,tension holds the belt in the pulleys .,the direction of maximum tension moves asymptotically toward the direction of the shear .,0,2902
raise,raise,raise a siege .,raise a family .,0,2903
tab,tab,files with a red tab will be stored separately .,the filing cards were organized by cards having indexed tabs .,1,2904
go,go,how fast does your new car go ?,this door goes to the basement .,0,2905
corruption,corruption,corruption of a minor .,the luxury and corruption among the upper classes .,0,2906
academy,academy,the military academy at west point .,academies of literature and philology .,0,2907
play,play,"i 've practiced the piano off and on , and i still ca n't play very well .",he plays the flute .,1,2908
save,save,let 's save the packaging in case we need to send the product back .,he saves half his salary .,1,2909
touch,touch,this dish could use a touch of garlic .,"with the lights out , she had to rely on touch to find her desk .",0,2910
mount,mount,mount a horse .,the rider mounted his horse .,1,2911
have,have,i do n't have any money left .,i have two years left .,1,2912
lightning,lightning,that tree was hit by lightning .,the lightning was hot enough to melt the sand .,1,2913
close,close,close up an umbrella .,they closed the deal on the building .,0,2914
block,block,anne boleyn placed her head on the block and awaited her execution .,the pyramids were built with large stone blocks .,1,2915
follow,follow,teenagers follow their friends in everything .,follow these simple rules .,0,2916
draw,draw,draw a conclusion .,draw a line .,0,2917
leave,leave,leave lots of time for the trip .,at what time does your train leave ?,0,2918
stand,stand,stand the test of time .,she stands 6 feet tall .,0,2919
begin,begin,begin a cigar .,my property begins with the three maple trees .,0,2920
turn,turn,turn your face to the wall .,ivory turns well .,0,2921
fall,fall,fall into a strange way of thinking .,fall asleep .,1,2922
snap,snap,snap your fingers .,"when her baby died , she snapped .",0,2923
bear,bear,i can not bear his constant criticism .,she is bearing his child .,0,2924
play,play,play fair .,play it safe .,1,2925
prepare,prepare,prepare a report .,the prince was prepared to become king one day .,0,2926
recognition,recognition,he looked at her for ten full minutes before recognition dawned .,increasing recognition that diabetes frequently coexists with other chronic diseases .,0,2927
get,get,did you get it ?,she did n't get the joke .,1,2928
set,set,a set of golf clubs .,a set of books .,1,2929
catch,catch,we have a big barrel to catch the rainwater .,catch the mood .,0,2930
air,air,air pollution .,a smell of chemicals in the air .,1,2931
piece,piece,i need to rest for a piece .,he needed a piece of granite .,0,2932
turn,turn,turn the clay on the wheel .,turn the legs of the table .,1,2933
call,call,take two aspirin and call me in the morning .,the ship will call in honolulu tomorrow .,0,2934
shoot,shoot,shoot a basket .,shoot a goal .,1,2935
unit,unit,he was a member of a special police unit .,the reduced the number of units and installations .,1,2936
set,set,set the table .,set the tray down .,0,2937
heart,heart,he drew a heart and called it a valentine .,he had a change of heart .,0,2938
shell,shell,nuts shell in falling .,the corn shelled .,1,2939
answer,answer,a few words would answer .,she answered the door .,0,2940
strike,strike,strike a bargain .,strike fire from the flintstone .,0,2941
reaction,reaction,a bad reaction to the medicine .,the forces of reaction carried the election .,0,2942
play,play,charlie likes to play mary .,princeton plays yale this weekend .,1,2943
price,price,the price of gasoline .,i paid a high price for my folly .,1,2944
spot,spot,a bald spot .,a leopard 's spots .,1,2945
throw,throw,throw accusations at someone .,she threw a beautiful teapot .,0,2946
go,go,the washing machine wo n't go unless it 's plugged in .,her face went red with anger .,0,2947
set,set,to set glass in a sash .,the sun sets early these days .,0,2948
draw,draw,draw parallels .,draw a conclusion .,1,2949
follow,follow,please follow the guide through the museum .,she followed a guru for years .,0,2950
appeal,appeal,appeal to somebody for help .,the idea of a vacation appeals to me .,0,2951
drink,drink,i asked for a hot drink .,likes a drink before dinner .,1,2952
now,now,it worked up to right now .,now is a good time to do it .,1,2953
point,point,point a chimney .,point the letter .,0,2954
support,support,they gave him emotional support during difficult times .,his support kept the family together .,1,2955
keep,keep,our grant has run out and we can not keep you on .,"keep my seat , please .",0,2956
softness,softness,he attributes the disappointing results to softness in the economy .,orders have recently picked up after a period of extreme softness .,1,2957
touch,touch,this piano has a wonderful touch .,she likes the touch of silk on her skin .,0,2958
turn,turn,turn your face to the wall .,she is turning 50 this year .,0,2959
beat,beat,beat a path through the forest .,beat one 's breast .,0,2960
get,get,you can not get water out of a stone .,we 'll get them !,0,2961
recognition,recognition,he was unable to make his motion because he could n't get recognition by the chairman .,increasing recognition that diabetes frequently coexists with other chronic diseases .,0,2962
save,save,this will save money .,i 'll save you the trouble .,1,2963
channel,channel,a channel is typically what you rent from a telephone company .,the english channel lies between france and england .,0,2964
conflict,conflict,the familiar conflict between republicans and democrats .,his conflict of interest made him ineligible for the post .,0,2965
find,find,find the product of two numbers .,she found the time and energy to take care of her aging parents .,0,2966
preparation,preparation,the resolution of one dissonance is often the preparation for another dissonance .,preparations for the ceremony had begun .,0,2967
box,box,an armed guard sat in the box with the driver .,the flowchart contained many boxes .,0,2968
swing,swing,swing back .,swing forward .,1,2969
date,date,"us date : 05/24/08 = tuesday , may 24th , 2008 . uk date : 24/05/08 = tuesday 24th may 2008 .","the date of a letter , of a will , of a deed , of a coin , etc .",1,2970
keep,keep,keep food for a week in the pantry .,i keep my specimens under glass to protect them .,0,2971
gather,gather,i gather from aunty may that you had a good day at the match .,let 's gather in the dining room .,0,2972
find,find,my son went to berkeley to find himself .,the arrow found its mark .,0,2973
term,term,the general term of an algebraic equation of the n-th degree .,the major term of a syllogism must occur twice .,0,2974
face,face,an angry face .,put a big sign on each face of the building that can be seen from the road .,0,2975
come,come,come into contact with a terrorist group .,their anger came to a boil .,1,2976
press,press,the press of business matters .,stop the presses !,0,2977
cold,cold,cold is a vasoconstrictor .,"come in , out of the cold .",1,2978
claim,claim,his claim that he was innocent .,evidence contradicted the government 's claims .,1,2979
pursuit,pursuit,the pursuit of love .,"unremitting pursuit of wealth does n't bring happiness , particularly if successful .",0,2980
commercialization,commercialization,both companies will retain control over the commercialization of their own products .,the government tried to accelerate the commercialization of this development .,1,2981
connect,connect,this computer will connect well to the network .,herman connected the computers together .,1,2982
baseball,baseball,he played baseball in high school .,there was a baseball game on every empty lot .,1,2983
construct,construct,construct an argument .,construct a proof .,1,2984
trend,trend,the upward trend of stock-market prices .,not openly liberal but that is the trend of the book .,0,2985
produce,produce,these chemicals produce a noxious vapor .,this procedure produces a curious effect .,1,2986
raise,raise,to raise somebody to office .,chew with your mouth shut — were you raised in a barn ?,1,2987
day,day,after that day she never trusted him again .,these days it is not unusual .,1,2988
business,business,we do business all over the world .,"he 's such a poor cook , i ca n't believe he 's still in business !",1,2989
match,match,this job does n't match my dreams .,the company matched the discount policy of its competitors .,0,2990
keep,keep,there 's little to earn and many to keep .,where do you keep your gardening tools ?,0,2991
approach,approach,approach a task .,to approach the city .,0,2992
cure,cure,cure cement .,cure resin .,1,2993
spring,spring,"you can visit me in the spring , when the weather is bearable .",spring is the time of the year most species reproduce .,1,2994
pay,pay,it will pay to wait .,he paid me 5000 pounds for the car .,0,2995
assumption,assumption,their assumption of his guilt disqualified them from jury duty .,any society is built upon certain assumptions .,1,2996
unit,unit,the word is a basic linguistic unit .,the reduced the number of units and installations .,1,2997
ease,ease,he passed all the exams with ease .,they put it into containers for ease of transportation .,1,2998
account,account,he predicted that although it is of small account now it will rapidly increase in importance .,a person of considerable account .,1,2999
rotation,rotation,the medical resident finished a two-week rotation in pediatrics and began one in orthopaedics .,the earth 's rotation about its axis is responsible for its being slightly oblate rather than a sphere .,0,3000
roll,roll,i want to get there early ; let 's roll .,the drawer rolled open .,0,3001
air,air,air pollution .,her hand stopped in mid air .,0,3002
field,field,anthropologists do much of their work in the field .,field work traditionally distinguishes true archaeologists from armchair archaeologists .,1,3003
burn,burn,he watched the house burn .,maple wood burns well .,1,3004
floor,floor,the floor of the pelvis .,the floor of the cave .,1,3005
communicate,communicate,many deaf people communicate with sign language .,i feel i hardly know him ; i just wish he 'd communicate with me a little more .,1,3006
krona,krona,"you can use paper krona ( i.e. , bills , banknotes ) .",the book costs five krona .,1,3007
love,love,his love for his work .,so that 's fifteen - love to kournikova .,0,3008
scene,scene,the police returned to the scene of the crime .,he made a scene .,0,3009
authority,authority,he has the authority to issue warrants .,"i have the authority to penalise the staff in my department , but not the authority to sack them .",1,3010
look,look,i do n't like the look of the new design .,i do n't like the looks of this place .,1,3011
call,call,the ship will call in honolulu tomorrow .,a transmitter in samoa was heard calling .,0,3012
strike,strike,we must strike the enemy 's oil fields .,"the germans struck poland on sept. 1 , 1939 .",1,3013
stage,stage,the band returned to the stage to play an encore .,he clambered up onto the stage and got the actors to help him into the box .,1,3014
end,end,the end of the pier .,they rode to the end of the line .,1,3015
claim,claim,his claim on her attentions .,evidence contradicted the government 's claims .,0,3016
go,go,"ready , set , go !",i went on holiday and got malaria .,0,3017
empty,empty,to empty a well or a cistern .,empty the water .,1,3018
rest,rest,i 'll take the rest .,people actually accomplish more when they take time for short rests .,0,3019
catch,catch,do n't catch your meaning .,i have some free time tonight so i think i 'll catch a movie .,0,3020
know,know,i know that the president lied to the people .,i want to know who is winning the game !,1,3021
system,system,in a static system oil can not be replaced by water on a surface .,the system consists of a motor and a small computer .,0,3022
day,day,it should arrive any day now .,i 've been here for 2 days and a bit .,1,3023
change,change,the product is undergoing a change in order to improve it .,the change was intended to increase sales .,1,3024
bankruptcy,bankruptcy,moral bankruptcy .,intellectual bankruptcy .,1,3025
masquerade,masquerade,a beggar 's masquerade of wealth .,i was invited to the masquerade at their home .,1,3026
make,make,make friends .,make enemies .,1,3027
pull,pull,pull your knees towards your chin .,pull the string gently .,1,3028
set,set,the film is set in africa .,set the dogs on the scent of the missing children .,0,3029
carry,carry,these pipes carry waste water into the river .,amanda carried the package .,1,3030
helm,helm,the helm of the commonwealth .,the president is at the helm of the ship of state .,1,3031
masticate,masticate,masticate rubber .,"the cow stood , quietly masticating its cud .",0,3032
face,face,the face of this company .,why the sad face ?,0,3033
saving,saving,there was a saving of 50 cents .,the shift of the supplier gave us a saving of 10 percent .,1,3034
quarter,quarter,it 's a quarter til 4 .,the wind is coming from that quarter .,0,3035
face,face,she wanted to wipe him off the face of the earth .,he washed his face .,0,3036
line,line,the line stretched clear around the corner .,a dedicated line .,0,3037
extend,extend,extend a loan .,the facts extend beyond a consideration of her personal assets .,0,3038
sport,sport,a good sport .,a poor sport .,1,3039
raise,raise,raise my salary .,raise a sad cry .,0,3040
brush,brush,i had a brush with danger on my way to work .,he tried to avoid any brushes with the police .,1,3041
time,time,we had a wonderful time at the party .,the judge leniently granted a sentence with no hard time .,0,3042
feel,feel,i feel that we need to try harder .,it feels nice to be home again .,1,3043
acquisition,acquisition,the acquisition of wealth .,the acquisition of sports equipment can be fun in itself .,1,3044
society,society,he enjoyed the society of his friends .,this society has been known for centuries for its colorful clothing and tight-knit family structure .,0,3045
end,end,he came to a bad end .,the end of town .,0,3046
finish,finish,when these final episodes are broadcast it will be the finish of the show .,"almost an inspiration which gives to all work that finish which is almost art ""-- joseph conrad .",0,3047
charge,charge,do n't forget to charge the drill .,she was charged with supervising the creation of a concordance .,0,3048
stretch,stretch,running at full stretch .,by no stretch of the imagination .,1,3049
raise,raise,raise a shout .,raise a protest .,1,3050
change,change,the change was intended to increase sales .,this storm is certainly a change for the worse .,1,3051
block,block,block the graphs so one can see the results clearly .,block a plate for printing .,0,3052
draw,draw,draw pulp from the fruit .,a ship draws ten feet of water .,0,3053
resistance,resistance,widespread resistance to the new urban development plans .,the enemy offered little resistance .,1,3054
year,year,"a normal year has 365 full days , but there are 366 days in a leap year .",she is 4 years old .,1,3055
be,be,when will the meeting be ?,"the postman has been today , but my tickets have still not yet come .",1,3056
torrent,torrent,they endured a torrent of inquiries .,a torrent of abuse .,0,3057
floor,floor,many sunken ships rest on the ocean floor .,the floor of the pelvis .,1,3058
trust,trust,we can not trust anyone who deceives us .,in god we trust - written on denominations of us currency .,1,3059
subject,subject,teachers should be well trained in their subject .,her favorite subject is physics .,1,3060
refund,refund,"if you find this computer for sale anywhere at a lower price , we 'll refund you the difference .",please refund me my money .,1,3061
throw,throw,throw a javelin .,throw a glance .,0,3062
drink,drink,can i buy you a drink ?,i asked for a hot drink .,1,3063
bend,bend,the stick does not bend .,bend the rod .,0,3064
turn,turn,people turn to mysticism at the turn of a millennium .,the pedophile turned to boys for satisfaction .,1,3065
kid,kid,she 's a kid . it 's normal for her to have imaginary friends .,they 're just kids .,1,3066
shoot,shoot,shoot a movie .,shoot a basket .,0,3067
seat,seat,the seat of these trousers is almost worn through .,he booked their seats in advance .,0,3068
price,price,what price glory ?,they say that every politician has a price .,0,3069
hunt,hunt,the king used to hunt these forests .,"her uncle is out hunting deer , now that it is open season .",1,3070
call,call,take two aspirin and call me in the morning .,i tried to call you all night .,1,3071
turn,turn,"the hillside behind our house is n't generally much to look at , but once all the trees turn it 's gorgeous .","in vermont , the leaves turn early .",1,3072
throw,throw,throw the car into reverse .,she threw a beautiful teapot .,0,3073
purchase,purchase,"to purchase land , to purchase a house .",carmen purchased a dress for $ 50 .,1,3074
breath,breath,i could hear the breath of the runner behind me .,he took a deep breath and dived into the pool .,1,3075
base,base,the base of the lamp .,the base of the skull .,0,3076
use,use,we can use this mathematical formula to solve the problem .,we only use spanish at home .,1,3077
shot,shot,the shot was wide off the mark .,he poured a shot of whiskey .,0,3078
move,move,they were pleased about their move to the country .,the move into my fiancé 's house took two long days .,1,3079
setup,setup,it takes time to learn the setup around here .,the laboratory included an elaborate setup for measuring the energy .,0,3080
stay,stay,"after the trial period , she was asked to stay on and work full-time .","after graduation , she stayed on in cambridge as a student adviser .",1,3081
face,face,an angry face .,dew dripped from the face of the leaf .,0,3082
outfitter,outfitter,an outfitter provided everything needed for the safari .,"before his first walking holiday , he went to a specialist outfitter to buy some boots .",0,3083
electrify,electrify,"to electrify a limb , or the body .",electrify an appliance .,1,3084
carry,carry,you must carry your camping gear .,these pipes carry waste water into the river .,1,3085
beam,beam,to beam forth light .,the fire beamed on their faces .,1,3086
altitude,altitude,"as the altitude increases , the temperature gets lower , so remember to bring warm clothes to the mountains .",the altitude gave her a headache .,1,3087
foot,foot,i 'll meet you at the foot of the stairs .,his bare feet projected from his trousers .,0,3088
press,press,to press a crowd back .,press a record .,0,3089
development,development,the development of alaskan resources .,such land is practical for small park developments .,0,3090
give,give,can i give you the children for the weekend ?,can i give you my keys while i go in the pool ?,1,3091
life,life,get a life .,his heroism saved a life .,0,3092
give,give,what will you give her for her birthday ?,he gives of his energies to the organization .,1,3093
set,set,a set of golf clubs .,a set of teeth .,1,3094
get,get,did you get it ?,it must be getting more serious .,0,3095
break,break,"if the vase falls to the floor , it might break .",she broke the match .,1,3096
principle,principle,the pauli exclusion principle prevents two fermions from occupying the same state .,the principles of democracy .,1,3097
pull,pull,pull a bank robbery .,"he regularly pulls 12-hour days , sometimes 14 .",1,3098
mean,mean,you never understand what i mean !,i mean to go to baddeck this summer .,0,3099
splash,splash,her red hat gave her outfit a splash of color .,he made a great splash and then disappeared .,0,3100
bear,bear,bear a heavy load .,bearing orders .,1,3101
state,state,his state of health .,the current state of knowledge .,1,3102
play,play,"i 've practiced the piano off and on , and i still ca n't play very well .",can you play on this old recorder ?,1,3103
flight,flight,i took the noon flight to chicago .,where is the departure gate for flight 747 ? / go straight down and to the right .,1,3104
ghost,ghost,everyone showed that the ghost of an old lady haunted this crypt .,he looked like he had seen a ghost .,1,3105
permit,permit,this will permit the rain to run off .,she permitted her son to visit her estranged husband .,0,3106
model,model,the computer weather model did not correctly predict the path of the hurricane .,a model of clarity .,0,3107
mask,mask,they moved in under a mask of friendship .,no mask could conceal his ignorance .,1,3108
movement,movement,politicians have to respect a mass movement .,movement is a sign of life .,0,3109
note,note,he detected a note of sarcasm .,there was a note of gaiety in her manner .,1,3110
floor,floor,the pit floor showed where a ring of post holes had been .,the floor of a cave served the refugees as a home .,1,3111
work,work,i will work hard to improve my grades .,john worked with paul at finishing the task .,1,3112
move,move,we must move quickly .,to move in a matter .,1,3113
match,match,"these two copies are supposed to be identical , but they do n't match .",let them match their best athletes against ours .,0,3114
appear,appear,he had to appear in court last month .,homo sapiens appeared millions of years ago .,0,3115
tense,tense,alternately relax and tense your calf muscle .,the bodybuilder 's neck muscles tensed .,0,3116
go,go,where do these books go ?,it 's your turn ; go .,0,3117
send,send,"to send a message , or a letter .",nora sent me the book .,1,3118
key,key,the key to winning a game .,they were carrying two keys of heroin .,0,3119
water,water,the town debated the purification of the water supply .,first you have to cut off the water .,1,3120
come,come,these shoes come in three colors .,the sleeves come to your knuckles .,0,3121
sophisticate,sophisticate,"yet butler professes to stick to plain facts , not to sophisticate , not to refine . — m. arnold .",to sophisticate the understanding . — southey .,1,3122
fall,fall,payments fall on the 1st of the month .,night fell .,0,3123
machine,machine,the boxer was a magnificent fighting machine .,the war machine .,0,3124
fall,fall,fall prey to an imposter .,the line of men fall forward .,0,3125
drive,drive,drive the forest .,what are you driving at ?,0,3126
life,life,while there 's life there 's hope .,"having experienced both , the vampire decided that he preferred (un)death to life .",1,3127
course,course,the course was less than a mile .,he took a course in basket weaving .,0,3128
rain,rain,we 've been having a lot of rain lately .,the rains came late that year .,1,3129
catch,catch,ears open to catch every sound .,"if he catches you on the chin , you 'll be on the mat .",0,3130
credit,credit,he was given credit for his work .,i give you credit for owning up to your mistake .,1,3131
leave,leave,a ten day 's leave to visit his mother .,she was granted leave to speak .,0,3132
competition,competition,the newspaper is featuring a competition to win a car .,business competition can be fiendish at times .,0,3133
lie,lie,lie dormant .,the book lies on the table .,0,3134
close,close,close up an umbrella .,her arms closed around her long lost relative .,0,3135
raise,raise,raise a mutiny .,raised edges .,0,3136
pull,pull,pull the string gently .,pull the handle towards you .,1,3137
fall,fall,fall by the wayside .,he fell to his knees .,0,3138
finish,finish,it was a fight to the finish .,he applied a coat of a clear finish .,0,3139
mine,mine,this diamond comes from a mine in south africa .,he came out of the coal mine with a face covered in black .,1,3140
crack,crack,open the door a crack .,we managed to squeeze through a crack in the rock wall .,1,3141
locus,locus,the locus of points equidistant from a given point is a circle .,"a circle is the locus of points from which the distance to the center is a given value , the radius .",1,3142
voice,voice,the voice of the law .,the noisy voice of the waterfall .,0,3143
term,term,he left school before the end of term .,the term allowed to a debtor to discharge his debt .,1,3144
rotation,rotation,the manager had only four starting pitchers in his rotation .,the medical resident finished a two - week rotation in pediatrics and began one in orthopaedics .,1,3145
cover,cover,the cover concealed their guns from enemy aircraft .,the fox was flushed from its cover .,0,3146
stay,stay,stay alone .,the judge stayed the execution order .,0,3147
audience,audience,every artist needs an audience .,he requested an audience with the king .,0,3148
take,take,i take it you 're not going ?,"looking at him as he came into the room , i took him for his father .",1,3149
flight,flight,the flight to paris leaves at 7 o'clock tonight .,i took the noon flight to chicago .,1,3150
reading,reading,he bought some reading material at the airport .,he has a job meter reading for the gas company .,0,3151
employ,employ,he was in the employ of the city .,the school district has six thousand teachers in its employ .,1,3152
turn,turn,the earth turns .,the wheels are turning .,1,3153
use,use,we only use spanish at home .,he does n't know how to use a computer .,1,3154
stay,stay,a four-month stay in bankruptcy court .,they had a nice stay in paris .,1,3155
carry,carry,you must carry your camping gear .,amanda carried the package from home to new york .,1,3156
reaction,reaction,you were in the courtroom . what is your reaction ?,a bad reaction to the medicine .,1,3157
teach,teach,can you teach me to sew ?,wanda taught the students .,1,3158
rest,rest,the ocean was finally at rest .,a body will continue in a state of rest until acted upon .,1,3159
draw,draw,draw pulp from the fruit .,draw blood and pus .,0,3160
get,get,what do you get when you add up these numbers ?,my children finally got me to buy a computer .,0,3161
be,be,when will the meeting be ?,the dog was drowned by the boy .,1,3162
fly,fly,fly a kite .,lindbergh was the first to fly the atlantic .,0,3163
line,line,drop me a line when you get there .,they attacked the enemy 's line .,0,3164
charge,charge,he was arrested on a charge of larceny .,the charges against the estate .,0,3165
play,play,play cards .,he plays on three teams .,1,3166
connect,connect,this computer will connect well to the network .,our computers connected .,1,3167
inclusion,inclusion,he admired the inclusion of so many ideas in such a short work .,an inclusion in the cytoplasm of the cell .,0,3168
leave,leave,she wants to leave .,he left the senate after two terms .,1,3169
application,application,the iphone application vr+ connects to major social networks .,he has tried several different word processing applications .,1,3170
song,song,the song of bullets was in the air .,the song of the wind .,1,3171
face,face,he managed to show a bold face despite his embarrassment .,the face of this company .,1,3172
raise,raise,"to raise a wall , or a heap of stones .",raise a siege .,0,3173
life,life,the battery had a short life .,while there 's life there 's hope .,0,3174
place,place,we thought we would win but only ended up in fourth place .,if you were in my place what would you do ?,0,3175
roof,roof,i could see the roof of the bear 's mouth .,the roof of the cave was very high .,1,3176
bar,bar,he was admitted to the bar in new jersey .,unfortunately some writers have used bar for one dyne per square centimeter .,0,3177
bag,bag,he ate a large bag of popcorn .,he carried his small bag onto the plane with him .,0,3178
straighten,straighten,straighten hair .,straighten this post .,1,3179
letter,letter,mailed an indignant letter to the editor .,a blood letter .,0,3180
side,side,he was on the heavy side .,it brought out his better side .,1,3181
movement,movement,the second movement is slow and melodic .,a broad movement of the electorate to the right .,0,3182
split,split,he was winning until he got a split in the tenth frame .,they announced a two-for-one split of the common stock .,0,3183
family,family,he 's family .,his family has lived in massachusetts since the mayflower .,0,3184
call,call,to call the roll of a military company .,the ship will call in honolulu tomorrow .,0,3185
time,time,that 's three times he 's made the same mistake .,he called four times .,1,3186
follow,follow,follow the road .,let 's follow our great helmsman !,0,3187
approach,approach,do n't approach that house .,we were approaching our destination .,1,3188
pull,pull,pull the old soup cans from the supermarket shelf .,pull a bank robbery .,0,3189
side,side,it brought out his better side .,john wrote 15 sides for his essay !,0,3190
come,come,come down here !,he came from france to colorado .,1,3191
draw,draw,draw a chicken .,the participants in the experiment were drawn from a representative population .,0,3192
scale,scale,the holocaust was insanity on an enormous scale .,the scale of the map .,1,3193
get,get,i ca n't get these boots off ( or on ) .,she did n't get the joke .,0,3194
finish,finish,the market was up at the finish .,"almost an inspiration which gives to all work that finish which is almost art ""-- joseph conrad .",0,3195
finish,finish,booze will be the finish of him .,"almost an inspiration which gives to all work that finish which is almost art ""-- joseph conrad .",0,3196
acknowledge,acknowledge,* i acknowledge my transgressions . - psalm 51:3 .,she acknowledged that she might have forgotten .,1,3197
break,break,"if the vase falls to the floor , it might break .",she broke the vase .,1,3198
orbit,orbit,in the political orbit of a world power .,"in the post wwii era , several eastern european countries came into the orbit of the soviet union .",1,3199
think,think,i think he is very smart .,think what a scene it must have been !,0,3200
direction,direction,he checked the direction and velocity of the wind .,keep going in the same direction .,1,3201
classify,classify,"should we classify "" make up "" as an idiom or as a phrasal verb ?",she classified the works as ' dangerous ' .,1,3202
pottery,pottery,the shelves were lined with pottery of all shapes and sizes .,bernard leach was skilled at pottery .,0,3203
design,design,design a better mousetrap .,she designed to go far in the world of business .,0,3204
truck,truck,truck fresh vegetables across the mountains .,amanda trucked the package from philadelphia to her mother 's house .,1,3205
spread,spread,a big oil spot spread across the water .,she liked to spread butter on her toast while it was still hot .,0,3206
fix,fix,fix a race .,let 's fix the picture to the frame .,0,3207
blowout,blowout,the right front tire had a blowout .,as a result of the blowout we lost all the lights .,1,3208
hold,hold,i hold him personally responsible .,hold these truths to be self-evident .,1,3209
judge,judge,the judge tried both father and son in separate trials .,"the judge pronounced often before , but never so widely press-attended .",1,3210
appear,appear,he had to appear in court last month .,she appeared on several charges of theft .,1,3211
agree,agree,the two stories do n't agree in many details .,they agreed with her how to do it .,0,3212
beat,beat,beat a path through the forest .,beat the rhythm .,0,3213
field,field,a crop circle was made in a corn field .,there were some cows grazing in a field .,1,3214
call,call,he was ejected for protesting the call .,i received several calls today .,0,3215
wish,wish,i wish i could go home now .,i wish that christmas were over .,0,3216
gratification,gratification,to my immense gratification he arrived on time .,dull repetitious work gives no gratification .,1,3217
fire,fire,put the kettle on the fire .,barbecue over an open fire .,1,3218
beat,beat,beat the drum .,beat one 's breast .,0,3219
etiolation,etiolation,his etiolation signaled years in prison .,the etiolation of celery .,0,3220
extend,extend,extend my greetings .,extend the loan .,0,3221
connect,connect,the new railroad will connect the northern part of the state to the southern part .,herman connected the computers .,1,3222
melt,melt,"when the weather is warm , the snowman will disappear ; he will melt .",the wax melted in the sun .,1,3223
place,place,your place or mine ?,a woman 's place is no longer in the kitchen .,0,3224
life,life,while there 's life there 's hope .,he gave up on life .,1,3225
day,day,in the day of the dinosaurs .,in the days of sailing ships .,1,3226
bank,bank,the plane went into a steep bank .,a huge bank of earth .,0,3227
addition,addition,the addition of a leap day every four years .,the addition of cinnamon improved the flavor .,0,3228
float,float,float data .,the dancer floated across the stage .,0,3229
point,point,at that point i had to leave .,to fall off a point .,0,3230
return,return,a return to one 's question .,the return of spring .,0,3231
fall,fall,when that became known the price of their stock went into free fall .,the fall of the house of hapsburg .,0,3232
raise,raise,"to raise a wall , or a heap of stones .",raise a family .,0,3233
light,light,he stepped into the light .,"hey , buddy , you got a light ?",0,3234
fail,fail,we must not fail his obligation to the victims of the holocaust .,she failed in her obligations as a good daughter-in-law .,1,3235
point,point,point a chimney .,the gun points with ease .,0,3236
turn,turn,turn on the spot .,the wheels are turning .,1,3237
open,open,vermont will open elk hunting season next week .,an opportunity opened up .,0,3238
flap,flap,he wrote on the flap of the envelope .,the flap of a wing .,1,3239
development,development,the development and printing of his pictures took only two hours .,after he saw the latest development he changed his mind and became a supporter .,0,3240
care,care,he does n't care about how / whether she comes .,i really care about my work .,1,3241
wash,wash,can you wash away the spots on the windows ?,the swollen river washed away the footbridge .,0,3242
wing,wing,they are the progressive wing of the republican party .,he preferred the drumsticks to the wings .,0,3243
field,field,oil field .,he longed for the fields of his youth .,1,3244
extract,extract,extract information from the telegram .,extract a bad tooth .,1,3245
commission,commission,the motor was out of commission .,put the ships into commission .,1,3246
place,place,this is a nice place for a picnic .,a place in my heart .,0,3247
extend,extend,extend the casserole with a little rice .,extend my greetings .,0,3248
check,check,they made a check of their equipment .,he paid all his bills by check .,0,3249
grave,grave,he put flowers on his mother 's grave .,he went to his grave without forgiving me .,0,3250
process,process,the process of calcification begins later for boys than for girls .,events now in process .,1,3251
set,set,a set of teeth .,a set of books .,1,3252
trade,trade,will you trade your precious watch for my earring ?,the stock traded around $ 20 a share .,0,3253
progress,progress,great progress in the arts .,he listened for the progress of the troops .,0,3254
catch,catch,do n't catch your meaning .,catch some sleep .,0,3255
offer,offer,offer prayers to the gods .,he offered his opinion .,0,3256
prise,prise,"1919 : i think he must have been trying to prise open that box yonder when he was attacked . — sax rohmer , the quest of the sacred slipper .","c. 1925 : come , force the gates with crowbars , prise them apart ! — jack lindsay , translation of lysistrata .",1,3257
range,range,the army maintains a missile range in the desert .,any good golf club will have a range where you can practice .,1,3258
matter,matter,physicists study both the nature of matter and the forces which govern it .,printed matter .,0,3259
volume,volume,the volume of ticket sales decreased this week .,the volume of exports .,0,3260
surface,surface,the facts had been brought to the surface .,three quarters of the earth 's surface is covered by water .,0,3261
interest,interest,victorian furniture is an interest of mine .,in the common interest .,0,3262
sign,sign,those clouds show little sign of raining soon .,those clouds show signs of raining soon .,1,3263
scene,scene,"the most moving scene is the final one , where he realizes he has wasted his whole life .",their parting was a sad scene .,0,3264
luck,luck,gilbert had some bad luck yesterday — he got pick - pocketed and lost fifty dollars .,i could n't believe my luck when i found a fifty dollar bill on the street .,1,3265
draw,draw,draw a card .,"to draw a memorial , a deed , or bill of exchange .",0,3266
limitation,limitation,the lawyer obtained impunity by dragging his obviously guilty client 's case beyond the 10 years limitation .,statute of limitations .,1,3267
behave,behave,his mother threatened to spank him if he did n't behave .,the children must learn to behave .,0,3268
render,render,render fat in a casserole .,they had to render the estate .,0,3269
stress,stress,some people put the stress on the first syllable of “ controversy ” ; others put it on the second .,"go easy on him , he 's been under a lot of stress lately .",0,3270
inventory,inventory,they stopped selling in exact sizes in order to reduce inventory .,"due to an undersized inventory at the boston outlet , customers had to travel to providence to find the item .",0,3271
apology,apology,he wrote a letter of apology to the hostess .,"the ceo made a public apology for the scandal , and promised full cooperation with the authorities .",1,3272
cover,cover,cover her face with a handkerchief .,count the cash in the drawer twice just to cover yourself .,0,3273
run,run,the sale will run for ten days .,the film runs 5 hours .,1,3274
melt,melt,"when the weather is warm , the snowman will disappear ; he will melt .",melt butter .,1,3275
sophisticate,sophisticate,"yet butler professes to stick to plain facts , not to sophisticate , not to refine . — m. arnold .",their manners had sophisticated the young girls .,0,3276
know,know,i know him under a different name .,we know this movie .,1,3277
wander,wander,to wander over the fields .,jews were wandering .,1,3278
wall,wall,the south wall had a small window .,stomach walls .,0,3279
break,break,"if the vase falls to the floor , it might break .",he broke the glass plate .,1,3280
stream,stream,stream of consciousness .,a stream of people emptied from the terminal .,0,3281
give,give,i 'm going to give my wife a necklace for her birthday .,he gives of his energies to the organization .,1,3282
draw,draw,a ship 's sail is said to draw when it is filled with wind .,the nurse drew blood .,0,3283
fall,fall,fall prey to an imposter .,she fell ill .,1,3284
tell,tell,"can you tell whether those flowers are real or silk , from this distance ?","no , there 's no way to tell .",0,3285
crack,crack,to crack a whip .,"registrations cracked through the 30,000 mark in the county .",0,3286
experience,experience,it was an experience he would not soon forget .,he had a religious experience .,1,3287
way,way,come this way and i 'll show you a shortcut .,he said he was looking for the way out .,1,3288
substitute,substitute,the young teacher had to substitute for the sick colleague .,the skim milk substitutes for cream -- we are on a strict diet .,1,3289
scale,scale,they entertained on a grand scale .,the magnitude of an earthquake is measured on the open-ended richter scale .,1,3290
suspect,suspect,i suspect he is a fugitive .,to suspect the presence of disease .,1,3291
suffer,suffer,we hope you never have to suffer the same pain .,he suffered the penalty .,1,3292
account,account,he asked to see the executive who handled his account .,he predicted that although it is of small account now it will rapidly increase in importance .,0,3293
party,party,the party of the first part .,the green party took 12 % of the vote .,0,3294
offer,offer,offer prayers to the gods .,the shakespeare company is offering ` king lear ' this month .,0,3295
support,support,they developed a scheme of mutual support .,the government provides support to the arts in several ways .,1,3296
catch,catch,ears open to catch every sound .,i caught the aroma of coffee .,1,3297
say,say,what does the law say ?,the registrar says that i owe the school money .,0,3298
ditch,ditch,ditch a plane .,ditch a car .,1,3299
history,history,a critical time in the school 's history .,history repeats itself if we do n't learn from its mistakes .,1,3300
roll,roll,roll out the paper .,the drawer rolled open .,0,3301
follow,follow,we must follow closely the economic development is cuba .,a terrible tsunami followed the earthquake .,0,3302
masquerade,masquerade,that masquerade of misrepresentation which invariably accompanied the political eloquence of rome-thomas de quincey .,a beggar 's masquerade of wealth .,1,3303
be,be,i may be an hour .,"where is my umbrella ? "" "" the toolshed is in the back .",0,3304
action,action,the piano had a very stiff action .,recent federal action undermined the segregationist position .,0,3305
stiff,stiff,a working stiff .,a lucky stiff .,1,3306
language,language,the speed with which a program can be executed depends on the language in which it is written .,language sets homo sapiens apart from all other animals .,0,3307
deal,deal,it was a package deal .,he rose to prominence through a series of shady deals .,0,3308
drill,drill,drill for oil .,"do n't drill here , there 's a gas pipe .",1,3309
course,course,the ship changed its course 15 degrees towards south .,the river takes a southern course .,0,3310
draw,draw,draw water from a well .,draw parallels .,0,3311
have,have,the only girl who would have him was the miller 's daughter .,have a lover .,0,3312
apply,apply,apply for a job .,she applied for college .,1,3313
face,face,dew dripped from the face of the leaf .,they climbed the north face of the mountain .,1,3314
rest,rest,the boulder came to rest just behind the house after rolling down the mountain .,a body will continue in a state of rest until acted upon .,1,3315
exclude,exclude,to exclude young animals from the womb or from eggs .,the unruly student was excluded from the game .,1,3316
line,line,he drew a line on the chart .,his face has many lines .,0,3317
light,light,there was a light at every corner .,they played as long as it was light .,0,3318
hour,hour,the job will take more than an hour .,i spent an hour at lunch .,1,3319
get,get,you need to get permission to leave early .,he got 5 years in prison .,1,3320
consult,consult,you should consult the dictionary .,"men forgot , or feared , to consult .",1,3321
turn,turn,turn your palm this way .,turn a key .,1,3322
drag,drag,drag this icon to the lower right hand corner of the screen .,he dragged the big suitcase behind him .,0,3323
leave,leave,she did n't leave until midnight .,leave the flowers that you see in the park behind .,0,3324
check,check,check into the rumor .,check the time of the class .,1,3325
stage,stage,the stage pulled into town carrying the payroll for the mill and three ladies .,at what stage are the social sciences ?,0,3326
extension,extension,the wire has an extension of 50 feet .,extension of the program to all in need .,0,3327
stand,stand,we had to stand for the entire performance !,the statue stood on the corner .,1,3328
rate,rate,the literacy rate .,the rate of production at the factory is skyrocketing .,0,3329
disperse,disperse,disperse particles .,the jews are dispersed among all nations .,0,3330
wound,wound,deep in her breast lives the silent wound .,he feared that mentioning it might reopen the wound .,1,3331
cover,cover,does my policy cover accidental loss ?,the female covers the eggs .,0,3332
variant,variant,"the word "" kerosine "" is a variant of “ kerosene ” .",a variant of the same word .,1,3333
volume,volume,"the letter "" g "" was found in volume 4 .",please turn down the volume on the stereo .,0,3334
set,set,a set of golf clubs .,he gave a final set to his hat .,0,3335
click,click,xhosa speakers click .,click ! the door opened .,0,3336
tone,tone,he spoke in a nervous tone of voice .,he began in a conversational tone .,1,3337
heart,heart,a five-pound beef heart will serve six .,he drew a heart and called it a valentine .,0,3338
remove,remove,remove a threat .,he removed the marbles from the bag .,1,3339
go,go,messages must go through diplomatic channels .,we should go farther in this matter .,1,3340
wall,wall,we 're adding another wall in this room during the remodeling .,the walls were covered with pictures .,1,3341
leave,leave,leave the flowers that you see in the park behind .,"unfortunately , this cleaning product leaves behind a noticeable residue .",1,3342
difference,difference,the difference in her is amazing .,it just wo n't make much of a difference to anyone .,1,3343
go,go,can i go now ?,it 's your turn ; go .,1,3344
stretch,stretch,let 's stretch for a minute -- we've been sitting here for over 3 hours .,stretch your arms out above your head .,1,3345
burn,burn,burn garbage .,she was burning with anger .,0,3346
edge,edge,the edge of the leaf is wavy .,the water 's edge .,1,3347
arouse,arouse,to arouse anger .,arouse pity .,1,3348
catch,catch,did you catch that allusion ?,i have to catch a train at 7 o'clock .,0,3349
drink,drink,can i buy you a drink ?,he jumped into the drink and had to be rescued .,0,3350
run,run,the crowd had to run away from the burning structure with only the clothes on their backs .,"if you see this man , run !",1,3351
wall,wall,a wall of water .,the south wall had a small window .,0,3352
cover,cover,the grant does n't cover my salary .,the second officer covered the top floor .,0,3353
line,line,toe the line .,a washing line .,0,3354
translate,translate,is there a need to translate the psychiatrist 's remarks ?,can you translate the instructions in this manual for a layman ?,1,3355
do,do,what makes her do this way ?,a ' b ' grade does n't suffice to get me into medical school .,0,3356
hurl,hurl,a hurl of abuse .,he managed a hurl of 50.3 metres .,1,3357
admit,admit,to admit a serious thought into the mind .,they were admitted into his house .,1,3358
interrupt,interrupt,do n't interrupt me when i 'm reading .,we interrupt the program for the following messages .,0,3359
admit,admit,we can not admit non-members into our club building .,she admitted us .,1,3360
account,account,he predicted that although it is of small account now it will rapidly increase in importance .,the account of his speech that was given on the evening news made the governor furious .,0,3361
carry,carry,you must carry your camping gear .,amanda carried the package from home .,1,3362
strike,strike,we will strike a medal in your honour .,the boxer struck the attacker dead .,0,3363
make,make,this invention will make you a millionaire .,make yourself clear .,1,3364
light,light,i 'm really seeing you in a different light today .,the light of my life .,1,3365
pay,pay,pay an obligation .,pay a debt .,1,3366
carry,carry,carry the suitcases to the car .,amanda carried the package from home to new york .,1,3367
dress,dress,dress a turkey .,dress the patient .,0,3368
carry,carry,carry the suitcases to the car .,these pipes carry waste water into the river .,1,3369
pull,pull,pull a chicken .,the car pulls to the right .,0,3370
drop,drop,drop him from the republican ticket .,the cow dropped her calf this morning .,0,3371
refill,refill,the prescription specified only one refill .,he got a refill of his prescription .,1,3372
area,area,it was his area of specialization .,areas of interest include ...,1,3373
society,society,it was then that they decided to found a society of didgeridoo-playing unicyclists .,they formed a small lunch society .,1,3374
product,product,his reaction was the product of hunger and fatigue .,skill is the product of hours of practice .,1,3375
slack,slack,suddenly they were in a slack and the water was motionless .,a gradual slack in output .,0,3376
focus,focus,please focus on your studies and not on your hobbies .,we focused on reading the book .,1,3377
reason,reason,"if you do n't give me a reason to go with you , i wo n't .",the reason that war was declared .,1,3378
cry,cry,that sad movie always makes me cry .,she cried bitterly when she heard the news of his death .,1,3379
break,break,"if the new teacher wo n't break , we 'll add some stress .",the clouds broke after the heavy downpour .,0,3380
delivery,delivery,she had a difficult delivery .,his reluctant delivery of bad news .,0,3381
place,place,he has a special place in my thoughts .,your place or mine ?,0,3382
picture,picture,they could still receive the sound but the picture was gone .,she was the picture of despair .,0,3383
study,study,he is a quick study .,no schools offer graduate study in interior design .,0,3384
degree,degree,a right angle is a ninety degree angle .,most humans have a field of vision of almost 180 degrees .,1,3385
come,come,come out of the closet !,a scream came from the woman 's mouth .,0,3386
pool,pool,the body lay in a pool of blood .,the pools of solomon .,1,3387
throw,throw,"have , throw , or make a party .",throw a javelin .,0,3388
concern,concern,the employees ' attitude is really hurting the concern .,a racially integrated business concern .,1,3389
shed,shed,shed your clothes .,he shed his image as a pushy boss .,1,3390
head,head,he stuck his head out the window .,be careful when you pet that dog on the head ; it may bite .,1,3391
enthalpy,enthalpy,enthalpy is the amount of energy in a system capable of doing mechanical work .,"h = u + p v , where h is enthalpy , u is internal energy , p is pressure , and v is volume .",1,3392
underestimate,underestimate,do n't underestimate the danger of such a raft trip on this river .,he underestimated the work that went into the renovation .,1,3393
respect,respect,he went to law school out of respect for his father 's wishes .,he inspires respect .,0,3394
scene,scene,"the most moving scene is the final one , where he realizes he has wasted his whole life .",the first act has three scenes .,1,3395
rest,rest,the gun was steadied on a special rest .,the ocean was finally at rest .,0,3396
break,break,break a branch from a tree .,the twig broke off the branch .,1,3397
enemy,enemy,rally together against a common enemy .,the enemy attacked at dawn .,1,3398
eyeball,eyeball,a good cook can often just eyeball the correct quantities of ingredients .,each geometric construction must be exact ; eyeballing it and getting close does not count .,1,3399
boy,boy,the boys were playing kickball in the mud .,she made the boy brush his teeth every night .,1,3400
part,part,the part of his hair was slightly to the left .,his part was right in the middle .,1,3401
have,have,how many cars does she have ?,have an assistant .,0,3402
devotion,devotion,the devotion of his time and wealth to science .,their devotion to each other was beautiful .,0,3403
ski,ski,we love to ski the rockies .,my children do n't ski .,1,3404
fun,fun,they began to fight like fun .,he was fun to be with .,0,3405
feeling,feeling,the surface had a greasy feeling .,she had a feeling of euphoria .,0,3406
have,have,i wo n't have this dog in my house !,"have , throw , or make a party .",0,3407
mean,mean,the sky is red this morning — does that mean we 're in for a storm ?,i did n't mean to knock your tooth out .,0,3408
dullness,dullness,there was a dullness in his heart .,without him the dullness of her life crept into her work no matter how she tried to compartmentalize it .,1,3409
furniture,furniture,the woman does not even have one stick of furniture moved in yet .,how much furniture did they leave behind ?,1,3410
shag,shag,the dog 's woolly shag .,he bought a shag rug .,0,3411
stage,stage,an early movie simply showed a long kiss by two actors of the contemporary stage .,we went out of town together by stage about ten or twelve miles .,0,3412
degree,degree,she has two bachelor 's degrees and is studying towards a master 's degree .,he earned his degree at princeton summa cum laude .,1,3413
coverage,coverage,the enemy fire is increasing – can we get some immediate coverage from those bunkers ?,the dictionary 's coverage of standard english is excellent .,1,3414
keep,keep,our grant has run out and we can not keep you on .,we kept the work going as long as we could .,1,3415
drive,drive,drive the game .,she finally drove him to change jobs .,0,3416
touch,touch,the cooling touch of the night air .,"suddenly , in the crowd , i felt a touch at my shoulder .",1,3417
space,space,write your name in the space provided .,it all happened in the space of 10 minutes .,0,3418
habit,habit,it 's become a habit of mine to have a cup of coffee after dinner .,it was their habit to dine at 7 every evening .,1,3419
have,have,have a lover .,"we had a hard year last year , with the locust swarms and all that .",0,3420
use,use,use your head !,i ca n't use this tool .,1,3421
enormity,enormity,in careful usage the noun enormity is not used to express the idea of great size .,universities recognized the enormity of their task .,1,3422
tea,tea,tea has fragrant white flowers .,we met at the dean 's tea for newcomers .,0,3423
impression,impression,i wanted to create an impression of success .,he watched the impression of the seal on the hot wax .,0,3424
certainty,certainty,his victory is a certainty .,his certainty reassured the others .,0,3425
touch,touch,he could not touch the meaning of the poem .,touch the stone for good luck .,0,3426
field,field,"the farmer 's field was a civil war battleground , and relics such a minnie bullets were frequently found while plowing .",field of view .,0,3427
extend,extend,extend a hand .,my land extends over the hills on the horizon .,0,3428
pick,pick,pick up the tab .,pick up the burden of high-interest mortgages .,1,3429
support,support,he does not support his natural children .,the scholarship supported me when i was in college .,1,3430
action,action,the union action of emancipating southern slaves .,the united nations must have the power to propose and organize action without being hobbled by irrelevant issues .,1,3431
unit,unit,a unit of wheat is a bushel .,change per unit volume .,1,3432
make,make,they hope to make a bigger profit .,you have to spend money to make money !,1,3433
fish,fish,the shark is a large fish .,in the living room there was a tank of colorful fish .,1,3434
come,come,your wish will come true .,the shoes came untied .,1,3435
drive,drive,drive a car or bus .,she finally drove him to change jobs .,0,3436
shift,shift,you have to shift when you go down a steep hill .,shift one 's position .,0,3437
construction,construction,he had worked in construction all his life .,their main business is home construction .,1,3438
view,view,view a show on television .,view an exhibition .,1,3439
trust,trust,he is the beneficiary of a generous trust set up by his father .,he betrayed their trust .,0,3440
unit,unit,a unit of wheat is a bushel .,the dollar is the united states unit of currency .,1,3441
work,work,work your way through every problem or task .,start from the bottom and work towards the top .,1,3442
kill,kill,kill a motion .,these new shoes are killing me !,0,3443
admit,admit,to admit a serious thought into the mind .,a ticket admits one into a playhouse .,1,3444
apply,apply,i apply this rule to get good results .,this thinking was applied to many projects .,1,3445
last,last,he finished an inglorious last .,he was the last to leave .,1,3446
court,court,the noblemen visited the queen in her court .,the king will visit the duke 's court .,1,3447
make,make,he did n't make the choir after his voice changed .,how much do you make a month in your new job ?,1,3448
head,head,they shot 20 head of quail .,200 head of cattle .,1,3449
mount,mount,mount an attack .,mount a play .,1,3450
teach,teach,can you teach me to sew ?,i taught them french .,1,3451
match,match,"their interests did n't match , so it took a long time to agree what to do together .","matchmaker , can you match my daughter with a nice young man ?",0,3452
militate,militate,to militate in favor of a particular result .,politeness militated against this opinion being expressed .,1,3453
range,range,we hiked through the andes mountain range .,the valley was between two ranges of hills .,1,3454
compare,compare,you ca n't compare my problems and yours .,john compared his haircut to his friend 's .,1,3455
dibs,dibs,who 's got dibs on the chips ?,dibs means i get the hammock .,1,3456
top,top,he stared as she buttoned her top .,put your books on top of the desk .,0,3457
catch,catch,i have some free time tonight so i think i 'll catch a movie .,catch some sleep .,0,3458
wall,wall,we 're adding another wall in this room during the remodeling .,stomach walls .,0,3459
line,line,you must wait in a long line at the checkout counter .,he has a smooth line but i did n't fall for it .,0,3460
bum,bum,that guy keeps interrupting the concert . throw the bum out !,fred is becoming a bum - he 's not even bothering to work more than once a month .,1,3461
propagate,propagate,propagate sound or light through air .,sound and light propagate in this medium .,0,3462
drop,drop,new englanders drop their post-vocalic r 's .,she dropped acid when she was a teenager .,0,3463
reduce,reduce,reduce a problem to a single question .,the cells reduce .,0,3464
work,work,this method does n't work .,how does your idea work in practice ?,1,3465
unit,unit,the dollar is the united states unit of currency .,the word is a basic linguistic unit .,0,3466
wash,wash,"the car is so dirty , we need to wash it .",the swollen river washed away the footbridge .,0,3467
poison,poison,we used a poison to kill the weeds .,the poison of fascism .,0,3468
feeling,feeling,the surface had a greasy feeling .,the wool on my arm produced a strange feeling .,1,3469
drink,drink,can i buy you a drink ?,drink was his downfall .,0,3470
movement,movement,a broad movement of the electorate to the right .,he was a charter member of the movement .,0,3471
confluence,confluence,we encountered an abandoned boat at the confluence of the mississippi and ohio rivers .,pittsburgh is located at the confluence of the allegheny and monongahela rivers .,1,3472
admit,admit,we can not admit non-members into our club building .,they were admitted into his house .,1,3473
syrup,syrup,maple syrup .,pancake syrup .,1,3474
face,face,put a big sign on each face of the building that can be seen from the road .,why the sad face ?,0,3475
application,application,it is a job requiring serious application .,december 31 is the deadline for mba applications .,0,3476
be,be,when will the meeting be ?,there were two hundred people at his funeral .,1,3477
unravel,unravel,can you unravel the mystery ?,mother could n't unravel the ball of wool after the cat had played with it .,1,3478
end,end,the end of the year .,the end was exciting .,0,3479
summer,summer,we like to summer in the mediterranean .,my family always summered at the seashore .,1,3480
empathize,empathize,you really have to empathize .,you really have to empathize with their doing it .,1,3481
play,play,play football .,play cards .,1,3482
smile,smile,he has a sinister smile .,he always puts a smile on my face .,1,3483
component,component,a component or constituent element of a system .,the smaller component is hard to reach .,0,3484
point,point,to fall off a point .,the one with the most points will win the game .,0,3485
raise,raise,raise a smile .,chew with your mouth shut — were you raised in a barn ?,0,3486
line,line,they were arrayed in line of battle .,he drew a line on the chart .,0,3487
term,term,he left school before the end of term .,a prison term .,1,3488
life,life,the life of this milk carton may be thousands of years in this landfill .,there is no life on the moon .,0,3489
drift,drift,do n't drift from the set course .,the stock market drifted upward .,0,3490
raise,raise,raise hell .,raise the roof .,1,3491
year,year,this chinese year is the year of the rooster .,she is 4 years old .,1,3492
store,store,store grain for the winter .,the bear stores fat for the period of hibernation when he does n't eat .,1,3493
stir,stir,stir the soup .,stir emotions .,0,3494
masquerade,masquerade,i was invited to the masquerade at their home .,that masquerade of misrepresentation which invariably accompanied the political eloquence of rome-thomas de quincey .,1,3495
connect,connect,the local train does not connect with the amtrak train .,the planes do n't connect and you will have to wait for four hours .,1,3496
head,head,we will consider performance issues under the head of future improvements .,under the head of minor roman poets .,1,3497
give,give,give one 's opinion .,give an excuse .,1,3498
waste,waste,much of the waste material is carried off in the sewers .,the trackless wastes of the desert .,0,3499
play,play,can you play on this old recorder ?,he plays the flute .,1,3500
year,year,in the year 1920 .,she is 4 years old .,1,3501
chair,chair,he put his coat over the back of the chair and sat down .,"all i need to weather a snowstorm is hot coffee , a warm fire , a good book and a comfortable chair .",1,3502
flare,flare,infection can cause a lupus flare .,a colitis flare .,1,3503
satellite,satellite,the moon is a natural satellite of the earth .,many telecommunication satellites orbit at 36000 km above the equator .,0,3504
hyponym,hyponym,"a is a hyponym of b means that "" a is a type of b. "" .",british is a hyponym of european .,1,3505
ball,ball,the mayor threw out the first ball .,the ball rolled into the corner pocket .,1,3506
impression,impression,he made a good impression .,i wanted to create an impression of success .,1,3507
monopoly,monopoly,they have no monopoly on intelligence .,a land monopoly renders its holder(s ) nearly almighty in an agricultural society .,1,3508
freeze,freeze,do n't go outside wearing just a t-shirt ; you 'll freeze !,the water in the bowl froze .,0,3509
beat,beat,beat the cream .,beat the egg whites .,1,3510
identity,identity,you can lose your identity when you join the army .,it was too dark to determine his identity .,0,3511
start,start,he awoke with a start .,he woke with a start .,1,3512
throw,throw,throw a frisbee .,jane threw dinner together .,0,3513
right,right,you have no right to go through my personal diary .,they are endowed by their creator with certain unalienable rights .,1,3514
feel,feel,my cold is gone -- i feel fine today .,she felt sad after her loss .,1,3515
snow,snow,it started to snow .,it was snowing all night .,1,3516
have,have,the only girl who would have him was the miller 's daughter .,i wo n't have this dog in my house !,1,3517
stand,stand,can you stand the bookshelf up ?,the law stands !,0,3518
stand,stand,"here i stand , wondering what to do next .",i am standing my ground and wo n't give in !,1,3519
be,be,i shall be writing to you soon .,he is a herpetologist .,0,3520
sign,sign,the hunters found deer sign at the end of the trail .,they welcomed the signs of spring .,1,3521
stand,stand,we had to stand for the entire performance !,they stood the statue on the pedestal .,1,3522
be,be,i shall be writing to you soon .,"it has been three years since my grandmother died . ( similar to my grandmother died three years ago , but emphasizes the intervening period ) .",1,3523
product,product,we 've got to sell a lot of product by the end of the month .,that store offers a variety of products .,1,3524
grow,grow,that acorn will grow into an oak tree .,the gardener grew that acorn into an oak tree .,1,3525
spring,spring,i spent my spring holidays in morocco .,the emerging buds were a sure sign of spring .,1,3526
break,break,"the newsman wanted to break a big story , something that would make him famous .",news of her death broke in the morning .,1,3527
trial,trial,a trial of progesterone failed to relieve the pain .,a sample for ten days free trial .,1,3528
carry,carry,i carry her image in my mind 's eye .,i carry a lot of life insurance .,1,3529
get,get,did you get it ?,i just do n't get him .,1,3530
case,case,it may rain in which case the picnic will be canceled .,"latin has six cases , and remnants of a seventh .",0,3531
point,point,"if he asks for food , point him toward the refrigerator .",the dog pointed the dead duck .,0,3532
tea,tea,go to the supermarket and buy some tea .,would you like some tea ?,0,3533
implement,implement,implement a procedure .,"it 's a good thought , but it will be a difficult thing to implement .",0,3534
extend,extend,can we extend the legs of this dining table ?,extend the tv antenna .,0,3535
shock,shock,he was numb with shock .,the old car needed a new set of shocks .,0,3536
concern,concern,the safety of the ship is the captain 's concern .,she felt strong concern for those less fortunate .,0,3537
change,change,he attributed the change to their marriage .,can i get change for this $ 100 bill please ?,0,3538
tell,tell,i tell you that man is a crook !,ellen told helen about the situation .,1,3539
charge,charge,i need to charge my car battery .,the teacher charged the children to memorize the poem .,0,3540
monopoly,monopoly,a monopoly on silver .,when you have a monopoly you can ask any price you like .,1,3541
mean,mean,i mean no harm .,i did n't mean to knock your tooth out .,1,3542
smile,smile,she 's got a perfect smile .,she had a smile on her face .,1,3543
face,face,face the lapels of the jacket .,an enormous dilemma faces us .,0,3544
know,know,i know it 's time .,it is vital that he not know .,1,3545
purge,purge,purge the water .,purge your mind .,1,3546
do,do,will $ 100 do ?,a ' b ' grade does n't suffice to get me into medical school .,1,3547
unravel,unravel,can you unravel the mystery ?,stop playing with the seam of the tablecloth ! you will unravel it .,1,3548
silence,silence,he gestured for silence .,there was a shocked silence .,1,3549
line,line,a shared line .,"i tried to make a call , but the line was dead .",1,3550
order,order,the machine is now in working order .,he put his desk in order .,1,3551
make,make,how much do you make a month in your new job ?,"she makes more than he does , and works longer hours than he does , but she still does most of the house-cleaning .",1,3552
beat,beat,beat one 's breast .,beat one 's foot rhythmically .,1,3553
floor,floor,the floor of a cave served the refugees as a home .,they needed rugs to cover the bare floors .,0,3554
cut,cut,the football player cut to his left to evade a tackle .,the car cut to the left at the intersection .,1,3555
hegemony,hegemony,the consolidation of the united states ' hegemony over a new international economic system .,the hegemony of a single member state is not incompatible with a genuine confederation .,1,3556
cover,cover,"when the pot comes to a boil , cover it and reduce the heat to medium .",the course covered all of western civilization .,0,3557
strike,strike,strike coins .,strike a pose .,0,3558
admit,admit,to admit a serious thought into the mind .,she admitted us .,1,3559
flatten,flatten,"as there was a lot of damage , we chose the heavy roller to flatten the pitch .",mary would flatten the dough before rolling it into pretzels .,1,3560
time,time,he was a great actor in his time .,he waited a long time .,1,3561
melt,melt,melt butter .,the wax melted in the sun .,1,3562
stick,stick,the recipe calls for half a stick of butter .,fever left him weak on his sticks .,0,3563
door,door,education is the door to success .,i knocked on the vice president 's door .,0,3564
charge,charge,there will be a charge of five dollars .,the admission charge .,1,3565
crown,crown,crown my teeth .,the speech crowned the meeting .,0,3566
figure,figure,a figure of $ 17 was suggested .,the area covered can be seen from figure 2 .,0,3567
change,change,i paid with a twenty and pocketed the change .,the product is undergoing a change in order to improve it .,0,3568
take,take,i take aspirin every day to thin my blood .,i do n't take sugar in my coffee .,1,3569
work,work,this method does n't work .,the medicine works only if you take it with a lot of water .,1,3570
voice,voice,the wee small voice of conscience .,the incessant voices of the artillery .,0,3571
hand,hand,the big hand counts the minutes .,"on the one hand ... , but on the other hand ...",0,3572
gob,gob,he ′s always stuffing his gob with fast food .,"oi , you , shut your gob !",1,3573
hand,hand,give me a hand with the chores .,he kept trying to see my hand .,0,3574
basket,basket,the point guard drove toward the basket .,let 's play some basket .,1,3575
product,product,we 've got to sell a lot of product by the end of the month .,the product of 2 and 3 is 6 .,0,3576
supplant,supplant,will online dictionaries ever supplant paper dictionaries ?,the computer has supplanted the slide rule .,1,3577
block,block,he reserved a large block of seats .,he held a large block of the company 's stock .,1,3578
carry,carry,carry the suitcases to the car .,amanda carried the package to new york .,1,3579
shade,shade,an achievement that puts everything else in the shade .,his brother 's success left him in the shade .,1,3580
ride,ride,do n't ride the clutch !,did you ever ride a camel ?,0,3581
opening,opening,he slipped through an opening in the crowd .,a salamander darted out of an opening in the rocks .,1,3582
sake,sake,for the sake of argument .,died for the sake of his country .,0,3583
help,help,this will help to prevent accidents .,"i served him three times , and after that he helped himself .",0,3584
system,system,we ca n't do it unless we establish some system around here .,the body has a system of organs for digestion .,0,3585
light,light,"hey , buddy , you got a light ?","although he saw it in a different light , he still did not understand .",0,3586
slowcoach,slowcoach,in england they call a slowpoke a slowcoach .,hey you slowcoaches in the back ! get a move on !,1,3587
make,make,he did n't make the choir after his voice changed .,they hope to make a bigger profit .,1,3588
model,model,he is the very model of a modern major general .,a model of clarity .,1,3589
stick,stick,stick your thumb in the crack .,stick some feathers in the turkey before you serve it .,0,3590
disengage,disengage,i want to disengage myself from his influence .,disengage the gears .,1,3591
round,round,round off the amount .,ninety-five rounds up to one hundred .,1,3592
beat,beat,beat on the door .,the sun was beating down on us .,0,3593
breath,breath,not a breath of scandal ever touched her .,there was n't a breath of air in the room .,0,3594
inventory,inventory,they stopped selling in exact sizes in order to reduce inventory .,they carried a vast inventory of hardware .,1,3595
sound,sound,mariners on sailing ships would sound the depth of the water with a weighted rope .,sound the alarm .,0,3596
system,system,he tried to understand their system of classification .,the system consists of a motor and a small computer .,0,3597
vicinity,vicinity,the plane crashed in the vicinity of asheville .,there is a hurricane in the vicinity of the bahamas .,1,3598
course,course,the government took a firm course .,he took a course in basket weaving .,0,3599
catch,catch,i have to catch a train at 7 o'clock .,i have some free time tonight so i think i 'll catch a movie .,0,3600
gift,gift,the office is in the gift of the president .,she had a gift for playing the flute .,0,3601
deal,deal,he 's a master of the business deal .,he got a good deal on his car .,0,3602
reaction,reaction,the announcement of the verdict brought a violent reaction .,you were in the courtroom . what is your reaction ?,1,3603
image,image,the company tried to project an altruistic image .,the image of f(x ) = x^2 is the set of all non-negative real numbers if the domain of the function is the set of all real numbers .,0,3604
catch,catch,he played catch with his son in the backyard .,the kids love to play catch .,1,3605
disposition,disposition,he has a happy disposition .,i have little disposition now to do as you say .,0,3606
tell,tell,please tell me how to do it .,ellen told helen about the situation .,1,3607
end,end,one end of the box was marked ` this side up ' .,the ends justify the means .,0,3608
side,side,he is on the purchasing side of the business .,look on the bright side .,1,3609
rest,rest,he threw away the rest .,the boulder came to rest just behind the house after rolling down the mountain .,0,3610
load,load,load the camera .,he loaded carbs into his system before the marathon .,1,3611
answer,answer,answer the telephone .,she answered the door .,1,3612
patch,patch,the world economy had a rough patch in the 1930s .,the storms last summer washed away parts of the road so we can expect some rough patches up ahead .,1,3613
catch,catch,catch fire .,catch the mood .,1,3614
wall,wall,the wall followed the road .,stomach walls .,0,3615
break,break,the horse was tough to break .,i broke in the new intern .,1,3616
shoot,shoot,shoot craps .,shoot a movie .,0,3617
develop,develop,develop a market for the new mobile phone .,many countries in asia are now developing at a very fast pace .,0,3618
academy,academy,the military academy at west point .,the french academy .,0,3619
quarrel,quarrel,we got into a silly quarrel about what food to order .,they had a quarrel .,1,3620
surface,surface,the cloth had a pattern of red dots on a white surface .,earthquakes originate far below the surface .,0,3621
choice,choice,your choice of colors was unfortunate .,the ice cream sundae is a popular choice for dessert .,1,3622
develop,develop,develop a market for the new mobile phone .,we must develop more potential customers .,1,3623
application,application,the application of maximum thrust .,massage has far-reaching medical applications .,1,3624
ease,ease,they put it into containers for ease of transportation .,a life of luxury and ease .,0,3625
connection,connection,my headache has no connection with me going out last night .,there was a connection via the internet .,0,3626
song,song,the song of the wind .,thomas listened to his favorite song on the radio yesterday .,0,3627
nose,nose,red rum only won by a nose .,my horse lost the race by a nose .,1,3628
home,home,he grew up in a good christian home .,there 's no place like home .,1,3629
follow,follow,please follow the guide through the museum .,the ducklings followed their mother around the pond .,1,3630
induct,induct,there was a ceremony to induct the president of the academy .,the young geisha was inducted into the ways of her profession .,0,3631
stimulate,stimulate,stimulate my appetite .,this play stimulates .,0,3632
day,day,in the day of the dinosaurs .,in the days of the roman empire .,1,3633
thing,thing,to say the same thing in other terms .,how can you say such a thing ?,1,3634
touch,touch,he got in touch with his colleagues .,this room needs a woman 's touch .,0,3635
back,back,the back of the dental chair was adjustable .,he stood at the back of the stage .,0,3636
answer,answer,this may answer her needs .,a few words would answer .,0,3637
loaf,loaf,meat loaf .,a loaf of cheese .,1,3638
wall,wall,competition was pushing them to the wall .,the wind blew against the walls of the tent .,0,3639
port,port,port a rifle .,".. the angelic squadron ... began to hem him round with ported spears . — milton , paradise lost ( 1667 ) , book iv .",1,3640
reflection,reflection,"after careful reflection , i have decided not to vote for that proposition .",he studied his reflection in the mirror .,0,3641
call,call,why do n't you call me in the morning ?,why do n't you call tomorrow ?,1,3642
tease,tease,tease wool .,the children teased the new teacher .,0,3643
take,take,do you take me for a fool ?,how should i take this message ?,1,3644
lie,lie,lie dormant .,the snow lies on the roof .,0,3645
effect,effect,she retained that bold effect in her reproductions of the original painting .,he just did it for effect .,0,3646
side,side,the patient was bleeding on the right side .,he had a pain in his side .,1,3647
crack,crack,to crack a whip .,the performance was fine until he cracked that dead baby joke .,0,3648
sign,sign,those clouds show little sign of raining soon .,he showed signs of strain .,1,3649
run,run,the assembly line was on a 12-hour run .,he went to las vegas and spent all his money over a three-day run .,1,3650
analyze,analyze,analyze a specimen .,analyze a sentence .,1,3651
label,label,we laughed at her because the label was still on her new sweater .,the label says this silk scarf should not be washed in the washing machine .,1,3652
system,system,in a static system oil can not be replaced by water on a surface .,a vast system of production and distribution and consumption keep the country going .,0,3653
side,side,the hypotenuse of a right triangle is always the longest side .,they painted all four sides of the house .,0,3654
think,think,"i think she is pretty , contrary to most people .",i think he is very smart .,1,3655
system,system,a system generating hydrogen peroxide .,in a static system oil can not be replaced by water on a surface .,1,3656
audience,audience,the broadcast reached an audience of millions .,he requested an audience with the king .,0,3657
goal,goal,the winning goal came with less than a minute left to play .,my lifelong goal is to get into a hollywood movie .,0,3658
floor,floor,the pit floor showed where a ring of post holes had been .,the floor of the pelvis .,1,3659
canvas,canvas,the movie demanded a dramatic canvas of sound .,the boxer picked himself up off the canvas .,0,3660
mouth,mouth,he stuffed his mouth with candy .,he rode into the mouth of the canyon .,0,3661
laugh,laugh,paul made a cheerful laugh .,paul laughed at mary .,1,3662
session,session,a gossip session .,"are we having a recording session ? "" yes . we 've even got some session musicians to provide some brass . "" .",1,3663
occasion,occasion,having people round for dinner was always quite an occasion at our house .,it was needed only on special occasions .,1,3664
act,act,the breaks of my new car act quickly .,"the dog acts ferocious , but he is really afraid of people .",0,3665
resistance,resistance,he encountered a general feeling of resistance from many citizens .,these trees are widely planted because of their resistance to salt and smog .,0,3666
view,view,he changed seat to get a complete view of the stage .,he tried to get a better view of it .,1,3667
consult,consult,you should consult the dictionary .,they were content to consult libraries . - william whewell .,1,3668
fall,fall,fall into a trap .,she fell ill .,1,3669
business,business,computers are now widely used in business .,"he 's such a poor cook , i ca n't believe he 's still in business !",1,3670
image,image,the image of f(x ) = x^2 is the set of all non-negative real numbers if the domain of the function is the set of all real numbers .,the number 6 is the image of 3 under f that is defined as f(x ) = 2*x .,1,3671
change,change,the change of government had no impact on the economy .,he inspected several changes before selecting one .,0,3672
body,body,the student body .,they moved their arms and legs and bodies .,0,3673
talk,talk,they sat down to talk business .,we talk french sometimes .,1,3674
repair,repair,one can never fully repair the suffering and losses of the jews in the third reich .,he repaired to his cabin in the woods .,0,3675
drive,drive,you drive nails into wood with a hammer .,their debts finally drove them to sell the business .,0,3676
charge,charge,the battle began with a cavalry charge .,the newspaper published charges that jones was guilty of drunken driving .,0,3677
origin,origin,origin in sensation .,vegetable origins .,1,3678
check,check,"katie 's sick , so i need to check up on her and see if she needs anything .",check the oil in your car once a month .,1,3679
stroke,stroke,the pregnancy was a stroke of bad luck .,she applied the paint in careful strokes .,0,3680
light,light,follow god 's light .,magoon 's governorship in cuba was viewed in a negative light by many cuban historians for years thereafter .,0,3681
hold,hold,i 'll hold you by your promise .,he 's held by a contract .,1,3682
book,book,they run things by the book around here .,she opened the book to page 37 and began to read aloud .,0,3683
connect,connect,can you connect the two loudspeakers ?,herman connected the computers together .,1,3684
image,image,the company tried to project an altruistic image .,although her popular image was contrived it served to inspire music and pageantry .,1,3685
grace,grace,god 's grace is manifested in the salvation of sinners .,there but for the grace of god go i .,1,3686
keep,keep,keep food for a week in the pantry .,she keeps a sixpack and a week 's worth of supplies in the refrigerator .,1,3687
support,support,his faith was all the support he needed .,they developed a scheme of mutual support .,0,3688
skeleton,skeleton,the battalion was a mere skeleton of its former self .,the bare skeleton of a novel .,1,3689
back,back,his back was nicely tanned .,he stood at the back of the stage .,0,3690
lift,lift,lift my spirits .,lift his ego .,1,3691
think,think,she did n't think to harm me .,i thought for three hours about the problem and still could n't find the solution .,1,3692
convert,convert,convert slaves to laborers .,convert lead into gold .,1,3693
play,play,play games .,he plays on three teams .,1,3694
company,company,the house was filled with company when i arrived .,keep the house clean ; i have company coming .,1,3695
variant,variant,a variant of the same word .,all breeds of dog are variants of the species “ canis lupus familiaris ” .,1,3696
bite,bite,the government 's weekly bite from my paycheck .,after just one night in the jungle i was covered with mosquito bites .,0,3697
life,life,the oceans are teeming with life .,social life .,0,3698
execute,execute,to execute a difficult piece of music brilliantly .,the skater executed a triple pirouette .,1,3699
backup,backup,"after the power failure , we had to restore the database from backup .",he made a backup in case the original was accidentally damaged or erased .,1,3700
story,story,"our shop was on the fourth story of the building , so we had to install an elevator .",the story of exposure to lead .,0,3701
court,court,the girls were playing in the court .,the house was built around an inner court .,1,3702
play,play,i used to play with trucks as a little girl .,the kids were playing outside all day .,1,3703
hearing,hearing,his hearing was impaired .,"my hearing is n't what it used to be , but i still heard that noise .",1,3704
mean,mean,i mean no harm .,"i meant to take the car in for a smog check , but it slipped my mind .",1,3705
cover,cover,does my policy cover accidental loss ?,cover the meat with a lot of gravy .,0,3706
concoction,concoction,she has no peer in the concoction of mystery stories .,his testimony was a concoction .,1,3707
derivation,derivation,he prefers shoes of italian derivation .,music of turkish derivation .,1,3708
charge,charge,can i charge this purchase ?,charge a conductor .,0,3709
furniture,furniture,how much furniture did they leave behind ?,there was only one piece of furniture in the room .,1,3710
strike,strike,we will strike a medal in your honour .,strike a medal .,1,3711
leave,leave,leave the room .,she wants to leave .,0,3712
miracle,miracle,an example of a miracle associated with muhammad is the splitting of the moon .,many religious beliefs are based on miracles .,1,3713
unionize,unionize,the company laid off all the workers when they tried to unionize .,we do n't allow people to come into our plant and try to unionize the workers .,1,3714
press,press,to press a crowd back .,this guy can press 300 pounds .,0,3715
song,song,the song of bullets was in the air .,he bought it for a song .,0,3716
set,set,his instructions deliberately gave them the wrong set .,a set of tools .,0,3717
smoke,smoke,it was just smoke and mirrors .,he showed batters nothing but smoke .,0,3718
foot,foot,he followed on foot .,the foot of the mountain .,0,3719
arouse,arouse,to arouse anger .,to arouse compassion .,1,3720
tolerate,tolerate,"i like the way he plays the guitar , but i ca n't tolerate his voice when he sings .","i can tolerate working on saturdays , but not on sundays .",1,3721
affinity,affinity,an affinity for politics .,james 's affinity with sam .,1,3722
leave,leave,leave it as is .,i left my keys inside the car and locked the doors .,0,3723
hit,hit,the thermometer hit 100 degrees .,the movie hits theaters in december .,1,3724
vouch,vouch,i vouch for the quality of my products .,he vouched his words by his deeds .,0,3725
pop,pop,pop the pizza into the microwave oven .,the man charged with murder popped a valium to calm his nerves .,0,3726
fall,fall,fall into a trap .,fall in love .,1,3727
window,window,the expanded window will give us time to catch the thieves .,they had a window of less than an hour when an attack would have succeeded .,1,3728
carry,carry,"to carry well , i.e. to hold the head high , with arching neck .",he carried himself upright .,1,3729
pit,pit,pit plums and cherries .,one must pit a peach to make it ready for a pie .,1,3730
air,air,she was humming an air from beethoven .,an air of mystery .,0,3731
orbit,orbit,electrons orbit the nucleus .,the planets are orbiting the sun .,1,3732
death,death,he seemed more content in death than he had ever been in life .,her death came as a terrible shock .,0,3733
develop,develop,develop the rook .,the country developed into a mighty superpower .,0,3734
order,order,the machinery is out of order .,ibm received an order for a hundred computers .,0,3735
class,class,the class of 1982 was particularly noteworthy .,early morning classes are always sleepy .,1,3736
care,care,he does n't care about how / whether she comes .,i do n't care .,1,3737
heart,heart,the heart and soul of any democracy is its electorate .,you have n't got the heart for baseball .,0,3738
mow,mow,mow the grass .,he mowed the lawn .,1,3739
smear,smear,smear the wall with paint .,the opposition party attempted to smear the candidate by spreading incorrect and unverifiable rumors about their personal behavior .,0,3740
taste,taste,arrogance and lack of taste contributed to his rapid success .,she enjoyed her brief taste of independence .,0,3741
overkill,overkill,"should i give you yet more homework , or would that be overkill ?",24 hours of tv coverage of the us election verged on overkill .,1,3742
camp,camp,city kids get to see the country at a summer camp .,the living room was pure camp .,0,3743
hand,hand,a ranch hand .,give him a hand .,0,3744
translate,translate,i have to translate when my in - laws from austria visit the u.s.,braque translated collage into oil .,0,3745
charge,charge,will you pay cash or charge the purchase ?,how much do you charge for lunch ?,0,3746
loss,loss,it was written off as a loss .,everyone expected him to win so his loss was a shock .,0,3747
shortness,shortness,can cause shortness of breath .,there was no shortness of money .,1,3748
house,house,this is my house and my family 's ancestral home .,she felt she had to get out of the house .,1,3749
surface,surface,earthquakes originate far below the surface .,three quarters of the earth 's surface is covered by water .,1,3750
help,help,she could not help watching the sad spectacle .,this money will help the development of literacy in developing countries .,0,3751
case,case,the teaching consists of theory lessons and case studies .,it may rain in which case the picnic will be canceled .,1,3752
drop,drop,shop til you drop .,a single shot was fired and the bird dropped from the sky .,1,3753
visibility,visibility,the visibility from that angle was good .,low visibility caused by fog .,1,3754
case,case,it was a case of bad judgment .,"for english , a compositor will ordinarily have two such cases , the upper case containing the capitals and the lower case containing the small letters .",0,3755
feeling,feeling,i had a strange feeling in my leg .,she had a feeling of euphoria .,0,3756
time,time,he was a great actor in his time .,he had a time holding back the tears .,0,3757
draw,draw,a ship 's sail is said to draw when it is filled with wind .,this horse draws well .,1,3758
dozen,dozen,there should n't be more than two dozen christmas cards left to write .,"can i have a dozen eggs , please ?",1,3759
hand,hand,i did n't hold a good hand all evening .,objections were voiced on every hand .,0,3760
attendance,attendance,a student 's attendance is an important factor in her grade .,the class sat down so that the teacher could take attendance .,0,3761
fish,fish,in japan most fish is eaten raw .,after the scare about foot-and-mouth disease a lot of people started eating fish instead of meat .,1,3762
grade,grade,grade a milk .,he got a good grade on the test .,1,3763
key,key,the key to winning a game .,the key to development is economic integration .,1,3764
education,education,a girl 's education was less important than a boy 's .,he received no formal education .,0,3765
reach,reach,our advertisements reach millions .,his hand reaches the river .,0,3766
connect,connect,this computer will connect well to the network .,these computers connected well .,1,3767
fire,fire,there was a fire at the school last night and the whole place burned down .,we sat around the fire singing songs and telling stories .,0,3768
coverage,coverage,"before laying sod on that clay , the ground needs two inches of coverage with topsoil .",there are overlapping coverages on your insurance policies .,1,3769
belong,belong,these pages do n't belong .,the uniform looks like it belonged to a museum collection .,1,3770
thing,thing,this thing has got to end .,it is a remarkable thing .,1,3771
crash,crash,will the stock market crash again ?,the economy crashed .,1,3772
touch,touch,this dish could use a touch of garlic .,at his touch the room filled with lights .,0,3773
industry,industry,american industry is making increased use of computers to control production .,frugality and industry are still regarded as virtues .,0,3774
fiddle,fiddle,the reporter fiddle with the facts .,we found out that she had been fiddling for years .,0,3775
arouse,arouse,to arouse jealousy .,to arouse compassion .,1,3776
stretch,stretch,cats stretch with equal ease and agility beyond the point that breaks a man on the rack .,i always stretch my muscles before exercising .,1,3777
land,land,he built the house on land leased from the city .,there 's no work on the land any more .,0,3778
lesson,lesson,the accident was a good lesson to me .,he did the lesson for today .,0,3779
hold,hold,she kept a firm hold on the railing .,keep a firm hold on the handlebars .,1,3780
change,change,the product is undergoing a change in order to improve it .,this storm is certainly a change for the worse .,1,3781
grace,grace,it was debated whether saving grace could be obtained outside the membership of the church .,i 'm so grateful to god for the grace that he has given me .,0,3782
raise,raise,raise a family .,chew with your mouth shut — were you raised in a barn ?,1,3783
credit,credit,i give you credit for owning up to your mistake .,give her credit for trying .,1,3784
read,read,she read the sky and predicted rain .,the fortune teller read his fate in the crystal ball .,1,3785
right,right,he stood on the right .,the pharmacy is just on the right past the bookshop .,1,3786
one,one,he has the one but will need a two and three to go with it .,they had lunch at one .,1,3787
water,water,they were sitting by the water 's edge .,he asked for a drink of water .,0,3788
use,use,use your head !,he does n't know how to use a computer .,1,3789
patch,patch,i lost my locket in this patch of grass here .,the world economy had a rough patch in the 1930s .,1,3790
come,come,come into the room .,he came singing down the road .,1,3791
performance,performance,we congratulated him on his performance at the rehearsal .,the play ran for 100 performances .,0,3792
be,be,i shall be writing to you soon .,ignorance is bliss .,1,3793
origin,origin,origin in sensation .,the rumor had its origin in idle gossip .,1,3794
follow,follow,follow the road .,follow the trail .,1,3795
reason,reason,the reason that war was declared .,there is reason to believe he is lying .,0,3796
operation,operation,the cognitive operation of remembering .,that rule is no longer in operation .,0,3797
breath,breath,i could hear the breath of the runner behind me .,he was fighting to his last breath .,1,3798
cover,cover,cover the child with a blanket .,cover the grave with flowers .,1,3799
defense,defense,defense against hurricanes is an urgent problem .,he joined the defense against invasion .,0,3800
admit,admit,to admit evidence in the trial of a cause .,this pipe admits air .,1,3801
suffer,suffer,we hope you never have to suffer the same pain .,many saints suffered martyrdom .,1,3802
constriction,constriction,emotion caused a constriction of his throat .,he felt a constriction in her chest .,1,3803
return,return,they set out on their return to the base camp .,the average return was about 5 % .,0,3804
cycle,cycle,"the cycle of the seasons , or of the year .",the never-ending cycle of the seasons .,1,3805
check,check,"katie 's sick , so i need to check up on her and see if she needs anything .",the heat checked the paint .,0,3806
color,color,she used a different color for the trim .,each flavor of quarks comes in three colors .,0,3807
foot,foot,i 'll meet you at the foot of the stairs .,the foot of the page .,0,3808
trade,trade,they are accused of conspiring to constrain trade .,venice was an important center of trade with the east .,1,3809
wealth,wealth,she brings a wealth of knowledge to the project .,great wealth is not a sign of great intelligence .,1,3810
carry,carry,these pipes carry waste water into the river .,this train is carrying nuclear waste .,1,3811
opening,opening,the opening received good critical reviews .,"john spends two hours a day studying openings , and another two hours studying endgames .",0,3812
open,open,the bedrooms open into the hall .,he opened the meeting with a long speech .,0,3813
institution,institution,he had become an institution in the theater .,the institution of slavery .,1,3814
screen,screen,screen a film .,screen these samples .,0,3815
answer,answer,answer the door .,nobody answered when i knocked on the door .,1,3816
cast,cast,pottery of this cast was found throughout the region .,the delicate cast of his features .,0,3817
save,save,i 'll save you the trouble .,this move will save money .,0,3818
grace,grace,it was debated whether saving grace could be obtained outside the membership of the church .,the victor 's grace in treating the vanquished .,0,3819
beat,beat,i beat the traffic .,beat the subway fare .,0,3820
side,side,it brought out his better side .,he is on the purchasing side of the business .,1,3821
puddle,puddle,puddle iron .,puddle young plants .,0,3822
business,business,a racially integrated business concern .,show me where the business was today .,0,3823
side,side,he had a pain in his side .,which side of the tray shall i put it on ?,1,3824
start,start,we simply could not start the engine .,the rain started at 9:00 .,0,3825
back,back,his back was nicely tanned .,they pinned a ` kick me ' sign on his back .,0,3826
gravitation,gravitation,the gravitation between two bodies is proportional to the product of their masses and inversely proportional to the square of the distance between them .,"gravitation can not be held responsible for people falling in love ""-- albert einstein .",1,3827
be,be,i shall be writing to you soon .,there were two hundred people at his funeral .,1,3828
ruffle,ruffle,this play is going to ruffle some people .,she has a way of ruffling feathers among her colleagues .,1,3829
krona,krona,kronas kurss — the exchange rate of the krona .,"papīra krona — paper krona ( i.e. , bills , banknotes ) .",1,3830
communicate,communicate,do you communicate well with your advisor ?,he and his sons have n't communicated for years .,1,3831
dog,dog,the dog barked all night .,the dogs were too hot to touch .,0,3832
come,come,come into contact with a terrorist group .,the water came to a boil .,1,3833
draw,draw,draw the shades .,the ship drew near the shore .,0,3834
estate,estate,there are 50 acres of land in this estate .,the family owned a large estate on long island .,1,3835
sublime,sublime,sublime iodine .,some salts sublime when heated .,1,3836
bar,bar,he bought a hot dog and a coke at the bar .,the boat ran aground on a submerged bar in the river .,0,3837
reenactment,reenactment,they 're going to the civil war battle reenactment this weekend .,the reenactment of the battle of princeton .,1,3838
restore,restore,restore law and order .,he restored my lost faith in him by doing a good deed .,1,3839
body,body,a body of law .,a body of doctrine .,1,3840
door,door,he slammed the door as he left .,he knocked on the door .,1,3841
sale,sale,they are having a clearance sale : 50 % off .,they held a sale to reduce their inventory .,1,3842
drink,drink,drink was his downfall .,i asked for a hot drink .,0,3843
flatten,flatten,flatten your stomach with these exercises .,flatten a road .,1,3844
canvas,canvas,the crowded canvas of history .,the boxer picked himself up off the canvas .,0,3845
push,push,you need to push quite hard to get this door open .,he pushed her to finish her doctorate .,0,3846
touch,touch,"with the lights out , she had to rely on touch to find her desk .",only sight and touch enable us to locate objects in the space around us .,1,3847
wall,wall,the south wall had a small window .,the walls were covered with pictures .,1,3848
refer,refer,refer a patient to a specialist .,christians refer to the mother of jesus as the virgin mary .,0,3849
dogma,dogma,he believed all the marxist dogma .,"the unforgiving dogma of stalinism is that what the party leader , however cruel and incompetent , decrees , however absurd , must be accepted as law .",1,3850
save,save,this will save money .,this will save you a lot of time .,1,3851
seize,seize,to seize a ship after libeling .,the terrorists seized the politicians .,0,3852
try,try,try the yak butter .,the judge tried both father and son in separate trials .,0,3853
edge,edge,edge the tablecloth with embroidery .,he edged towards the car .,0,3854
know,know,we know this movie .,adam knew eve .,0,3855
hit,hit,we were hit by really bad weather .,he hit a home run .,0,3856
speech,speech,her speech was barren of southernisms .,i detected a slight accent in his speech .,1,3857
sake,sake,for your sake .,died for the sake of his country .,1,3858
come,come,come into the room .,come with me to the casbah .,1,3859
ease,ease,a life of luxury and ease .,he passed all the exams with ease .,0,3860
cuddle,cuddle,"i 'm cold ; can you roll over here and cuddle me , honey ?",she cuddled the infant before bedtime .,1,3861
time,time,this time he succeeded .,"okay , but this is the last time . no more after that !",1,3862
course,course,a course of bricks .,"on a building that size , two crews could only lay two courses in a day .",1,3863
stop,stop,soon the rain will stop .,the riots stopped when police moved in .,1,3864
make,make,they make a cute couple .,clothes make the man .,1,3865
field,field,he needs some time in the field before his judgment can be trusted .,field work traditionally distinguishes true archaeologists from armchair archaeologists .,1,3866
hand,hand,give him a hand .,the hired hand fixed the railing .,0,3867
mother,mother,the lioness was a mother of four cubs .,the mother of three children .,1,3868
rest,rest,a body will continue in a state of rest until acted upon .,"now that we 're all in agreement , we can put that issue to rest .",1,3869
inspect,inspect,please inspect your father 's will carefully .,we inspected the area .,1,3870
beg,beg,i beg your pardon . i did n't mean to cause offence .,he begged her to go to the prom with him .,1,3871
cover,cover,is this enough to cover the check ?,this should cover everyone in the group .,0,3872
charge,charge,this cartridge has a powder charge of 50 grains .,the newspaper published charges that jones was guilty of drunken driving .,0,3873
formation,formation,a formation of planes .,the formation of sentences .,0,3874
hardship,hardship,"i can not think it a hardship that more indulgence is allowed to men than to women""- james boswell .",the many hardships of frontier life .,1,3875
give,give,can you give me lessons ?,i gave her my money .,1,3876
demand,demand,the automobile reduced the demand for buggywhips .,there were many demands on his time .,0,3877
leach,leach,leach the soil .,the fertilizer leached into the ground .,0,3878
drag,drag,the waitresses looked like missionaries in drag .,he went to the party dressed in drag .,1,3879
crash,crash,will the stock market crash again ?,the car crashed through the glass door .,0,3880
stay,stay,to stay a flat sheet in a steam boiler .,please stay the bloodshed !,0,3881
emission,emission,the emission of heat from a fire .,the emission of light from the sun .,1,3882
draft,draft,they served beer on draft .,his first drafts were better than most authors ' final products .,0,3883
agree,agree,the two stories do n't agree in many details .,we agreed what to do .,0,3884
war,war,"the "" war on drugs "" is a campaign against the use of narcotic drugs .","in the us , conservatives rail against the "" war on christmas "" .",1,3885
breathe,breathe,i can breathe better when the air is clean .,paul breathed a deep breath .,1,3886
member,member,a member of the faculty .,only members will be admitted .,1,3887
boy,boy,the baby was a boy .,the boys were playing kickball in the mud .,1,3888
crush,crush,crush an aluminum can .,she was crushed by his refusal of her invitation .,0,3889
go,go,messages must go through diplomatic channels .,she went through a lot of trouble .,1,3890
safety,safety,he ran to safety .,be sure that the safety is set before proceeding .,0,3891
introduce,introduce,introduce exotic fruits .,introduce legislation .,0,3892
fall,fall,fall into a strange way of thinking .,she fell to pieces after she lost her work .,1,3893
drink,drink,"no thanks , i do n't drink .",we were up drinking all night .,1,3894
ball,ball,a ball of fire .,a ball of wool .,1,3895
forefront,forefront,the idea of motion was always to the forefront of his mind and central to his philosophy .,that laboratory researches topics at the forefront of technology .,1,3896
spring,spring,he will hold office until the spring of next year .,the emerging buds were a sure sign of spring .,1,3897
pass,pass,pass along the good news .,she passed the new jersey bar exam and can practice law now .,0,3898
forbid,forbid,the rules forbid smoking .,the rules forbid our smoking .,1,3899
part,part,he wanted to feel a part of something bigger than himself .,she played the part of desdemona .,0,3900
rake,rake,rake gravel .,the gunfire raked the coast .,0,3901
soul,soul,the soul of honor .,soul was politically significant during the civil rights movement .,0,3902
sale,sale,you 'll find vitamin c for sale at most pharmacies .,the new line of cars will soon be on sale .,1,3903
note,note,there was a note of gaiety in her manner .,his notes were appended at the end of the article .,0,3904
charge,charge,will you pay cash or charge the purchase ?,"charge all weapons , shields , and banners .",0,3905
render,render,render the brick walls in the den .,render thanks .,0,3906
mean,mean,i mean no harm .,` maison ' means ` house ' in french .,0,3907
tea,tea,would you like some tea ?,"would you be a dear and get me a cup of tea , please ?",1,3908
throw,throw,throw a javelin .,she threw herself forwards .,0,3909
floor,floor,the floor of the pelvis .,the floor of a cave served the refugees as a home .,1,3910
birth,birth,they divorced after the birth of the child .,his election signaled the birth of a new age .,1,3911
connect,connect,"operator , could you connect me to the raffles in singapore ?",the local train does not connect with the amtrak train .,0,3912
cut,cut,that 's our finest cut of meat .,his cut in the lining revealed the hidden jewels .,0,3913
dress,dress,dress the patient .,can the child dress by herself ?,1,3914
camp,camp,we 're planning to camp in the field until sunday .,the houseguests had to camp in the living room .,1,3915
voice,voice,the noisy voice of the waterfall .,the incessant voices of the artillery .,1,3916
pursuit,pursuit,"unremitting pursuit of wealth does n't bring happiness , particularly if successful .",the culprit started to run and the cop took off in pursuit .,1,3917
work,work,do you want to work after the age of 60 ?,is your husband working again ?,1,3918
raise,raise,raise the price of bread .,raise my salary .,1,3919
restore,restore,restore law and order .,restore the stolen painting to its rightful owner .,0,3920
drop,drop,a drop of each sample was analyzed .,there is not a drop of pity in that man .,1,3921
streak,streak,had a streak of bad luck .,i hope i can keep up this streak of accomplishments .,1,3922
body,body,they found the body in the lake .,heavenly body .,0,3923
stuff,stuff,it was stuff i had heard before .,what is all that stuff on your bedroom floor ?,0,3924
account,account,he gave an inaccurate account of the plot to kill the president .,he asked to see the executive who handled his account .,0,3925
hit,hit,we hit detroit by noon .,i have to hit the mac machine before the weekend starts .,1,3926
region,region,here we enter the region of opinion .,the farming regions of france .,0,3927
presentation,presentation,he prepared his presentation carefully in advance .,cesarean sections are sometimes the result of abnormal presentations .,0,3928
see,see,you have to be a good observer to see all the details .,i saw him laughing .,1,3929
tab,tab,files with a red tab will be stored separately .,pull the tab to open the can .,1,3930
come,come,your wish will come true .,winter comes after autumn .,1,3931
pay,pay,pay a debt .,he was allowed to go as soon as he paid .,1,3932
side,side,he was on the heavy side .,he is on the purchasing side of the business .,1,3933
time,time,the judge leniently granted a sentence with no hard time .,he is doing time in the county jail .,1,3934
purchase,purchase,$ 50 wo n't even purchase a dress .,"to purchase land , to purchase a house .",1,3935
antagonist,antagonist,"a flexor , which bends a part , is the antagonist of an extensor , which extends it .",when bending the elbow the triceps are the antagonist .,1,3936
fair,fair,world fair .,trade fair .,1,3937
reseat,reseat,reseat carnegie hall .,we should reseat this cinema-the old seats are worn .,1,3938
approach,approach,approach a task .,i was approached by the president to serve as his adviser in foreign matters .,0,3939
baby,baby,the baby of the family .,the baby of the supreme court .,1,3940
face,face,they climbed the north face of the mountain .,she wanted to wipe him off the face of the earth .,1,3941
look,look,i do n't like the look of the new design .,she got her mother 's looks .,1,3942
system,system,they had to devise a system that did not depend on cooperation .,the body has a system of organs for digestion .,0,3943
subject,subject,i am a british subject .,a moving picture of a train is more dramatic than a still picture of the same subject .,0,3944
now,now,there is no better time than now .,now is a good time to do it .,1,3945
point,point,he held me up at the point of a gun .,get to the point .,0,3946
way,way,come this way and i 'll show you a shortcut .,do you know the way to the airport ?,1,3947
house,house,the children were playing house .,he has a house on cape cod .,0,3948
turn,turn,turn your dance partner around .,turn the car around .,1,3949
store,store,i 'll store these books in the attic .,store grain for the winter .,1,3950
compass,compass,within the compass of an encircling wall .,within the compass of education .,1,3951
fatigue,fatigue,he was suffering from museum fatigue .,the american public is experiencing scandal fatigue .,1,3952
run,run,the sale will run for ten days .,the contract runs through 2008 .,1,3953
blight,blight,too much rain may blight the garden with mold .,this vine never blights .,1,3954
note,note,"i did n't have any coins to pay with , so i used a note .",he peeled off five one-thousand-zloty notes .,1,3955
cover,cover,cover her face with a handkerchief .,the female covers the eggs .,0,3956
run,run,nicklaus had a run of birdies .,the yankees scored 3 runs in the bottom of the 9th .,0,3957
drag,drag,he performed in drag .,he went to the party dressed in drag .,1,3958
shot,shot,a good shot requires good balance and tempo .,he left me an almost impossible shot .,1,3959
irritate,irritate,irritate the glands of a leaf .,it irritates me that she never closes the door after she leaves .,0,3960
loss,loss,the company operated at a loss last year .,a serious loss of business .,0,3961
time,time,he was a great actor in his time .,time stops for nobody .,0,3962
strike,strike,we must strike the enemy 's oil fields .,the ship struck a reef .,0,3963
tea,tea,the store shelves held many different kinds of tea .,"would you be a dear and get me a cup of tea , please ?",1,3964
agonist,agonist,when bending the elbow the biceps are the agonist .,acetylcholine is an agonist at the a cholinergic receptor .,0,3965
coverage,coverage,do n't go to lunch if we do n't have enough coverage for the help-desk phones .,there are overlapping coverages on your insurance policies .,1,3966
nationality,nationality,such images define their sense of nationality .,immigrants of the same nationality often seek each other out .,1,3967
be,be,i shall be writing to you soon .,i am 75 kilograms .,1,3968
mark,mark,mark homework .,this sign marks the border .,0,3969
post,post,i 'll post the news on the bulletin board .,post a sentinel in front of the door .,0,3970
hit,hit,an interesting idea hit her .,he hit a home run .,0,3971
unit,unit,a unit of wheat is a bushel .,the centimetre is a unit of length .,1,3972
loss,loss,the match ended in their first loss of the season .,the company operated at a loss last year .,0,3973
assimilate,assimilate,the teacher paused in her lecture to allow the students to assimilate what she had said .,this country assimilates immigrants very quickly .,0,3974
bite,bite,the bite of satire .,i 'll have a quick bite to quiet my stomach until dinner .,0,3975
reaction,reaction,there was a chemical reaction of the lime with the ground water .,his reaction to the news was to start planning what to do .,0,3976
connect,connect,the telephone company finally put in lines to connect the towns in this area .,did you finally connect with your long-lost cousin ?,0,3977
interest,interest,he has a lot of interest in vintage cars .,the iron interests stepped up production .,0,3978
mean,mean,i did n't mean to knock your tooth out .,i only meant to help you .,1,3979
fall,fall,fall into a strange way of thinking .,she fell ill .,1,3980
check,check,he asked the waiter for the check .,the tablecloth had red and white checks .,0,3981
save,save,this move will save money .,where did i save that document ? i ca n't find it on the desktop .,0,3982
strike,strike,strike an arc .,the bullet struck her thigh .,0,3983
stand,stand,a bedside stand .,the army made a final stand at the rhone .,0,3984
spread,spread,she liked to spread butter on her toast while it was still hot .,spread cheese on a piece of bread .,1,3985
trim,trim,they traditionally trim the tree on christmas eve .,the airplane trimmed .,0,3986
spread,spread,spread information .,the missionaries quickly spread their new message across the country .,1,3987
patch,patch,does n't that patch of clouds looks like a bunny ?,the storms last summer washed away parts of the road so we can expect some rough patches up ahead .,1,3988
post,post,she was opening her post .,is there any post for me ?,1,3989
opening,opening,there was a small opening between the trees .,a salamander darted out of an opening in the rocks .,1,3990
place,place,do you want to come over to my place later ?,he lost his place on the page .,0,3991
field,field,gold field .,he longed for the fields of his youth .,1,3992
swimsuit,swimsuit,jade refused to go swimming with her brother until he helped her find her favorite swimsuit .,put on your swimsuit and let 's go for a swim .,1,3993
ability,ability,"this wood has the ability to fight off insects , fungus , and mold for a considerable time .",this phone has the ability to have its software upgraded wirelessly .,1,3994
pack,pack,pack the books into the boxes .,to pack goods in a box .,1,3995
example,example,there is an example on page 10 .,this patient provides a typical example of the syndrome .,1,3996
stuff,stuff,the trunk was full of stuff .,he did n't want his pockets to bulge so he was walking around with all his stuff in his hands .,1,3997
fun,fun,they began to fight like fun .,she asked for money and then the fun began .,1,3998
spread,spread,spread information .,spread your arms .,0,3999
foulness,foulness,his display of foulness deserved severe punishment .,he understood the foulness of sin .,1,4000
snap,snap,to snap a fastener .,snap your fingers .,1,4001
line,line,he got out of line .,toe the line .,1,4002
fast,fast,muslims fast during ramadan .,catholics sometimes fast during lent .,1,4003
rotate,rotate,we rotate the lead soprano every night .,we rotate the crops so as to maximize the use of the soil .,0,4004
support,support,he applied to the state for support .,they developed a scheme of mutual support .,0,4005
wash,wash,he managed to wash out the stains .,"the car is so dirty , we need to wash it .",1,4006
spring,spring,i spent my spring holidays in morocco .,"you can visit me in the spring , when the weather is bearable .",1,4007
stretch,stretch,stretch the fabric .,i always stretch my muscles before exercising .,0,4008
loss,loss,loss of livestock left the rancher bankrupt .,a serious loss of business .,0,4009
facility,facility,he was famous for his facility as an archer .,a cell phone with internet facility .,0,4010
owe,owe,i still owe for the car .,she owes me $ 200 .,1,4011
conflict,conflict,the conflict between the government and the rebels began three years ago .,he was immobilized by conflict and indecision .,0,4012
cover,cover,cover her face with a handkerchief .,the period covered the turn of the century .,0,4013
time,time,when was the last time we went out ? i do n't remember .,he called four times .,1,4014
use,use,i ca n't use this tool .,use the plastic bags to store the food .,1,4015
pad,pad,pad the seat of the chair .,pad a bra .,0,4016
effect,effect,he just did it for effect .,the new law will come into effect on the first day of next year .,0,4017
population,population,the population of new jersey will not stand for this !,the african-american population of salt lake city has been increasing .,0,4018
pull,pull,the pull of the moon .,the pull of the current .,1,4019
line,line,to line the shelves .,line one 's pockets .,1,4020
set,set,he gave a final set to his hat .,the set of prime numbers is infinite .,0,4021
foot,foot,the foot of the list .,he stood at the foot of the tower .,0,4022
point,point,to fall off a point .,he checked the point on his compass .,1,4023
fish,fish,after the scare about foot-and-mouth disease a lot of people started eating fish instead of meat .,they have a chef who specializes in fish .,1,4024
line,line,"i tried to make a call , but the line was dead .",a dedicated line .,1,4025
unit,unit,a unit of wheat is a bushel .,units of nucleic acids .,0,4026
funny,funny,she made a funny .,she told a funny story .,1,4027
force,force,a force out was recorded on the scorecard .,force equals mass times acceleration .,0,4028
disposition,disposition,i have little disposition now to do as you say .,salt has a disposition to dissolve in water .,1,4029
voice,voice,the wee small voice of conscience .,he said his voices told him to do it .,1,4030
carry,carry,i carry her image in my mind 's eye .,i carry these thoughts in the back of my head .,1,4031
pay,pay,pay a visit .,he paid off the loan three months early .,0,4032
classify,classify,how would you classify these pottery shards -- are they prehistoric ?,she classified the articles into different genres .,1,4033
touch,touch,the cooling touch of the night air .,there was a touch of sarcasm in his tone .,0,4034
accord,accord,we are in accord with your proposal .,the accord of light and shade in painting .,0,4035
feeling,feeling,he lost all feeling in his arm .,he had terrible feelings of guilt .,0,4036
shower,shower,would male strippers be appropriate for the divorce shower ?,today there will be frequent showers and some sunny spells .,0,4037
make,make,he will make a fine father .,he makes a great host .,1,4038
leave,leave,she wants to leave .,his good luck finally left him .,0,4039
softness,softness,he attributes the disappointing results to softness in the economy .,and in softness almost beyond hearing .,0,4040
drink,drink,"no thanks , i do n't drink .","you 've been drinking , have n't you ?",1,4041
time,time,he had a time holding back the tears .,they had a good time together .,1,4042
drive,drive,drive a car or bus .,my new truck drives well .,0,4043
solution,solution,the solution took three hours .,they were trying to find a peaceful solution .,0,4044
read,read,i read this address as a satire .,i can read his feelings in his face .,1,4045
hit,hit,we were hit by really bad weather .,the temperature could hit 110 f tomorrow .,0,4046
develop,develop,develop the rook .,report the news as it develops .,0,4047
raise,raise,raise a sad cry .,raise a protest .,1,4048
side,side,he was on the heavy side .,look on the bright side .,1,4049
dress,dress,dress the patient .,dress the plants in the garden .,0,4050
crack,crack,he opened the window a crack .,i 'd like to take a crack at that game .,0,4051
sign,sign,the hunters found deer sign at the end of the trail .,those clouds show signs of raining soon .,1,4052
texture,texture,the wall had a smooth texture .,"the beans had a grainy , gritty texture in her mouth .",1,4053
number,number,he had a number of chores to do .,it was one of the best numbers he ever did .,0,4054
session,session,a filming session .,"are we having a recording session ? "" yes . we 've even got some session musicians to provide some brass . "" .",1,4055
come,come,come out of the closet !,he came from france .,1,4056
mercury,mercury,the mercury was falling rapidly .,"the mercury there has averaged 37.6c , 2.3c above the february norm .",1,4057
head,head,at five years of age this head of cattle is worth perhaps $ 40 .,they shot 20 head of quail .,1,4058
touch,touch,she did n't touch her food all night .,are you all right ? you 've hardly touched your lunch .,1,4059
ditch,ditch,ditch a plane .,ditch a lover .,0,4060
think,think,"i think she is pretty , contrary to most people .",i think that he is her boyfriend .,1,4061
plane,plane,he lived on a worldly plane .,we will refer to the plane of the graph as the x-y plane .,0,4062
fool,fool,the village fool threw his own shoes down the well .,you were a fool to cross that busy road without looking .,1,4063
connect,connect,this computer will connect well to the network .,our computers connected together .,1,4064
twinkle,twinkle,there 's a perpetual twinkle in his eyes .,"he was a rotund , jolly man with a twinkle in his eye .",1,4065
place,place,do you want to come over to my place later ?,your place or mine ?,1,4066
possess,possess,he does not even possess a working telephone .,what possessed you to buy this house ?,0,4067
know,know,she does n't know this composer .,i know him under a different name .,1,4068
sense,sense,a sense of danger .,a sense of happiness .,1,4069
keep,keep,i keep my specimens under glass to protect them .,keep smiling .,1,4070
cardinal,cardinal,"the cardinal number "" three "" can be represented as "" 3 "" or "" three "" .","the smallest cardinal numbers are 0 , 1 , 2 , and 3 .",1,4071
civilization,civilization,the people slowly progressed from barbarism to civilization .,he is remembered for his generosity and civilization .,0,4072
channel,channel,the ship went aground in the channel .,the english channel lies between france and england .,1,4073
drill,drill,drill a hole into the wall .,"do n't drill here , there 's a gas pipe .",1,4074
light,light,do you have a light ?,the light of my life .,0,4075
business,business,government and business could not agree .,computers are now widely used in business .,0,4076
wear,wear,the tires showed uneven wear .,she bought it for everyday wear .,0,4077
carry,carry,these pipes carry waste water into the river .,amanda carried the package to new york from home .,1,4078
dibs,dibs,who 's got dibs on the chips ?,i have dibs on that last slice of pizza .,1,4079
recuperate,recuperate,recuperate one 's losses .,the patient is recuperating .,0,4080
set,set,the film is set in africa .,set up an experiment .,0,4081
summerize,summerize,summerize a house .,summerize your car .,1,4082
count,count,can you count the books on your shelf ?,there are three apples ; count them .,1,4083
wear,wear,wear one 's hair in a certain way .,she wore a smile all day .,0,4084
submission,submission,what was the date of submission of your proposal ?,his submission to the will of god .,0,4085
book,book,i am reading a good book on economics .,they got a subpoena to examine our books .,0,4086
flash,flash,a flash sewn on his sleeve indicated the unit he belonged to .,red flashes adorned the airplane .,1,4087
read,read,i can read his feelings in his face .,she read my mind and promptly rose to get me a glass of water .,1,4088
connect,connect,the new railroad will connect the northern part of the state to the southern part .,our computers connected together .,1,4089
pass,pass,he had a pass for three days .,it was not possible to complete the computation in a single pass .,0,4090
voice,voice,the voice of experience .,he said his voices told him to do it .,1,4091
softness,softness,orders have recently picked up after a period of extreme softness .,"he was shocked by the softness of the atmosphere surrounding the young prince , arising from the superfluity of the femininity that guided him .",0,4092
drag,drag,he performed in drag .,the waitresses looked like missionaries in drag .,1,4093
cover,cover,"when the pot comes to a boil , cover it and reduce the heat to medium .",the caravan covered almost 100 miles each day .,0,4094
pocket,pocket,the trapped miners found a pocket of air .,they dipped into the taxpayers ' pockets .,0,4095
book,book,many readers find the first book of a tale of two cities to be confusing .,the book of isaiah .,1,4096
life,life,get a life .,social life .,1,4097
lock,lock,the therapist noticed that the patient 's knees tended to lock in this exercise .,the parents locked her daughter up for the weekend .,0,4098
drop,drop,drop a lawsuit .,they dropped her after she had a child out of wedlock .,0,4099
game,game,he thought of his painting as a game that filled his empty time .,being a child is all fun and games .,1,4100
camp,camp,the houseguests had to camp in the living room .,can we go camping again this summer ?,1,4101
line,line,the line of soldiers advanced with their bayonets fixed .,they were arrayed in line of battle .,1,4102
smile,smile,he has a sinister smile .,she had a smile on her face .,1,4103
trend,trend,the trend of the stock market .,the trend of a coastline .,1,4104
drain,drain,a drain on resources .,a drain of young talent by emigration .,1,4105
monitor,monitor,the police monitor the suspect 's moves .,we are monitoring the air quality .,1,4106
see,see,the minister does n't see anybody before noon .,the doctor will see you now .,1,4107
air,air,air out the smoke-filled rooms .,air the old winter clothes .,1,4108
time,time,take time to smell the roses .,i did n't have time to finish .,1,4109
ball,ball,he played with his rubber ball in the bathtub .,he threw nine straight balls before the manager yanked him .,0,4110
connect,connect,can you connect the two loudspeakers ?,these computers connected well together .,1,4111
break,break,break a lucky streak .,break the cycle of poverty .,1,4112
mess,mess,my boss dumped a whole mess of projects on my desk today .,the wardroom mess .,0,4113
rub,rub,rub oil into her skin .,i rubbed my hands together for warmth .,1,4114
finish,finish,when these final episodes are broadcast it will be the finish of the show .,the market was up at the finish .,0,4115
implement,implement,implement a procedure .,he implemented a new economic plan .,0,4116
case,case,it was a case of bad judgment .,a typical case was the suburban housewife described by a marriage counselor .,0,4117
excitement,excitement,he could hardly conceal his excitement when she agreed .,his face was flushed with excitement and his hands trembled .,0,4118
sense,sense,common sense is not so common .,fortunately she had the good sense to run away .,1,4119
life,life,i have known him all his life .,"she 's my love , my life .",0,4120
game,game,he 's in the plumbing game .,the game is 6 all .,0,4121
union,union,the union of opposing factions .,the soviet union .,0,4122
build,build,build up confidence .,the contractor builds houses for $ 100 .,0,4123
ensure,ensure,this nest egg will ensure a nice retirement for us .,our exertions ensured us a good outcome .,1,4124
haul,haul,haul nets .,haul stones .,1,4125
air,air,open a window and let in some air .,i need some fresh air .,1,4126
port,port,port a rifle .,port arms !,1,4127
degree,degree,she has two bachelor 's degrees and is studying towards a master 's degree .,90 degrees fahrenheit is equivalent to 32.2 degrees celsius .,0,4128
make,make,one swallow does not a summer make .,this makes the third infraction .,1,4129
round,round,he ordered a second round .,they brought us a round of drinks about every thirty minutes .,1,4130
hum,hum,the hum of distant traffic .,"they could hear a hum coming from the kitchen , and found the dishwasher on .",1,4131
finish,finish,when the finish is too thin it is difficult to apply evenly .,the car 's finish was so shiny and new .,1,4132
identity,identity,simply an identity element if both are true .,it was too dark to determine his identity .,0,4133
make,make,a good review by this critic will make your play !,she married into wealth and so has it made .,1,4134
people,people,his people have been farmers for generations .,are your people still alive ?,1,4135
trial,trial,he called each flip of the coin a new trial .,in the experimental trials the amount of carbon was measured separately .,1,4136
support,support,the statue stood on a marble support .,the government provides support to the arts in several ways .,0,4137
stick,stick,the policy so far is all stick and no carrot .,the recipe calls for half a stick of butter .,0,4138
age,age,we live in a litigious age .,the bronze age was followed by the iron age .,1,4139
head,head,200 head of cattle .,a reduction in the assessment per head of sheep .,1,4140
poison,poison,gossip is a malicious poison .,the poison of fascism .,1,4141
way,way,did n't know the way home .,it 's a long way to moscow .,0,4142
survey,survey,under his proud survey the city lies . -sir john denham .,his survey of the battlefield was limited .,1,4143
leave,leave,she did n't leave until midnight .,the president 's remarks left us speechless .,0,4144
notice,notice,an obituary notice .,you did n't give me enough notice .,1,4145
work,work,i will work hard to improve my grades .,they worked on the task .,1,4146
control,control,control the budget .,control an account .,0,4147
chain,chain,"a chain of ideas , one leading to the next .",the chain of command .,1,4148
sense,sense,it 's common sense not to put metal objects in a microwave oven .,common sense is not so common .,1,4149
sale,sale,they are having a clearance sale : 50 % off .,i got some great bargains at their annual sale .,1,4150
baby,baby,stop being a baby !,stand up for yourself - do n't be such a baby !,1,4151
head,head,the beer had a large head of foam .,pour me a fresh beer ; this one has no head .,1,4152
pull,pull,pull a bank robbery .,the car pulls to the right .,0,4153
shift,shift,we 'll have to shift these boxes to the downtown office .,shift the emphasis .,1,4154
run,run,he went to las vegas and spent all his money over a three-day run .,i 'm having a run of bad luck .,1,4155
wall,wall,negotiations ran into a brick wall .,the walls of the cylinder were perforated .,0,4156
cast,cast,her features had a delicate cast to them .,the delicate cast of his features .,1,4157
stay,stay,we stayed in hawaii for a week .,the judge stayed the execution order .,0,4158
chain,chain,"a chain of ideas , one leading to the next .",the third link of the silver chain needs to be resoldered .,1,4159
burn,burn,he watched the house burn .,the sun burned his face .,0,4160
face,face,dew dripped from the face of the leaf .,she wanted to wipe him off the face of the earth .,1,4161
run,run,i will run the sample .,do n't run that software unless you have permission . ' .,1,4162
provide,provide,"do n't bother bringing equipment , as we will provide it .",this procedure provides for lots of leeway .,0,4163
base,base,the base of the triangle .,the attack wiped out our forward bases .,0,4164
day,day,it should arrive any day now .,those were the days .,1,4165
trust,trust,do n't trust my ex - wife .,i trust you will behave better from now on .,0,4166
pay,pay,"pay up , please !",she offered to pay the bill .,1,4167
life,life,while there 's life there 's hope .,life depends on many chemical and physical processes .,1,4168
raise,raise,raise a family .,to raise somebody to office .,1,4169
front,front,he walked to the front of the stage .,he led the national liberation front .,0,4170
drive,drive,drive the forest .,we drove the car to the garage .,0,4171
withholding,withholding,there were allegations of the withholding of evidence .,i resented his withholding permission .,1,4172
sale,sale,i got some great bargains at their annual sale .,they held a sale to reduce their inventory .,1,4173
line,line,the answer to the comprehension question can be found in the third line of the accompanying text .,there are six lines in every stanza .,1,4174
act,act,"she wants to act lady macbeth , but she is too young for the role .",he acted the idiot .,0,4175
assemble,assemble,assemble your colleagues .,the parents assembled in the school hall .,1,4176
clearance,clearance,the plane was given clearance to land .,"he got clearance to travel to america , even though he had previous links to terrorists .",1,4177
heart,heart,the child won everyone 's heart .,"he stood still , his heart thumping wildly .",0,4178
channelize,channelize,channelize a stream .,channelize the country for better transportation .,0,4179
membership,membership,they polled their membership .,he has memberships in clubs in three cities .,1,4180
time,time,we had a wonderful time at the party .,he had a time holding back the tears .,1,4181
use,use,i ca n't use this tool .,we can use this mathematical formula to solve the problem .,1,4182
subvert,subvert,do school counselors subvert young children ?,we must not let our civil liberties be subverted by the current crisis .,0,4183
remission,remission,her cancer was in remission .,his cancer is in remission .,1,4184
treat,treat,treat an oil spill .,treat the lawn with chemicals .,1,4185
move,move,to move in a matter .,the soldiers moved towards the city in an attempt to take it before night fell .,0,4186
take,take,take sick .,be taken drunk .,1,4187
light,light,it brought the scandal to light .,he could paint the lightest light and the darkest dark .,0,4188
question,question,the question of seniority will be discussed at the meeting .,there was a question of which material to use .,1,4189
stick,stick,stick the corner of the sheet under the mattress .,this question really stuck me .,0,4190
avoid,avoid,i try to avoid the company of gamblers .,we avoided the area .,1,4191
offer,offer,offer resistance .,he offered his sympathy .,0,4192
film,film,the table was covered with a film of dust .,the film was shot on location .,0,4193
extend,extend,extend the casserole with a little rice .,extend the tv antenna .,0,4194
product,product,they improve their product every year .,the product of 2 and 3 is 6 .,0,4195
finish,finish,the wine has a nutty flavor and a pleasant finish .,booze will be the finish of him .,0,4196
eye,eye,the thread would n't go through the eye .,they were in the eye of the storm .,0,4197
play,play,play games .,we played hockey all afternoon .,1,4198
break,break,this play will either make or break the playwright .,his peccadilloes finally broke his marriage .,1,4199
develop,develop,develop a passion for painting .,develop the rook .,0,4200
snap,snap,to snap a whip .,bullets snapped past us .,0,4201
cut,cut,cut a movie scene .,cut the engines when the plane comes to a halt !,1,4202
take,take,take vengeance .,take steps .,1,4203
catch,catch,did you catch the thief ?,he caught her staring out the window .,0,4204
attack,attack,open to attack by the elements .,the film was sensitive to attack by acids .,1,4205
float,float,float a ship .,the government floated the ruble for a few months .,0,4206
role,role,the role of women has changed significantly in the last century .,what is your role on the team ?,1,4207
shuffle,shuffle,shuffle the cards .,i shuffled my feet in embarrassment .,0,4208
practice,practice,it is good practice to check each door and window before leaving .,it is their practice to give annual raises .,1,4209
drip,drip,listening to the tap next door drip all night drove me mad !,water is dripping from the faucet .,1,4210
grace,grace,i 'm so grateful to god for the grace that he has given me .,god 's grace is manifested in the salvation of sinners .,1,4211
stop,stop,soon the rain will stop .,the car stopped .,0,4212
top,top,he stared as she buttoned her top .,i bought this top as it matches my jeans .,1,4213
cover,cover,"when the pot comes to a boil , cover it and reduce the heat to medium .",cover the child with a blanket .,0,4214
range,range,a piano has a greater range than the human voice .,he answered a range of questions .,0,4215
rubric,rubric,* that would fall under the rubric of things we can ignore for now .,it is usually discussed under the rubric of ` functional obesity ' .,1,4216
example,example,but there is always the famous example of the smiths .,i profited from his example .,0,4217
prepare,prepare,prepare a speech .,the prince was prepared to become king one day .,0,4218
background,background,he is a lawyer with a sports background .,the lawyer had a background in computer science .,1,4219
court,court,the king will visit the duke 's court .,pay court to the emperor .,0,4220
number,number,every number has a unique position in the sequence .,"the equation e^i\pi+1=0 includes the most important numbers : 1 , 0 , \pi , i , and e.",1,4221
time,time,see you another time .,when was the last time we went out ? i do n't remember .,1,4222
vagueness,vagueness,these terms were used with a vagueness that suggested little or no thought about what each might convey .,the conservative manifesto is a model of vagueness .,1,4223
interest,interest,in the interest of safety .,in the common interest .,1,4224
sex,sex,they had sex in the back seat .,we had sex in the back seat .,1,4225
mirror,mirror,i had a look in the mirror to see if the blood had come off my face .,"we could see the lorry in the mirror , so decided to change lanes .",1,4226
civilization,civilization,he is remembered for his generosity and civilization .,early mayan civilization .,0,4227
dig,dig,dig salt .,dig coal .,1,4228
arouse,arouse,arouse pity .,to arouse compassion .,1,4229
clarity,clarity,lack of clarity on the part of the teacher will cause confusion among the students .,"she dreamed , with great clarity , that she had been seen her own death .",1,4230
date,date,i arranged a date with my australian business partners .,she asked how to avoid kissing at the end of a date .,1,4231
count,count,can you count the books on your shelf ?,i can count my colleagues in the opposition .,0,4232
authority,authority,respect my authority !,he has the authority to issue warrants .,1,4233
know,know,do you know my sister ?,she does n't know this composer .,1,4234
direction,direction,they proposed a new direction for the firm .,he checked the direction and velocity of the wind .,0,4235
voice,voice,the voice of the law .,conservatism has many voices .,1,4236
stomach,stomach,exercise gave him a good stomach for dinner .,a good stomach for roast beef .,1,4237
start,start,to start a business .,start a new job .,0,4238
score,score,settling a score .,the player with the highest score is the winner .,0,4239
air,air,the house had a neglected air .,as he waited he could feel the air on his neck .,0,4240
connect,connect,the new railroad will connect the northern part of the state to the southern part .,herman connected the computers together .,1,4241
slot,slot,bob dylan occupied the top slot for several weeks .,she beat some tough competition for the number one slot .,1,4242
charge,charge,the child was a charge of the nanny .,the teacher led her charges across the street .,1,4243
pop,pop,pop the clutch .,the soldiers were popping .,0,4244
block,block,block an attack .,block the book cover .,0,4245
language,language,the gift of language .,he taught foreign languages .,1,4246
regret,regret,i regret i ca n't come to the party .,"i regret that i have to do this , but i do n't have a choice .",0,4247
wall,wall,negotiations ran into a brick wall .,a wall of prejudice .,1,4248
block,block,block a nerve .,you are blocking the name of your first wife !,0,4249
make,make,make a move .,make advances .,1,4250
move,move,the move into my fiancé 's house took two long days .,they say that three moves equal one fire .,1,4251
dwelling,dwelling,philip 's dwelling fronted on the street . - alfred tennyson .,he built a modest dwelling near the pond .,1,4252
field,field,"the set of rational numbers , \mathbbq , is the prototypical field .",field of view .,0,4253
excuse,excuse,a poor excuse for an automobile .,he had to get his mother to write an excuse for him .,0,4254
tell,tell,tell me what is bothering you .,ellen told helen how to avoid the crowd .,1,4255
face,face,dew dripped from the face of the leaf .,put a big sign on each face of the building that can be seen from the road .,1,4256
remember,remember,do you remember that he once loved you ?,i ca n't remember saying any such thing .,1,4257
end,end,start at the beginning and go on until you come to the end .,the so-called glorious experiment came to an inglorious end .,0,4258
stop,stop,stop a car .,your rights stop where you infringe upon the rights of other .,0,4259
complexion,complexion,a sunburnt complexion .,a liberal political complexion .,0,4260
streak,streak,"i was on a winning streak until the fourth game , where i was dealt terrible cards .",had a streak of bad luck .,1,4261
touch,touch,he could not touch the meaning of the poem .,she never touched her husband .,0,4262
deep,deep,in the deep of winter .,in the deep of night .,1,4263
behalf,behalf,spoke a good word in his friend 's behalf .,in your behalf .,1,4264
undo,undo,i wish i could undo my actions .,"fortunately , we can undo most of the damage to the system by the war .",1,4265
satisfaction,satisfaction,the chef tasted the sauce with great satisfaction .,he enjoyed the dish with great satisfaction . he 'll order it again the next time he arrives .,0,4266
third,third,jones came in third .,"he answered the first question willingly , the second reluctantly , and the third with resentment .",1,4267
keep,keep,keep appointments .,she never keeps her promises .,1,4268
connect,connect,the planes do n't connect and you will have to wait for four hours .,"operator , could you connect me to the raffles in singapore ?",0,4269
support,support,the statue stood on a marble support .,he leaned against the wall for support .,0,4270
round,round,a round of pleasures .,the story is going the rounds in washington .,0,4271
place,place,place a phone call .,he bet $ 2 on number six to place .,0,4272
make,make,make advances .,make a phone call .,1,4273
deal,deal,he 's a master of the business deal .,we need to finalise the deal with henderson by midnight .,1,4274
repertory,repertory,has a large repertory of dialects and characters .,the repertory of the supposed feats of mesmerism .,1,4275
love,love,their love left them indifferent to their surroundings .,he had n't had any love in months .,0,4276
give,give,can you give me lessons ?,"when they asked , i gave my coat .",1,4277
refine,refine,refine pig iron .,refine oil .,1,4278
energy,energy,jogging works off my excess energy .,europeans often laugh at american energy .,0,4279
dwelling,dwelling,the old house served as a dwelling for albert .,he built a modest dwelling near the pond .,1,4280
foot,foot,the foot of the list .,curled up on the foot of the bed .,1,4281
fight,fight,do n't fight it !,he fought for breath .,0,4282
seat,seat,he was elected to a seat in the senate .,"he sat on the arm of the chair rather than the seat , which always annoyed his mother .",0,4283
cup,cup,the cup of her bra .,bees filled the waxen cups with honey .,1,4284
search,search,the outcome justified the search .,a thorough search of the ledgers revealed nothing .,1,4285
see,see,you have to be a good observer to see all the details .,he is blind -- he can not see .,1,4286
whisk,whisk,the chef prepared to whisk the egg whites for the angel 's food cake .,whisk the eggs .,1,4287
strength,strength,they measured the station 's signal strength .,he had the strength of ten men .,1,4288
side,side,it brought out his better side .,look on the bright side .,1,4289
scrambler,scrambler,their quarterback was a good scrambler .,scramblers can often unnerve a better tennis player .,1,4290
control,control,she never lost control of herself .,he had lost control of his sphincters .,0,4291
poison,poison,poison the atmosphere in the office .,poison someone 's mind .,1,4292
law,law,civilization presupposes respect for the law .,"by law , one is not allowed to own a wallaby in new york city .",1,4293
cover,cover,cover the grave with flowers .,the insurance wo n't cover this .,0,4294
squeeze,squeeze,increased expenses put a squeeze on profits .,getting through that small opening was a tight squeeze .,0,4295
scrub,scrub,engineers had to scrub the satellite launch due to bad weather .,we had to scrub our vacation plans .,1,4296
spin,spin,one of the planet 's moons has a slower spin than the others .,he took the new car for a spin .,0,4297
rotation,rotation,the manager had only four starting pitchers in his rotation .,crop rotation makes a balanced demand on the fertility of the soil .,1,4298
blend,blend,blend the nuts and raisins together .,he blends in with the crowd .,1,4299
mount,mount,mount a theater production .,mount a play .,1,4300
art,art,it 's quite an art .,the art of conversation .,1,4301
detach,detach,detach a regiment .,his retina detached and he had to be rushed into surgery .,0,4302
life,life,he wanted to live his own life without interference from others .,"she 's my love , my life .",0,4303
feel,feel,i made the students feel different about themselves .,you make me feel naked .,1,4304
break,break,can you break a hundred-dollar bill for me ?,i had to break a $ 100 bill just to buy the candy .,1,4305
order,order,men from the fraternal order will staff the soup kitchen today .,an explosion of a low order of magnitude .,0,4306
end,end,no one wanted to play end .,they rode to the end of the line .,0,4307
commission,commission,he works on commission .,a reseller 's commission .,1,4308
camp,camp,we 're planning to camp in the field until sunday .,can we go camping again this summer ?,1,4309
strike,strike,strike fire from the flintstone .,strike a match .,1,4310
reticulation,reticulation,the reticulation of a leaf .,the reticulation of a photographic emulsion .,1,4311
use,use,we can use this mathematical formula to solve the problem .,he does n't know how to use a computer .,1,4312
movement,movement,the labor movement has been struggling in america since the passage of the taft-hartley act in 1947 .,he was a charter member of the movement .,1,4313
action,action,his novels always have a lot of action .,the united nations must have the power to propose and organize action without being hobbled by irrelevant issues .,0,4314
ball,ball,a ball of mud caught him on the shoulder .,the children were playing ball in the garden .,0,4315
hollow,hollow,the hollow of the hand or of a tree .,he built himself a cabin in a hollow high up in the rockies .,0,4316
language,language,he uttered harsh language .,sign language .,1,4317
move,move,"a slight move of the tiller , and the boat will go off course .",his move put him directly in my path .,1,4318
day,day,it should arrive any day now .,these days it is not unusual .,1,4319
take,take,tomorrow the doctor will take the cast off her arm .,mother took our plates away and came back with some fruit for us to eat .,1,4320
ringing,ringing,the ringing of the telephone .,"the tintinnabulation that so voluminously swells from the ringing and the dinging of the bells ""-- e. a. poe .",1,4321
call,call,he heard the phone ringing but did n't want to take the call .,i received several calls today .,1,4322
number,number,she refused to give them her social security number .,she preferred the black nylon number .,0,4323
breath,breath,i could hear the breath of the runner behind me .,the child 's breath came quickly and unevenly .,1,4324
beat,beat,they were beaten by a more aggressive team .,beat the egg whites .,0,4325
chance,chance,we had the chance to meet the president last week .,now is your chance .,1,4326
practice,practice,it is the usual practice of employees there to wear neckties only when meeting with customers .,it is their practice to give annual raises .,1,4327
allow,allow,to allow a servant his liberty .,mandela was allowed few visitors in prison .,0,4328
train,train,they joined the wagon train for safety .,the bride 's train was carried by her two young nephews .,0,4329
blow,blow,there 's nothing more thrilling to the whale watcher than to see a whale surface and blow .,the leaves were blowing in the wind .,0,4330
deal,deal,a deal of trouble .,he rose to prominence through a series of shady deals .,0,4331
difference,difference,his support made a real difference .,the difference in her is amazing .,1,4332
connection,connection,the connection between overeating and obesity .,my headache has no connection with me going out last night .,1,4333
block,block,the offensive linemen tried to block the blitz .,he blocked the basketball player 's shot .,1,4334
reaction,reaction,when i last tried to eat strawberries i had a terrible allergic reaction .,john feared his mother 's reaction when she saw the broken lamp .,0,4335
break,break,"i do n't know how to break this to you , but your cat is not coming back .","when news of their divorce broke , ...",1,4336
office,office,a municipal office .,he rented an office in the new building .,0,4337
push,push,"` now push hard , ' said the doctor to the woman .",he pushed her to finish her doctorate .,0,4338
attendance,attendance,john 's attendance for the conventions was not good .,attendance was up by 50 per cent .,0,4339
air,air,open a window and let in some air .,air pollution .,1,4340
loss,loss,a serious loss of business .,weight loss .,1,4341
texture,texture,fish with a delicate flavor and texture .,breadfruit has the same texture as bread .,1,4342
coast,coast,the coast is clear .,the children lined up for a coast down the snowy slope .,0,4343
arouse,arouse,to arouse anger .,to arouse jealousy .,1,4344
land,land,it can be tricky to land a helicopter .,this may land you in jail .,1,4345
leave,leave,she did n't leave until midnight .,the ship leaves at midnight .,1,4346
product,product,this is a product of lime and nitric acid .,skill is the product of hours of practice .,0,4347
life,life,he gave up on life .,"having experienced both , the vampire decided that he preferred (un)death to life .",1,4348
weakness,weakness,the weakness of the span was overlooked until it collapsed .,his weakness increased as he became older .,1,4349
end,end,he came to a bad end .,the so-called glorious experiment came to an inglorious end .,1,4350
richness,richness,the fire-light gave a richness of coloring to that side of the room .,the richness all around unsettled him for he had expected to find poverty .,0,4351
smother,smother,smother a yawn .,the butter cream smothered the cake .,0,4352
call,call,we could always call on a friend .,he called me a bastard .,0,4353
know,know,it is vital that he not know .,i want to know who is winning the game !,1,4354
luck,luck,bad luck caused his downfall .,gilbert had some bad luck yesterday — he got pick - pocketed and lost fifty dollars .,1,4355
traffic,traffic,traffic on the internet is lightest during the night .,heavy traffic overloaded the trunk lines .,1,4356
sense,sense,a sense of self .,a sense of danger .,1,4357
space,space,they stopped at an open space in the jungle .,the astronauts walked in outer space without a tether .,0,4358
water,water,first you have to cut off the water .,the boat was found in within the territorial waters .,0,4359
play,play,on weekends i play .,she played all her money on the dark horse .,0,4360
path,path,the hurricane demolished houses in its path .,genius usually follows a revolutionary path .,0,4361
stock,stock,the rifle had been fitted with a special stock .,she made gravy with a base of beef stock .,0,4362
fit,fit,this man ca n't fit himself into our work environment .,"the small shirt does n't fit me , so i 'll buy the medium size .",0,4363
drive,drive,drive the forest .,we drove to the university every morning .,0,4364
view,view,they were soon out of view .,consider what follows from the positivist view .,0,4365
run,run,run a new program on the mac .,run the dishwasher .,1,4366
body,body,the body of the car was badly rusted .,wool has more body than rayon .,0,4367
charger,charger,put the batteries in the charger overnight so we can use them tomorrow .,the knight rode a white charger .,0,4368
know,know,i know him under a different name .,this flower is known as a peruvian lily .,1,4369
grip,grip,the grip of a sword .,it was an old briefcase but it still had a good grip .,1,4370
patch,patch,i lost my locket in this patch of grass here .,does n't that patch of clouds looks like a bunny ?,1,4371
know,know,i want to know who is winning the game !,i know it 's time .,1,4372
fill,fill,she had heard her fill of gossip .,he ate his fill of potatoes .,1,4373
formation,formation,the formation of sentences .,a defensive formation .,0,4374
foot,foot,the foot of the mountain .,the foot of the page .,1,4375
point,point,they sailed south around the point .,she scored three points .,0,4376
order,order,the machinery is out of order .,magnolias belong to the order magnoliales .,0,4377
purchase,purchase,"to purchase land , to purchase a house .",the family purchased a new car .,1,4378
loss,loss,the match ended in their first loss of the season .,his loss of credibility led to his resignation .,1,4379
cut,cut,cut trenches .,cut a hole .,1,4380
drift,drift,drift the cattle herds westwards .,the laborers drift from one town to the next .,0,4381
window,window,the expanded window will give us time to catch the thieves .,launch window .,1,4382
shelve,shelve,shelve books .,the library needs volunteers to help shelve books .,1,4383
ensure,ensure,this nest egg will ensure a nice retirement for us .,the circumstances ensured that he would arrive in time .,1,4384
end,end,no one wanted to play end .,the end of the pier .,0,4385
quality,quality,"the quality of mercy is not strained ""-- shakespeare .","while being impulsive can be great for artists , it is not a desirable quality for engineers .",1,4386
set,set,set fire to a building .,the moon sets at eight o'clock tonight .,0,4387
operation,operation,the cognitive operation of remembering .,a multinational operation .,0,4388
approach,approach,approach a new project .,approach a task .,1,4389
clear,clear,clear the leaves from the lawn .,the balloon cleared the tree tops .,0,4390
stone,stone,people wanted to stone the woman who had a child out of wedlock .,she got stoned to death after they found her .,1,4391
admit,admit,this ticket will admit one adult to the show .,this pipe admits air .,0,4392
rock,rock,that mountain is solid rock .,he threw a rock at me .,0,4393
run,run,run a new program on the mac .,our coach had us running plays for the whole practice .,1,4394
feeder,feeder,a bark feeder .,a mud feeder .,1,4395
float,float,float a ship .,the boat floated on the water .,0,4396
end,end,one end of the box was marked ` this side up ' .,we have given it at the end of the section since it involves the calculus .,0,4397
head,head,200 head of cattle .,200 head of cattle and 50 head of horses .,1,4398
danger,danger,there was widespread danger of disease .,you are in no danger .,1,4399
drop,drop,drop him from the republican ticket .,stock prices dropped .,0,4400
reaction,reaction,when i last tried to eat strawberries i had a terrible allergic reaction .,you were in the courtroom . what is your reaction ?,1,4401
end,end,he came to a bad end .,no one wanted to play end .,0,4402
grain,grain,a grain of sand .,saw the board across the grain .,0,4403
shot,shot,he left me an almost impossible shot .,he is a crack shot .,0,4404
marriage,marriage,a long and happy marriage .,their marriage was conducted in the chapel .,0,4405
strike,strike,strike a bargain .,"the germans struck poland on sept. 1 , 1939 .",0,4406
have,have,the only girl who would have him was the miller 's daughter .,"we had a hard year last year , with the locust swarms and all that .",0,4407
be,be,i shall be writing to you soon .,there was a lot of noise in the kitchen .,1,4408
take,take,tomorrow the doctor will take the cast off her arm .,the test grader takes off a point for every misspelled word .,1,4409
point,point,he stuck the point of the knife into a tree .,he knows my bad points as well as my good points .,0,4410
spell,spell,the workers spell every four hours .,to spell the helmsman .,0,4411
day,day,i work at night and sleep during the day .,the dawn turned night into day .,1,4412
develop,develop,develop the rook .,well - developed breasts .,0,4413
war,war,the war against crime .,the war on poverty .,1,4414
come,come,come out of the closet !,he came through the door .,1,4415
support,support,the president no longer has the support of his own party .,they developed a scheme of mutual support .,1,4416
love,love,he has a very complicated love life .,he had n't had any love in months .,1,4417
number,number,i hope to become one of their number before i die .,"the equation e^i\pi+1=0 includes the most important numbers : 1 , 0 , \pi , i , and e.",0,4418
cover,cover,cover the grave with flowers .,cover her face with a handkerchief .,1,4419
threat,threat,his threat to kill me was quite explicit .,earthquakes are a constant threat in japan .,0,4420
sweep,sweep,please sweep the floor .,they were swept up by the events .,0,4421
shot,shot,his parting shot was ` drop dead ' .,i caught him with a solid shot to the chin .,0,4422
song,song,the wheels sang their song as the train rocketed ahead .,the song of bullets was in the air .,1,4423
appearance,appearance,"a person makes his appearance as an historian , an artist , or an orator .",david beckham 's first appearance with the la galaxy at giants stadium against the new york red bulls last night drew a crowd of 66237 .,1,4424
come,come,come down here !,he came through the door .,1,4425
room,room,hardly enough elbow room to turn around .,there was n't that much elbow room in the aircraft .,1,4426
degree,degree,a remarkable degree of frankness .,there are 360 degrees in a circle .,0,4427
number,number,i hope to become one of their number before i die .,this sweater is an all-wool number .,0,4428
retrograde,retrograde,retrograde arguments .,retrograding planets .,0,4429
air,air,the flock of birds took to the air .,a smell of chemicals in the air .,1,4430
plug,plug,plug the hole .,he attempted to plug the leaks with some caulk .,1,4431
think,think,i think that he is her boyfriend .,i think he is very smart .,1,4432
crack,crack,to crack a whip .,crack a safe .,0,4433
quotation,quotation,let 's get a quotation for repairing the roof before we decide whether it 's worth doing .,since he lacks originality he must rely on quotation .,0,4434
connect,connect,can you connect the two loudspeakers ?,our computers connected together .,1,4435
spring,spring,he will hold office until the spring of next year .,"you can visit me in the spring , when the weather is bearable .",1,4436
block,block,block an attack .,he blocked the basketball player 's shot .,1,4437
think,think,think thin .,"idly , the detective thought what his next move should be .",1,4438
shower,shower,her friends organized a baby shower for her when she was expecting .,he took a shower after the game .,0,4439
vote,vote,he failed to get the black vote .,american women got the vote in 1920 .,0,4440
air,air,the flock of birds took to the air .,open a window and let in some air .,1,4441
authority,authority,the world 's foremost authority on orangutans .,tennessee valley authority .,1,4442
beat,beat,the drums beat all night .,beat the table with his shoe .,0,4443
make,make,make water into wine .,make lead into gold .,1,4444
leave,leave,leave it as is .,leave the young fawn alone .,1,4445
raise,raise,we visited a farm where they raise chickens .,chew with your mouth shut — were you raised in a barn ?,1,4446
make,make,how much do you make a month in your new job ?,he made twenty bucks playing poker last night .,1,4447
admit,admit,the french doors admit onto the yard .,a ticket admits one into a playhouse .,0,4448
point,point,life has lost its point .,what is the point of discussing it ?,0,4449
pull,pull,pull the trigger of the gun .,pull the handle towards you .,1,4450
focus,focus,"if you 're going to beat your competitors , you need to focus .",we focused on reading the book .,1,4451
admit,admit,to admit evidence in the trial of a cause .,she admitted us .,1,4452
improbability,improbability,the improbability of such rare coincidences .,impossibility should never be confused with improbability .,1,4453
acquisition,acquisition,the acquisition of one company by another .,the acquisition of wealth .,1,4454
control,control,measures for the control of disease .,the control condition was inappropriate for the conclusions he wished to draw .,0,4455
snap,snap,to snap a fastener .,the lock snapped shut .,0,4456
pace,pace,he lived at a fast pace .,"even at the duel , standing 10 paces apart , he could have satisfied aaron 's honor .",0,4457
gather,gather,gather the close family members .,be careful not to stretch or gather your knitting .,1,4458
work,work,he never worked because he inherited a lot of money .,my wife never worked .,1,4459
foot,foot,armored from head to foot .,his bare feet projected from his trousers .,1,4460
level,level,the pictures were at the same level .,park the car on the level .,0,4461
return,return,in return we gave them as good as we got .,his gross income was enough that he had to file a tax return .,0,4462
make,make,one swallow does not a summer make .,clothes make the man .,1,4463
life,life,the battery had a short life .,"having experienced both , the vampire decided that he preferred (un)death to life .",0,4464
quibble,quibble,let 's not quibble over pennies .,they are constantly quibbling over insignificant details .,1,4465
leave,leave,at what time does your train leave ?,the ship leaves at midnight .,1,4466
make,make,how much do you make a month in your new job ?,you have to spend money to make money !,1,4467
develop,develop,could you develop the ideas in your thesis .,the patient developed abdominal pains .,0,4468
wave,wave,a wave of settlers .,troops advancing in waves .,1,4469
break,break,break down a proof .,break an alibi .,1,4470
ply,ply,ply your wits !,he plied his trade as carpenter for forty-three years .,1,4471
drive,drive,we drive the turnpike to work .,drive the forest .,0,4472
nick,nick,he 's in the nick .,he was arrested and taken down to sun hill nick police station to be charged .,1,4473
bed,bed,slices of hard-boiled egg on a bed of spinach .,sea bed .,0,4474
drive,drive,drive the forest .,she drove me to school every day .,0,4475
panel,panel,today 's panel includes john smith .,he checked the instrument panel .,0,4476
end,end,she knotted the end of the thread .,they rode to the end of the line .,1,4477
session,session,a training session .,"are we having a recording session ? "" yes . we 've even got some session musicians to provide some brass . "" .",1,4478
war,war,the war on poverty .,"the "" war on terror "" is a campaign against terrorist crime .",1,4479
culture,culture,the reason that the agency is doomed to inaction has something to do with the fbi culture .,the developing drug culture .,1,4480
wash,wash,my jacket needs a wash .,i 'm going to have a quick wash before coming to bed .,1,4481
taproot,taproot,the taproot of his resentment .,genius and insanity spring from the same taproot .,1,4482
develop,develop,could you develop the ideas in your thesis .,spassky developed quickly .,0,4483
give,give,what will you give her for her birthday ?,i 'm going to give my wife a necklace for her birthday .,1,4484
smoke,smoke,it was just smoke and mirrors .,his dreams all turned to smoke .,1,4485
component,component,a component or constituent element of a system .,spare components for cars .,1,4486
application,application,a novel application of electronics to medical diagnosis .,december 31 is the deadline for applications .,0,4487
inhibit,inhibit,inhibit the action of the enzyme .,inhibit the rate of a chemical reaction .,1,4488
catch,catch,catch one 's breath .,i caught some z 's on the train .,1,4489
have,have,i have two sisters .,how many cars does she have ?,1,4490
order,order,the order of saint benedict .,an explosion of a low order of magnitude .,0,4491
process,process,"this product of last month 's quality standards committee is quite good , even though the process was flawed .",the process of calcification begins later for boys than for girls .,1,4492
call,call,i would not call her beautiful .,take two aspirin and call me in the morning .,0,4493
opening,opening,he slipped through an opening in the crowd .,there was a small opening between the trees .,1,4494
orient,orient,let me just orient myself and we can be on our way .,we had to orient ourselves in the forest .,1,4495
one,one,"driver , noun : one who drives .",this is the one i ordered .,1,4496
start,start,i start my day with a good breakfast .,the blood shed started when the partisans launched a surprise attack .,1,4497
machinery,machinery,the complex machinery of negotiation .,the machinery of command labored and brought forth an order .,1,4498
truth,truth,the lawyer questioned the truth of my account .,truth to one 's own feelings is all-important in life .,1,4499
use,use,we can use this mathematical formula to solve the problem .,she uses her influential friends to get jobs .,0,4500
avoid,avoid,her former friends now avoid her .,he avoided going to the area .,1,4501
hit,hit,the temperature could hit 110 f tomorrow .,the thermometer hit 100 degrees .,1,4502
strike,strike,strike coins .,the thought struck terror in our minds .,0,4503
world,world,people are dying of starvation all over the world .,all the world loves a lover .,1,4504
understand,understand,i understand what she means .,i understand wanting more .,1,4505
process,process,events now in process .,the process of thinking .,0,4506
see,see,can you see the bird in that tree ?,i saw him laughing .,1,4507
while,while,he was here for a little while .,he lectured for quite a long while .,1,4508
form,form,"to apply for the position , complete the application form .",he filled out his tax form .,1,4509
work,work,start from the bottom and work towards the top .,she was working on her second martini when the guests arrived .,1,4510
show,show,the dirty side will show .,his good upbringing really shows .,1,4511
serve,serve,this table would serve very well .,he had served in financial planning positions .,1,4512
bake,bake,potatoes bake to a crisp .,bake the potatoes .,1,4513
go,go,how fast does your new car go ?,the policemen went from door to door looking for the suspect .,1,4514
serve,serve,this table would serve very well .,his freedom served him well .,1,4515
hit,hit,he hit a home run .,he hit .300 in the past season .,1,4516
par,par,par for this course is 72 .,on a par with the best .,0,4517
help,help,can you help me carry this table ?,everyone helped out during the earthquake .,1,4518
make,make,to make like a deer caught in the headlights .,make merry .,1,4519
school,school,he walked to school every morning .,a school of small glittering fish swam by .,0,4520
mouth,mouth,he rode into the mouth of the canyon .,they built a fire at the mouth of the cave .,1,4521
grain,grain,saw the board across the grain .,a grain of salt .,0,4522
develop,develop,develop a passion for painting .,please develop this roll of film .,0,4523
leave,leave,he took his leave .,"the applicant now seeks leave to appeal and , if leave be granted , to appeal against these sentences .",0,4524
remember,remember,remember me in your prayers .,he remembered her in his will .,0,4525
clear,clear,clear the water before it can be drunk .,clear the patrons from the theater after the bomb threat .,0,4526
hold,hold,hold your temper .,hold your tongue .,1,4527
cover,cover,"when the pot comes to a boil , cover it and reduce the heat to medium .",cover the meat with a lot of gravy .,0,4528
church,church,this building used to be a church before being converted into a library .,there is a lovely little church in the valley .,1,4529
post,post,there is an officer 's club on the post .,this military post provides an important source of income for the town nearby .,1,4530
stretch,stretch,i was right in the middle of a stretch when the phone rang .,a stretch of highway .,0,4531
understand,understand,i understand how to do it .,i understand what she means .,1,4532
border,border,a solid border around a table of figures .,there 's a nice frilly border around the picture frame .,1,4533
believe,believe,why did i ever believe you ?,she believes in spirits .,1,4534
leave,leave,leave the young fawn alone .,"unfortunately , this cleaning product leaves behind a noticeable residue .",1,4535
third,third,it contains approximately a third of the minimum daily requirement .,he ate a third of the pie .,0,4536
now,now,it worked up to right now .,now is the right time .,1,4537
business,business,show me where the business was today .,they did nearly a million dollars of business over the long weekend .,1,4538
round,round,round off the amount .,"the total is $ 25,715 but to keep the figures simple , i 'll round it down to $ 25,000 .",1,4539
water,water,i need to go water the cattle .,we watered the buffalo .,1,4540
mean,mean,i mean no harm .,the sky is red this morning — does that mean we 're in for a storm ?,0,4541
office,office,an executive or judical office .,he rented an office in the new building .,0,4542
bolt,bolt,do n't bolt your food !,"seeing the snake , the horse bolted .",0,4543
body,body,a body of law .,they found the body in the lake .,0,4544
process,process,process a loan .,process the applicants .,1,4545
finish,finish,when the finish is too thin it is difficult to apply evenly .,the boat had a metallic finish .,1,4546
age,age,it was replaced because of its age .,we 've known each other for ages .,0,4547
like,like,i like jogging .,she likes to read russian novels .,1,4548
image,image,although her popular image was contrived it served to inspire music and pageantry .,the number 6 is the image of 3 under f that is defined as f(x ) = 2*x .,0,4549
know,know,we know this movie .,do you know my sister ?,1,4550
product,product,skill is the product of hours of practice .,skill is the product of hours of practice .,1,4551
time,time,time stops for nobody .,he called four times .,0,4552
connect,connect,the two streets connect to become a highway .,our computers connected together .,0,4553
draw,draw,"to draw a memorial , a deed , or bill of exchange .",the deed was drawn in the lawyer 's office .,1,4554
unit,unit,change per unit volume .,he was a member of a special police unit .,0,4555
lay,lay,to lay a tax on land .,this hen does n't lay .,0,4556
day,day,every dog has his day .,my day began early this morning .,0,4557
song,song,thomas listened to his favorite song on the radio yesterday .,with a shout and a song they marched up to the gates .,0,4558
insulate,insulate,ceramic can be used to insulate power lines .,we had his bedroom insulated before winter came .,1,4559
peeler,peeler,potato peeler .,she invented a potato peeler .,1,4560
roll,roll,roll a cigarette .,they rolled from town to town .,0,4561
reaction,reaction,the forces of reaction carried the election .,"in this reaction , the acid and base will neutralize each other , producing a salt .",0,4562
offset,offset,i 'll offset the time difference locally .,offset deposits and withdrawals .,1,4563
ceremony,ceremony,a ceremony commemorating pearl harbor .,he disposed of it without ceremony .,0,4564
facelift,facelift,give your home a facelift .,"more than a facelift , the new model marks a fundamental change of direction .",1,4565
throw,throw,football tickets are expensive at fifty bucks a throw .,he could n't afford $ 50 a throw .,1,4566
shift,shift,shift the date for our class reunion .,she shifted slightly in her seat .,0,4567
vote,vote,"the supreme court upheld the principle of one person , one vote .",there were only 17 votes in favor of the motion .,1,4568
call,call,call the speaker on a question of fact .,call roll .,0,4569
point,point,a point of information .,get to the point .,0,4570
toy,toy,toy with an idea .,figo is toying with the english defence .,1,4571
give,give,give the orders .,give him my best regards .,1,4572
quality,quality,a peasant is not allowed to fall in love with a lady of quality .,membership of this golf club is limited to those of quality and wealth .,1,4573
set,set,set up an experiment .,set the table .,1,4574
communicate,communicate,do you communicate well with your advisor ?,many deaf people communicate with sign language .,1,4575
ping,ping,ping your machine in the office .,the bugs pinged the lamp shade .,0,4576
laugh,laugh,paul laughed a cheerful laugh .,she laughed her excitement .,1,4577
hit,hit,he tries to hit on women in bars .,we were hit by really bad weather .,0,4578
appearance,appearance,it was bernhardt 's last appearance in america .,"a person makes his appearance as an historian , an artist , or an orator .",1,4579
humor,humor,she did n't appreciate my humor .,you ca n't survive in the army without a sense of humor .,1,4580
pull,pull,the pull up the hill had him breathing harder .,the pull of the moon .,0,4581
make,make,do n't make this into a big deal .,this invention will make you a millionaire .,1,4582
set,set,set a record .,to set pear trees in an orchard .,0,4583
worry,worry,it is not work but worry that kills .,his worry over the prospect of being fired .,1,4584
halt,halt,halt the presses .,halt the engines .,1,4585
shovel,shovel,shovel sand .,he shovelled in the backyard all afternoon long .,1,4586
tension,tension,he suffered from fatigue and emotional tension .,tension holds the belt in the pulleys .,0,4587
give,give,give thought to .,give priority to .,1,4588
level,level,the water reached ankle level .,the pictures were at the same level .,1,4589
charge,charge,can i charge this purchase ?,the suspect was charged with murdering his wife .,0,4590
shuck,shuck,shuck oysters .,shall we shuck walnuts ?,1,4591
face,face,he 's always stuffing his face with chips .,dew dripped from the face of the leaf .,0,4592
foot,foot,the foot of the mountain .,the foot of the list .,1,4593
check,check,these stories do n't check !,"katie 's sick , so i need to check up on her and see if she needs anything .",0,4594
cut,cut,would you please cut the cake ?,this knife cuts well .,1,4595
lift,lift,take the lift to the fourth floor .,he responded with a lift of his eyebrow .,0,4596
cut,cut,if you cut then i 'll deal .,she cut the deck for a long time .,1,4597
furniture,furniture,how much furniture did they leave behind ?,they had too much furniture for the small apartment .,1,4598
fit,fit,how does this shirt fit ?,"if i lose a few kilos , the gorgeous wedding dress might fit me .",1,4599
reflection,reflection,the dog barked at his own reflection in the mirror .,the pulse is a reflection of the heart 's condition .,0,4600
rotation,rotation,crop rotation makes a balanced demand on the fertility of the soil .,the medical resident finished a two - week rotation in pediatrics and began one in orthopaedics .,1,4601
run,run,run a new program on the mac .,i will run the sample .,1,4602
leave,leave,leave the room .,leave it as is .,0,4603
take,take,take the gun from your pocket .,the test grader takes off a point for every misspelled word .,1,4604
application,application,the application of indexes to tables of data .,massage has far-reaching medical applications .,1,4605
find,find,these aspects of civilization do not find expression or receive an interpretation .,find the product of two numbers .,0,4606
use,use,use your head !,she used to call her mother every week but now she calls only occasionally .,0,4607
trust,trust,he needs to regain her trust if he is ever going to win her back .,he is the beneficiary of a generous trust set up by his father .,0,4608
drop,drop,he had a drop too much to drink .,put three drops of oil into the mixture .,1,4609
shame,shame,"when i realized that i had hurt my friend , i felt deep shame .",one mistake brought shame to all his family .,1,4610
key,key,the key to winning a game .,the key to solving this problem is persistence .,1,4611
waste,waste,much of the waste material is carried off in the sewers .,a life characterized by thriftlessness and waste .,0,4612
consider,consider,consider the possibility of moving .,please consider your family .,0,4613
empathize,empathize,you really have to empathize with them .,you 've really got to empathize with what they want .,1,4614
stay,stay,stay alone .,we stayed in hawaii for a week .,1,4615
leave,leave,she wants to leave .,the president 's remarks left us speechless .,0,4616
electrify,electrify,to electrify a jar .,this patriotic sentiment electrified the audience .,0,4617
order,order,i gave the waiter my order .,the company 's products were in such demand that they got more orders than their call center could handle .,1,4618
tip,tip,he got a tip on the stock market .,they clambered to the tip of monadnock .,0,4619
crack,crack,open the door a crack .,there was a crack in the mirror .,0,4620
patch,patch,a patch of bad weather .,a patch of clouds .,0,4621
application,application,the application of indexes to tables of data .,the iphone application vr+ connects to major social networks .,0,4622
youth,youth,her youth and beauty is what attracted him to her .,"i made many mistakes in my youth , but learned from them all .",0,4623
use,use,we only use spanish at home .,use your head !,1,4624
relationship,relationship,he did n't want his wife to know of the relationship .,the relationship between mothers and their children .,0,4625
carry,carry,carry the suitcases to the car .,amanda carried the package .,1,4626
explosion,explosion,the explosion was heard a mile away .,an explosion of rage .,0,4627
thrust,thrust,she thrust the letter into his hand .,the front of the trains that had collided head-on thrust up into the air .,0,4628
scale,scale,the scale of the model .,there are some who question the scale of our ambitions .,1,4629
run,run,run a risk .,run a temperature .,1,4630
set,set,the subjects ' set led them to solve problems the familiar way and to overlook the simpler solution .,his instructions deliberately gave them the wrong set .,1,4631
component,component,a cpu is a component of a computer .,spare components for cars .,1,4632
approach,approach,do n't approach that house .,"he was an admirable poet , and thought even to have approached homer . -- sir william temple .",1,4633
charge,charge,how much do you charge for lunch ?,the speaker charged up the crowd with his inflammatory remarks .,0,4634
left,left,take a left at the corner .,jab with your left .,0,4635
be,be,i shall be writing to you soon .,3 times 5 is fifteen .,1,4636
open,open,vermont will open elk hunting season next week .,this opens up new possibilities .,0,4637
save,save,this will save you a lot of time .,she saved the old family photographs in a drawer .,0,4638
get,get,we 'll get them !,this time i got him .,1,4639
face,face,they climbed the north face of the mountain .,the face of the city is changing .,0,4640
drive,drive,his drive and energy exhausted his co-workers .,the riverside drive offers many exciting scenic views .,0,4641
see,see,he is blind -- he can not see .,i saw their laughing and joking .,1,4642
bake,bake,potatoes bake to a crisp .,i baked a delicious cherry pie .,1,4643
leave,leave,at what time does your train leave ?,his good luck finally left him .,0,4644
volunteer,volunteer,to volunteer for doing the dishes .,he volunteered the information .,1,4645
guard,guard,guard against infection .,guard against becoming too friendly with the staff .,1,4646
make,make,she may not make the grade .,we made it !,1,4647
direction,direction,is the direction of the economy a function of government ?,he gave directions faster than she could follow them .,0,4648
song,song,i love hearing the song of canary birds .,the song of the wind .,0,4649
declare,declare,declare dividends .,the president declared war .,0,4650
snap,snap,snap your fingers .,bullets snapped past us .,0,4651
difference,difference,you need to learn to be more tolerant of difference .,it just wo n't make much of a difference to anyone .,0,4652
drop,drop,there was a drop in pressure in the pulmonary artery .,a drop of 57 points on the dow jones index .,1,4653
converge,converge,the lines converge at this point .,the crowd converged on the movie star .,0,4654
catch,catch,i have to stop for a moment and catch my breath .,i caught some z 's on the train .,1,4655
enter,enter,enter a drug treatment program .,enter negotiations .,1,4656
toe,toe,toe a nail .,she toes inwards .,0,4657
make,make,make a phone call .,make a move .,1,4658
howl,howl,the howl of the wind made him restless .,he gave a howl of pain .,0,4659
throw,throw,throw the car into reverse .,the horse threw its inexperienced rider .,0,4660
hold,hold,he has a hold over them .,he ordered a hold in the action .,0,4661
end,end,start at the beginning and go on until you come to the end .,"at the end of the story , the main characters fall in love .",1,4662
weakness,weakness,his weakness increased as he became older .,he has a weakness for chocolate .,0,4663
intermingle,intermingle,we do n't intermingle much .,the yolks and the whites intermingled .,1,4664
resistance,resistance,the enemy offered little resistance .,the resistance of bacteria to certain antibiotics .,1,4665
throw,throw,throw accusations at someone .,the horse threw its inexperienced rider .,0,4666
crash,crash,the crash occurred during a thunderstorm and the system has been down ever since .,his crash through the window .,0,4667
follow,follow,we must follow closely the economic development is cuba .,please follow the guide through the museum .,0,4668
part,part,they resisted every effort on his part .,it requires vigilance on our part .,1,4669
operation,operation,a multinational operation .,they had to consolidate their operations .,1,4670
make,make,they make a cute couple .,one swallow does not a summer make .,1,4671
mean,mean,i mean no harm .,happiness means everything .,0,4672
foot,foot,curled up on the foot of the bed .,the foot of the page .,1,4673
seat,seat,the seat of a saddle .,"he sat on the arm of the chair rather than the seat , which always annoyed his mother .",1,4674
operation,operation,a large-scale farming operation .,it can perform millions of operations per second .,0,4675
bear,bear,she agreed to bear the responsibility .,bearing orders .,0,4676
origin,origin,mineral origin .,vegetable origins .,1,4677
quality,quality,a man of quality .,"while being impulsive can be great for artists , it is not a desirable quality for engineers .",0,4678
art,art,an art exhibition .,i was never any good at art .,0,4679
mercy,mercy,it was a mercy that we were not inside when the roof collapsed .,he threw himself on the mercy of the court .,0,4680
erase,erase,the files will erase quickly .,i erased that note because it was wrong .,0,4681
war,war,war was declared in november but actual fighting did not begin until the following spring .,"the "" war on terror "" is a campaign against terrorist crime .",0,4682
make,make,clothes make the man .,this makes the third infraction .,1,4683
strike,strike,strike a bargain .,we must strike the enemy 's oil fields .,0,4684
demobilization,demobilization,immediate demobilization of the reserves .,demobilization of factories .,1,4685
spot,spot,night spot .,a leopard 's spots .,0,4686
touch,touch,i would n't touch her with a ten-foot pole .,the local mafia wo n't touch gambling .,1,4687
set,set,set the table .,set the dogs on the scent of the missing children .,0,4688
have,have,what do we have here ?,have a lover .,0,4689
majority,majority,"those opposing the building plans were in the majority , so the building project was canceled .",the majority agreed that the new proposal was the best .,1,4690
profession,profession,the news spread rapidly through the medical profession .,his conduct is against the established practices of the legal profession .,1,4691
extend,extend,the facts extend beyond a consideration of her personal assets .,my memory extends back to my fourth year of life .,1,4692
attack,attack,his plan of attack was misguided .,an attack on inflation .,1,4693
throw,throw,the horse threw its rider .,throw a glance .,0,4694
head,head,i could n't get his words out of my head .,this song keeps going through my head .,1,4695
fire,fire,he went through fire and damnation .,hold your fire until you can see the whites of their eyes .,0,4696
make,make,make a phone call .,make a decision .,1,4697
put,put,he put all his efforts into this job .,i would n't put it that way .,0,4698
finish,finish,when the finish is too thin it is difficult to apply evenly .,he applied a coat of a clear finish .,1,4699
stick,stick,stick the photo onto the corkboard .,stick some feathers in the turkey before you serve it .,0,4700
furniture,furniture,they had too much furniture for the small apartment .,there was only one piece of furniture in the room .,1,4701
day,day,my day began early this morning .,it was a busy day on the stock exchange .,1,4702
interest,interest,victorian furniture is an interest of mine .,lexicography is one of my interests .,1,4703
port,port,port the helm .,port arms !,0,4704
say,say,what does the law say ?,she said her ` hail mary ' .,0,4705
fatigue,fatigue,the american public is experiencing scandal fatigue .,after watching tv with her husband she had a bad case of football fatigue .,1,4706
grow,grow,corn does n't grow here .,"in these forests , mushrooms grow under the trees .",1,4707
building,building,my sister lives in that apartment building .,there was a three-story building on the corner .,1,4708
burn,burn,burn a cd .,witches were burned in salem .,0,4709
matter,matter,he always took some reading matter with him on the plane .,they were friends and it was no matter who won the games .,0,4710
tension,tension,there is a tension between these approaches to understanding history .,there is a tension created between narrative time and movie time .,1,4711
time,time,we had a wonderful time at the party .,he is not living at home because he is doing time .,0,4712
verify,verify,verify a claim .,please verify that the doors are closed .,1,4713
outwardness,outwardness,"what is the origin of the outwardness of our sensations of sound , smell , or taste .",an abstract conception with feelings of reality and spatial outwardness attached to it .,1,4714
play,play,play games .,pele played for the brazilian teams in many important matches .,1,4715
beat,beat,the drums beat all night .,beat the rhythm .,0,4716
feel,feel,my cold is gone -- i feel fine today .,she felt tired after the long hike .,1,4717
hold,hold,to hold good .,the weather held .,1,4718
case,case,it was a case of bad judgment .,a case of the jitters .,0,4719
copy,copy,the clone was a copy of its ancestor .,please bring me the copies of those reports .,1,4720
strike,strike,strike a medal .,strike coins .,1,4721
quality,quality,"the quality of mercy is not strained ""-- shakespeare .",one of the qualities of pure iron is that it does not rust easily .,1,4722
treat,treat,treat the lawn with chemicals .,do n't worry about the expensive wine -- i'm treating .,0,4723
proficiency,proficiency,to attain ( or to reach ) proficiency .,a test of proficiency in english .,1,4724
beg,beg,i beg your pardon . i did n't mean to cause offence .,i begged her for release .,1,4725
bevy,bevy,a bevy of young beach boys swarmed around him .,he was surrounded by a bevy of beauties in bathing attire .,1,4726
believe,believe,"when you hear his sermons , you will be able to believe , too .","after that night in the church , i believed .",1,4727
institution,institution,the institution of marriage .,he had become an institution in the theater .,1,4728
lot,lot,they were an angry lot .,lots of people think so .,0,4729
draft,draft,they served beer on draft .,he left the country to avoid the draft .,0,4730
go,go,these ugly billboards have to go !,this chair has got to go .,1,4731
mouth,mouth,she wiped lipstick from her mouth .,the jar had a wide mouth .,0,4732
time,time,this time he succeeded .,when was the last time we went out ? i do n't remember .,1,4733
admit,admit,to admit evidence in the trial of a cause .,a ticket admits one into a playhouse .,1,4734
side,side,he is on the purchasing side of the business .,the patient was bleeding on the right side .,0,4735
note,note,it ended on a sour note .,there was a note of gaiety in her manner .,1,4736
eye,eye,he has an artist 's eye .,she has an eye for fresh talent .,1,4737
window,window,you have a two-hour window of clear weather to finish working on the lawn .,window of opportunity .,1,4738
mean,mean,i mean no harm .,i only meant to help you .,1,4739
smell,smell,smell out corruption .,i smell trouble .,1,4740
consider,consider,you must consider her age .,i 'm considering going to the beach tomorrow .,0,4741
economy,economy,economy of effort .,the scots are famous for their economy .,0,4742
answer,answer,answer the telephone .,nobody answered when i knocked on the door .,1,4743
language,language,the english language .,he did n't have the language to express his feelings .,0,4744
dress,dress,dress a turkey .,dress the surface smooth .,0,4745
drop,drop,he had a drop too much to drink .,a drop of each sample was analyzed .,1,4746
dip,dip,there was a dip in the road .,this onion dip is just scrumptious .,0,4747
bit,bit,"i 'd like a big bit of cake , please .",there are 8 bits in a byte .,0,4748
date,date,they are up to date .,we have n't heard from them to date .,1,4749
lunchtime,lunchtime,he observed a regular lunchtime .,"it 's almost lunchtime , so i think i 'll finish up later this afternoon .",1,4750
beg,beg,beg the question .,beg the point in the discussion .,1,4751
home,home,home is where the heart is .,there 's no place like home .,1,4752
academy,academy,a riding academy .,the american academy of arts and sciences .,0,4753
shopping,shopping,women carrying home shopping did n't give me a second glance .,i carried three heavy bags of shopping up the stairs .,1,4754
resign,resign,he had no choice but to resign the game and let his opponent become the champion .,"after fighting for so long , she finally resigned to her death .",1,4755
direction,direction,is the direction of the economy a function of government ?,i could n't follow the direction of his thoughts .,0,4756
baby,baby,the annual report has been my baby since september .,this project is his baby .,1,4757
strike,strike,the opponent refused to strike .,the boxer struck the attacker dead .,1,4758
seek,seek,seek happiness .,seek an education .,1,4759
quality,quality,the quality of students has risen .,a peasant is not allowed to fall in love with a lady of quality .,0,4760
beg,beg,i beg your pardon . i did n't mean to cause offence .,i begged for her to do it .,1,4761
performance,performance,they admired his performance under stress .,they listened to ten different performances .,0,4762
begin,begin,you can not even begin to understand the problem we had to deal with during the war .,he began early in the day .,0,4763
apparition,apparition,the apparition of lawyer clippurse occasioned much speculation in that portion of the world . – sir w. scott .,natives were amazed at the apparition of this white stranger .,1,4764
case,case,a mental case .,the musicians left their instrument cases backstage .,0,4765
keep,keep,keep count .,i can not keep track of all my employees .,1,4766
top,top,she tied her bikini top .,he screamed at the top of his lungs .,0,4767
score,score,add it to my score and i 'll settle later .,a score were sent out but only one returned .,0,4768
impression,impression,he did a funny impression of a politician .,the dentist took an impression for use in preparing an inlay .,0,4769
take,take,i 'll take the blue plates .,we took the road on the right .,1,4770
care,care,i do n't care .,i do n't care what he does .,1,4771
scene,scene,he made a scene .,"the play is divided into three acts , and in total twenty-five scenes .",0,4772
seek,seek,seek happiness .,seek a position .,1,4773
order,order,the house is in order .,ibm received an order for a hundred computers .,0,4774
land,land,the plane is about to land .,the ship landed in pearl harbor .,1,4775
heart,heart,the heart and soul of the republican party .,they ran forward into the heart of the struggle .,0,4776
check,check,check your luggage before boarding .,she checked for an instant and missed a step .,0,4777
practice,practice,a hard theory to put into practice .,"that may work in theory , but will it work in practice ?",1,4778
receive,receive,receive payment .,receive a gift .,1,4779
system,system,the system consists of a motor and a small computer .,he bought a new stereo system .,1,4780
pull,pull,pull a horse .,you 'll be sent home if you pull another stunt like that .,0,4781
boy,boy,the baby was a boy .,steve is a boy of 16 .,1,4782
confidence,confidence,i have confidence in our team .,everyone trusted him with their confidences .,0,4783
pop,pop,pop the clutch .,the muskets popped away on all sides .,0,4784
disposition,disposition,a swelling with a disposition to rupture .,salt has a disposition to dissolve in water .,0,4785
quality,quality,"while being impulsive can be great for artists , it is not a desirable quality for engineers .",one of the qualities of pure iron is that it does not rust easily .,1,4786
leave,leave,leave the flowers that you see in the park behind .,leave it as is .,1,4787
furniture,furniture,the woman does not even have one stick of furniture moved in yet .,they had too much furniture for the small apartment .,1,4788
pay,pay,pay a debt .,do n't pay him any mind .,0,4789
pay,pay,pay a visit .,it pays to go through the trouble .,0,4790
shade,shade,it is much cooler in the shade .,"close the shade , please : it 's too bright in here .",1,4791
extension,extension,good extension comes from a combination of training and native ability .,extension of the program to all in need .,0,4792
area,area,the photo is a little dark in that area .,the area of a rectangle .,1,4793
neck,neck,the banjo had a long neck .,the bottle had a wide neck .,1,4794
approve,approve,i approve of his educational policies .,i certainly approved of mary 's acquaitance .,1,4795
arouse,arouse,arouse pity .,to arouse jealousy .,1,4796
loaf,loaf,sugar loaf .,meat loaf .,1,4797
pay,pay,how much does this savings certificate pay annually ?,to pay attention .,1,4798
close,close,close with the enemy .,close the door .,0,4799
lift,lift,lift a ban .,i lifted the books onto the table .,0,4800
floor,floor,many sunken ships rest on the ocean floor .,the floor of the cave .,1,4801
fall,fall,fall asleep .,she fell to pieces after she lost her work .,1,4802
dissent,dissent,dissent to the laws of the country .,several republicans dissented .,0,4803
seat,seat,he dusted off the seat before sitting down .,there are two hundred seats in this classroom .,1,4804
richness,richness,he was well aware of the richness of his own appearance .,the richness all around unsettled him for he had expected to find poverty .,0,4805
dig,dig,dig the oars into the water .,dig your foot into the floor .,1,4806
make,make,this invention will make you a millionaire .,she made us look silly .,1,4807
eat,eat,what do whales eat ?,this dog does n't eat certain kinds of meat .,1,4808
pull,pull,pull your knees towards your chin .,pull the handle towards you .,1,4809
cycle,cycle,"the "" ring of the nibelung "" is a cycle of four operas by richard wagner , the famous nineteenth-century german composer .",schubert 's song cycles .,1,4810
leave,leave,leave the young fawn alone .,leave the flowers that you see in the park behind .,1,4811
lot,lot,a building lot in a city .,he bought a lot on the lake .,1,4812
talk,talk,they sat down to talk business .,although i do n't speak chinese i managed to talk with the villagers using signs and gestures .,1,4813
third,third,he was cut down on a close play at third .,a simple harmony written in major thirds .,0,4814
tendency,tendency,a tendency to be too strict .,denim has a tendency to fade .,1,4815
coverage,coverage,they accused the paper of biased coverage of race relations .,there are overlapping coverages on your insurance policies .,0,4816
return,return,the return of spring .,the average return was about 5 % .,0,4817
stretch,stretch,stretch the fabric .,i stretched the rubber band until it almost broke .,1,4818
carry,carry,these bonds carry warrants .,this new washer carries a two year guarantee .,1,4819
rest,rest,"the sun sets , and the workers go to their rest .",i need to get a good rest tonight ; i was up late last night .,1,4820
clear,clear,clear a debt .,the fog cleared in the afternoon .,0,4821
strike,strike,strike ` z ' on the keyboard .,the pianist strikes a middle c .,1,4822
misplay,misplay,he misplayed his promising position .,"i misplayed the tennis shot , i should have hit it to her right instead of left and she 'd have had more trouble returning it .",1,4823
branch,branch,a branch of congress .,he broke off one of the branches .,0,4824
foulness,foulness,mouths which speak such foulness must be cleansed .,he understood the foulness of sin .,1,4825
top,top,he removed the top of the carton .,the mower cuts off the tops of the grass .,0,4826
grate,grate,grate one 's teeth in anger .,to grate a window .,0,4827
pledge,pledge,his saxophone was in pledge .,signed a pledge never to reveal the secret .,0,4828
brim,brim,brim a cup to good fellowship .,the room brimmed with people .,0,4829
point,point,the main point on the agenda was taken up first .,what is the point of discussing it ?,0,4830
utility,utility,a computer system provides utility programs to perform the tasks needed by most users .,the price of the house included all utilities .,0,4831
work,work,do you want to work after the age of 60 ?,she never worked because she inherited a lot of money .,1,4832
order,order,an explosion of a low order of magnitude .,it was on the order of a mile .,1,4833
tongue,tongue,she has a glib tongue .,tongues of flame licked at the walls .,0,4834
deliver,deliver,deliver the mail .,the guard delivered the criminal to the police .,0,4835
sense,sense,fortunately she had the good sense to run away .,he has n't got the sense god gave little green apples .,1,4836
denial,denial,every time we asked for an interview we got a denial .,it resulted in a complete denial of his privileges .,1,4837
outwardness,outwardness,"what is the origin of the outwardness of our sensations of sound , smell , or taste .",the outwardness of the world .,0,4838
shopping,shopping,she loaded her shopping into the car .,i carried three heavy bags of shopping up the stairs .,1,4839
bake,bake,potatoes bake to a crisp .,she 's been baking all day to prepare for the dinner .,1,4840
forbid,forbid,the rules forbid our smoking .,the rules forbid us from smoking .,1,4841
ball,ball,the ball was already emptying out before the fire alarm sounded .,the ball rolled into the corner pocket .,0,4842
light,light,i 'm really seeing you in a different light today .,magoon 's governorship in cuba was viewed in a negative light by many cuban historians for years thereafter .,1,4843
war,war,"the "" war on terror "" is a campaign against terrorist crime .","in the us , conservatives rail against the "" war on christmas "" .",1,4844
gather,gather,gather some stones .,the teacher gathered the kids together .,1,4845
optimization,optimization,the simultaneous optimization of growth and profitability .,to promote the optimization and diversification of agricultural products .,1,4846
stretch,stretch,stretch the imagination .,"to enjoy the picnic , we stretched out on the grass .",0,4847
hold,hold,the general ordered the colonel to hold his position at all costs .,hold the horse .,1,4848
touch,touch,"please can i have a look , if i promise not to touch ?",i would n't touch her with a ten-foot pole .,0,4849
war,war,"the "" war on drugs "" is a campaign against the use of narcotic drugs .",the war on poverty .,1,4850
horizon,horizon,it is beyond the horizon of present knowledge .,some students take a gap year after finishing high school to broaden their horizons .,1,4851
stay,stay,wear gloves so your hands stay warm .,we are staying in detroit .,0,4852
case,case,"for english , a compositor will ordinarily have two such cases , the upper case containing the capitals and the lower case containing the small letters .",that was not the case .,0,4853
match,match,"these two copies are supposed to be identical , but they do n't match .",match my sweater .,0,4854
floor,floor,the floor of a cave served the refugees as a home .,many sunken ships rest on the ocean floor .,1,4855
sell,sell,the french try to sell us their image as great lovers .,the brothers sell shoes .,0,4856
extension,extension,the extension of ` satellite of mars ' is the set containing only demos and phobos .,a text file will have a file extension of .txt .,0,4857
have,have,i do n't have any money left .,what do we have here ?,0,4858
business,business,he bought his brother 's business .,business has been slow lately .,0,4859
leak,leak,a leak in a gas pipe .,he had to clean up the leak .,1,4860
key,key,he spoke in a low key .,some students cheated by using the answer key .,0,4861
field,field,anthropologists do much of their work in the field .,he needs some time in the field before his judgment can be trusted .,1,4862
summit,summit,the region is a few molecules wide at the summit .,"in summer , it is possible to hike to the summit of mt. shasta .",1,4863
block,block,anne boleyn placed her head on the block and awaited her execution .,a block of stone .,1,4864
size,size,the only city of any size in that area .,he blanched when he saw the size of the bill .,1,4865
folk,folk,they 're just country folk .,folks around here drink moonshine .,1,4866
ambition,ambition,my ambition is to own a helicopter .,his ambition is to own his own business .,1,4867
connect,connect,the new railroad will connect the northern part of the state to the southern part .,our computers connected .,1,4868
work,work,the voting process does n't work as well as people thought .,the medicine works only if you take it with a lot of water .,1,4869
forefront,forefront,the idea of motion was always to the forefront of his mind and central to his philosophy .,the cotswolds were once at the forefront of woollen manufacturing in england .,1,4870
exercise,exercise,the doctor recommended regular exercise .,the teacher told us the next exercise is to write an essay .,1,4871
strike,strike,strike a medal .,the teacher struck the child .,0,4872
order,order,order ruled in the streets .,law and order .,1,4873
pay,pay,does she pay you for the work you are doing ?,he paid off the loan three months early .,1,4874
drive,drive,can you drive this four-wheel truck ?,drive the game .,0,4875
faith,faith,i have faith in the goodness of my fellow man .,they broke faith with their investors .,0,4876
time,time,this time he succeeded .,he called four times .,1,4877
carry,carry,i carry these thoughts in the back of my head .,i carry a lot of life insurance .,1,4878
business,business,they did nearly a million dollars of business over the long weekend .,business has been slow lately .,1,4879
place,place,do you want to come over to my place later ?,a political system with no place for the less prominent groups .,0,4880
notice,notice,you did n't give me enough notice .,a notice of sale .,1,4881
period,period,hastened the period of time of his recovery .,picasso 's blue period .,1,4882
treat,treat,she was tempted to treat the whole affair as a joke .,the patient must be treated right away or she will die .,0,4883
beat,beat,beat the cream .,beat the subway fare .,0,4884
pull,pull,pull the trigger of the gun .,pull the rope .,1,4885
sanitize,sanitize,sanitize a document before releasing it to the press .,sanitize the language in a book .,1,4886
operation,operation,they paid taxes on every stage of the operation .,a multinational operation .,1,4887
part,part,she played the part of desdemona .,we all have a part to play .,1,4888
travel,travel,he enjoyed selling but he hated the travel .,space travel .,1,4889
foot,foot,armored from head to foot .,curled up on the foot of the bed .,0,4890
make,make,he did n't make the choir after his voice changed .,"she makes more than he does , and works longer hours than he does , but she still does most of the house-cleaning .",1,4891
tab,tab,files with a red tab will be stored separately .,the collar has a tab with a button hole .,1,4892
rule,rule,it was his rule to take a walk before breakfast .,he knew the rules of chess .,0,4893
make,make,make clay into bricks .,make lead into gold .,1,4894
operation,operation,they will schedule the operation as soon as an operating room is available .,it is dangerous to look at the beam of a laser while it is in operation .,1,4895
institution,institution,the institution of slavery .,the institution of marriage .,1,4896
statement,statement,his tantrums are a statement of his need for attention .,a cadillac makes a statement about who you are .,1,4897
readiness,readiness,putting them in readiness .,"a happy readiness of conversation ""-- jane austen .",0,4898
develop,develop,please develop this roll of film for me .,they developed a new technique .,0,4899
light,light,he stepped into the light .,they played as long as it was light .,0,4900
vehicle,vehicle,a congregation is a vehicle of group identity .,his editorials provided a vehicle for his political views .,1,4901
sign,sign,the hunters found deer sign at the end of the trail .,he showed signs of strain .,1,4902
back,back,can you back up your claims ?,i ca n't back this plan .,0,4903
run,run,let the dogs run free .,who are these people running around in the building ?,1,4904
work,work,a lot of people are out of work .,"he has n't come home yet , he 's still at work .",1,4905
set,set,set these words in italics .,set the house afire .,0,4906
center,center,it is a center 's responsibility to get the football to the quarterback .,his stories made him the center of the party .,0,4907
read,read,read the advertisement .,have you read salman rushdie ?,1,4908
hedge,hedge,diversify your financial portfolio to hedge price risks .,hedge your bets .,1,4909
trace,trace,trace a pattern .,trace a design .,1,4910
support,support,the government provides support to the arts in several ways .,the president no longer has the support of his own party .,1,4911
lash,lash,to lash something to a spar .,the lion lashed its tail .,0,4912
cover,cover,the grant does n't cover my salary .,cover the child with a blanket .,0,4913
develop,develop,please develop this roll of film for me .,develop land .,0,4914
face,face,"to face the front of a coat , or the bottom of a dress .",face the lapels of the jacket .,1,4915
language,language,language sets homo sapiens apart from all other animals .,the language introduced is standard throughout the text .,0,4916
call,call,we could always call on a friend .,call roll .,0,4917
tolerate,tolerate,"i like the way he plays the guitar , but i ca n't tolerate his voice when he sings .",he learned to tolerate the heat .,1,4918
take,take,i take it you 're not going ?,you ca n't take credit for this !,1,4919
work,work,i will work hard to improve my grades .,john worked with paul on the task .,1,4920
age,age,we live in a litigious age .,the tithonian age was the last in the late jurassic epoch .,1,4921
complexion,complexion,a rugged complexion .,a liberal political complexion .,0,4922
difference,difference,it just wo n't make much difference to me .,his support made a real difference .,1,4923
cry,cry,"before we had newspapers , a town crier would cry the news .",he cried his merchandise in the market square .,1,4924
token,token,"according to the bible , the rainbow is a token of god 's covenant with noah .",a book token is the easiest option for a christmas gift .,0,4925
number,number,the number of parameters is small .,in english the subject and the verb must agree in number .,0,4926
nose,nose,he ducked under the nose of the gun .,he has a cold in the nose .,0,4927
order,order,order ruled in the streets .,the machinery is out of order .,1,4928
pack,pack,you had better pack your swollen ankle with ice .,pack your tents to the top of the mountain .,0,4929
demand,demand,the automobile reduced the demand for buggywhips .,his demands for attention were unceasing .,0,4930
bankruptcy,bankruptcy,spiritual bankruptcy .,moral bankruptcy .,1,4931
experience,experience,he had a religious experience .,he recalled the experience vividly .,1,4932
movement,movement,the second movement is slow and melodic .,it was an expensive watch with a diamond movement .,0,4933
union,union,there is strength in union .,the soviet union .,0,4934
include,include,i will purchase the vacation package if you will include car rental .,we must include this chemical element in the group .,1,4935
movement,movement,the succession of flashing lights gave an illusion of movement .,the labor movement has been struggling in america since the passage of the taft-hartley act in 1947 .,0,4936
stay,stay,they had a nice stay in paris .,a lengthy hospital stay .,1,4937
year,year,in the year 1920 .,"a normal year has 365 full days , but there are 366 days in a leap year .",1,4938
resolution,resolution,printing at higher resolution will cause a reduction in performance .,the resolution of an equation .,0,4939
order,order,a friend in new mexico said that the order caused no trouble out there .,law and order .,0,4940
come,come,come into contact with a terrorist group .,your wish will come true .,1,4941
trade,trade,as they say in the trade .,they are accused of conspiring to constrain trade .,0,4942
carry,carry,these pipes carry waste water into the river .,amanda carried the package from home .,1,4943
stuff,stuff,the stuff of heros .,you do n't have the stuff to be a united states marine .,1,4944
back,back,back into the driveway .,the wind backed .,0,4945
course,course,the course of the river .,the government took a firm course .,0,4946
strengthen,strengthen,to strengthen authority .,his body strengthened .,1,4947
immolate,immolate,immolate the valuables at the temple .,the aztecs immolated human victims .,1,4948
form,form,his resentment took the form of extreme hostility .,the composition presents problems for students of musical form .,0,4949
unionize,unionize,my uncle got roughed up by some corporate thugs after they caught him trying to unionize their workers .,the company laid off all the workers when they tried to unionize .,1,4950
allow,allow,this sealed door wo n't allow the water come into the basement .,to allow a servant his liberty .,0,4951
surprise,surprise,the surprise attack was devastating .,imagine my surprise on learning i owed twice as much as i thought i did .,0,4952
trade,trade,i had no further trade with him .,i did no trades with them once the rumors started .,1,4953
earth,earth,earth the circuit .,that noise is because the amplifier is not properly earthed .,1,4954
tea,tea,would you like some tea ?,the store shelves held many different kinds of tea .,1,4955
block,block,i knew his name perfectly well but i had a temporary block .,a block of stone .,0,4956
difference,difference,it just wo n't make much difference to me .,the difference in her is amazing .,1,4957
face,face,he washed his face .,i wish i had seen the look on his face when he got the news .,1,4958
call,call,the mayor likes to call on some of the prominent citizens .,she called her children lazy and ungrateful .,0,4959
staple,staple,tow is flax with short staple .,staple fibers vary widely in length .,1,4960
unit,unit,a unit of wheat is a bushel .,he was a member of a special police unit .,0,4961
command,command,general smith was placed in command .,an admiral in command .,1,4962
union,union,there is strength in union .,let c be the union of the sets a and b .,0,4963
air,air,open a window and let in some air .,as he waited he could feel the air on his neck .,0,4964
roll,roll,roll a cigarette .,the drawer rolled open .,0,4965
mire,mire,caught in the mire of poverty .,the country is still trying to climb out of the mire left by its previous president .,1,4966
bid,bid,"his bid was $ 35,000 .",a bid for a lucrative transport contract .,1,4967
acknowledgment,acknowledgment,she must have seen him but she gave no sign of acknowledgment .,the preface contained an acknowledgment of those who had helped her .,1,4968
finish,finish,he applied a coat of a clear finish .,the car 's finish was so shiny and new .,1,4969
play,play,play cards .,who 's playing now ?,1,4970
beat,beat,beat the subway fare .,beat a path through the forest .,0,4971
keep,keep,keep count .,the pianist kept time with the metronome .,1,4972
classify,classify,"should we classify "" make up "" as an idiom or as a phrasal verb ?",how would you classify these pottery shards -- are they prehistoric ?,1,4973
pull,pull,pull a bank robbery .,pull a chicken .,0,4974
buy,buy,i 'm going to buy my father something nice for his birthday .,this sum will buy you a ride on the train .,0,4975
nick,nick,he 's just been released from shadwell nick prison after doing ten years for attempted murder .,he 's in the nick .,1,4976
dwelling,dwelling,the old house served as a dwelling for albert .,philip 's dwelling fronted on the street . - alfred tennyson .,1,4977
par,par,par for this course is 72 .,he needs to make this shot for par .,1,4978
charge,charge,how much do you charge for lunch ?,this fellow charges $ 100 for a massage .,1,4979
stretch,stretch,i always stretch my muscles before exercising .,his mustache stretched all the way to his sideburns .,0,4980
area,area,it was about 500 square feet in area .,the area of a rectangle .,1,4981
neighborhood,neighborhood,the price is in the neighborhood of $ 100 .,he always blames someone else in the immediate neighborhood .,0,4982
drag,drag,do n't drag me into this business .,drag this icon to the lower right hand corner of the screen .,0,4983
commercialization,commercialization,the government tried to accelerate the commercialization of this development .,my father considered the commercialization of christmas to be a sacrilege .,1,4984
field,field,there are several species of wild flowers growing in this field .,this racehorse is the strongest in a weak field .,0,4985
back,back,he wrote the date on the back of the photograph .,i hung the clothes on the back of the door .,1,4986
piece,piece,the children acted out a comic piece to amuse the guests .,an important piece of the evidence .,0,4987
teach,teach,can you teach me to sew ?,can you teach sewing to me ?,1,4988
form,form,he was at the top of his form .,the team was off form last night .,1,4989
think,think,she did n't think to harm me .,we thought to return early that night .,1,4990
post,post,he occupied a post in the treasury .,sent via post .,1,4991
see,see,i can see what will happen .,i ca n't see him on horseback !,1,4992
bit,bit,in just a bit .,there are 8 bits in a byte .,0,4993
stay,stay,to stay a flat sheet in a steam boiler .,i had to stay at home and watch the children .,0,4994
face,face,they climbed the north face of the mountain .,why the sad face ?,0,4995
death,death,the death of my grandmother saddened the whole family .,she stayed until his death .,0,4996
space,space,they tested his ability to locate objects in space .,write your name in the space provided .,0,4997
empathize,empathize,you really have to empathize with their doing it .,you really have to empathize with them .,1,4998
serve,serve,this table would serve very well .,they serve a restricted role on the bench .,1,4999
follow,follow,can you follow her argument ?,she followed the men with the binoculars .,0,5000
orbit,orbit,the moon 's orbit around the earth takes nearly one month to complete .,in the political orbit of a world power .,0,5001
do,do,do research .,this car does 150 miles per hour .,0,5002
stretch,stretch,stretch out that piece of cloth .,the rubber band stretched almost to the breaking point .,0,5003
pay,pay,"pay up , please !",it pays to go through the trouble .,0,5004
course,course,the course of the river .,he took a course in basket weaving .,0,5005
go,go,his knowledge does n't go very far .,this property goes all the way to the state line .,1,5006
tail,tail,"after the burly macho nudists ' polar bear dip , their tails were spectacularly shrunk , so they looked like an immature kid 's innocent tail .",most primates have a tail and fangs .,0,5007
fire,fire,they sat by the fire and talked .,he went through fire and damnation .,0,5008
protection,protection,he made trade protection a plank in the party platform .,insurance provided protection against loss of wages due to illness .,0,5009
strike,strike,strike a match .,the teacher struck the child .,0,5010
time,time,it took more than half my time .,i did n't have time to finish .,1,5011
develop,develop,develop a market for the new mobile phone .,please develop this roll of film .,0,5012
extend,extend,extend the casserole with a little rice .,can we extend the legs of this dining table ?,0,5013
word,word,he did n't say a word about it .,can i have a word with you ?,1,5014
bed,bed,he searched for treasure on the ocean bed .,there 's a lot of trash on the bed of the river .,1,5015
breakfast,breakfast,we breakfast at seven .,cynthia breakfasted on peaches .,1,5016
seat,seat,the seat of these trousers is almost worn through .,the seat of his pants was worn through .,1,5017
authority,authority,authority for the program was renewed several times .,he is an authority on corporate law .,0,5018
echo,echo,napoleon iii was an echo of the mighty emperor but an infinitely better man .,his contention contains more than an echo of rousseau .,1,5019
play,play,play sports .,we played hockey all afternoon .,1,5020
heart,heart,the heart and soul of the republican party .,the heart and soul of any democracy is its electorate .,1,5021
finish,finish,his best finish in a major tournament was third .,excitement grew as the finish neared .,0,5022
sense,sense,a sense of self .,a sense of security .,1,5023
bake,bake,bake the potatoes .,she 's been baking all day to prepare for the dinner .,1,5024
blow,blow,to blow a horse .,blow now !,0,5025
toy,toy,to toy with a piece of food on one 's plate .,toy with an idea .,1,5026
drink,drink,can i buy you a drink ?,he took a drink of his beer and smacked his lips .,0,5027
shade,shade,shade the meaning .,"the hillside was bright green , shading towards gold in the drier areas .",1,5028
game,game,i saw through his little game from the start .,you need four people to play this game .,0,5029
field,field,a crop circle was made in a corn field .,they are outstanding in their field .,0,5030
firewood,firewood,"after many days of hard work , we finally had enough firewood for the winter .",they collected and cut their own firewood .,1,5031
serve,serve,they serve a restricted role on the bench .,she served in congress for two terms .,0,5032
border,border,a solid border around a table of figures .,the border between canada and usa is the longest in the world .,0,5033
bounce,bounce,the ex-boxer 's job is to bounce people who want to enter this private club .,the rubber ball bounced .,0,5034
wall,wall,negotiations ran into a brick wall .,a wall of smoke .,1,5035
make,make,do n't make this into a big deal .,make yourself clear .,1,5036
touch,touch,do n't touch my cds !,stefan was touched by the song 's message of hope .,0,5037
connect,connect,the new railroad will connect the northern part of the state to the southern part .,can you connect the two loudspeakers ?,1,5038
taste,taste,the melon had a delicious taste .,the candy left him with a bad taste .,1,5039
opinion,opinion,he asked for a poll of public opinion .,his opinions appeared frequently on the editorial page .,0,5040
have,have,look what i have here — a frog i found on the street !,he had a cold last week .,0,5041
trim,trim,trim an airplane .,trim the photograph .,0,5042
leak,leak,a leak in a gas pipe .,a leak in a boat .,1,5043
use,use,we can use this mathematical formula to solve the problem .,use this knife to slice the bread .,1,5044
submission,submission,his submission to the will of god .,the union was brought into submission .,1,5045
past,past,a book about a time machine that can transport people back into the past .,forget the past .,1,5046
thing,thing,a thing of the spirit .,a funny thing happened on the way to the ...,0,5047
stay,stay,stay alone .,stay put in the corner here !,0,5048
time,time,the judge leniently granted a sentence with no hard time .,he is not living at home because he is doing time .,1,5049
baby,baby,when is your baby due ?,the baby of the supreme court .,0,5050
join,join,many children join a sports club .,most politicians have joined a party .,1,5051
mouth,mouth,they built a fire at the mouth of the cave .,he stuffed his mouth with candy .,0,5052
time,time,"okay , but this is the last time . no more after that !",he called four times .,1,5053
call,call,the mayor likes to call on some of the prominent citizens .,the engineer called round whilst you were away .,1,5054
picture,picture,the author gives a depressing picture of life in poland .,he had no clear picture of himself or his world .,0,5055
roll,roll,i want to get there early ; let 's roll .,the water rolled .,0,5056
floor,floor,the room has a wooden floor .,they needed rugs to cover the bare floors .,1,5057
formation,formation,the formation of memories .,the formation of sentences .,1,5058
avoid,avoid,her former friends now avoid her .,he avoided his nagging .,1,5059
top,top,the title should be written at the top of the first page .,he got a bright red top and string for his birthday .,0,5060
communicate,communicate,i feel i hardly know him ; i just wish he 'd communicate with me a little more .,he and his sons have n't communicated for years .,1,5061
run,run,do n't run that software unless you have permission . ' .,they ran twenty blood tests on me and they still do n't know what 's wrong .,1,5062
skinful,skinful,i was n't thinking straight – i 'd had a skinful that night .,someone had to drive me home last night because i had a skinful .,1,5063
cuddle,cuddle,"i 'm cold ; can you roll over here and cuddle me , honey ?",i cuddled the baby .,1,5064
move,move,"come on guys , let 's move : there 's work to do !",the horse moves a carriage .,0,5065
sound,sound,the sound awakened them .,owen sound .,0,5066
influence,influence,used her parents ' influence to get the job .,she was the most important influence in my life .,0,5067
catch,catch,catch fire .,the bucket catches water from the downspout .,1,5068
apply,apply,apply for a job .,he applied for a leave of absence .,1,5069
trace,trace,trace a design .,the women traced the pasture .,0,5070
pay,pay,pay an obligation .,he was allowed to go as soon as he paid .,1,5071
clear,clear,clear a debt .,the sky cleared .,0,5072
tune,tune,the clarinet was out of tune .,he can not sing in tune .,1,5073
leak,leak,one of the tires developed a leak .,the leaks by chelsea manning showed the secrets of the us military .,0,5074
force,force,may the force be with you .,the forces of evil .,1,5075
section,section,a section of a fishing rod .,she got a job in the historical section of the treasury .,0,5076
play,play,play safe .,play it safe .,1,5077
book,book,the book of isaiah .,genesis is the first book of the bible .,1,5078
follow,follow,can you follow her argument ?,a terrible tsunami followed the earthquake .,0,5079
academy,academy,a riding academy .,academies of literature and philology .,0,5080
appearance,appearance,the rookie made a brief appearance in the first period .,david beckham 's first appearance with the la galaxy at giants stadium against the new york red bulls last night drew a crowd of 66237 .,1,5081
nomination,nomination,the republican nomination for governor .,his nomination was hotly protested .,0,5082
distribute,distribute,the publisher wants to distribute the book in asia .,values distribute .,0,5083
eye,eye,he tried to catch her eye .,the thread would n't go through the eye .,0,5084
performance,performance,they admired his performance under stress .,when roger maris powered four home runs in one game his performance merits awe .,1,5085
emulsion,emulsion,an oil-in-water emulsion .,mayonnaise is an emulsion where egg is used to keep oil and water mixed .,1,5086
see,see,i want to see results .,the 1960 's saw the rebellion of the younger generation against established traditions .,1,5087
pattern,pattern,they stayed in the pattern until the fog lifted .,the traffic patterns around o'hare are very crowded .,1,5088
set,set,set these words in italics .,set the tray down .,0,5089
part,part,they resisted every effort on his part .,they analyzed the river into three parts .,0,5090
find,find,find the product of two numbers .,water is found to be a compound substance .,1,5091
stay,stay,i had to stay at home and watch the children .,"after the trial period , she was asked to stay on and work full-time .",0,5092
strike,strike,please strike this remark from the record .,strike a pose .,0,5093
doubt,doubt,i doubt these reports .,he doubted that was really what you meant .,1,5094
consummate,consummate,consummate a marriage .,"after the reception , he escorted her to the honeymoon suite to consummate their marriage .",1,5095
liking,liking,i 've always had a liking for reading .,she developed a liking for gin .,1,5096
remove,remove,remove a threat .,doug removed the smudges from the tabletop .,1,5097
peace,peace,our lounge strives to maintain an environment of peace for the comfort of our customers .,"my boy , this peace is what all true warriors strive for .",0,5098
connect,connect,the new railroad will connect the northern part of the state to the southern part .,these computers connected well .,1,5099
shortness,shortness,the shortness of a stubby pencil .,the patient 's shortness of breath .,1,5100
extension,extension,they applied for an extension of the loan .,the extension of ` satellite of mars ' is the set containing only demos and phobos .,0,5101
course,course,he took a course in basket weaving .,she prepared a three course meal .,0,5102
war,war,a war of wits .,a price war .,1,5103
quality,quality,this school is well-known for having teachers of high quality .,the quality of students has risen .,1,5104
use,use,use your head !,i used to get sick when i ate in that dining hall .,0,5105
remove,remove,remove a threat .,remove the dirty dishes from the table .,1,5106
fit,fit,"if i lose a few kilos , the gorgeous wedding dress might fit me .","the small shirt does n't fit me , so i 'll buy the medium size .",1,5107
personification,personification,she is the personification of optimism .,the grim reaper is a personification of death .,1,5108
place,place,they phoned hoping to place her in the management team .,i placed ten dollars on the lakers beating the bulls .,0,5109
sentence,sentence,the judge leniently granted a sentence with no hard time .    he is not living at home because he is doing time .,his sentence was 5 to 10 years .,1,5110
seat,seat,"he sat on the arm of the chair rather than the seat , which always annoyed his mother .",there were not enough seats for all the guests .,1,5111
post,post,it came by the first post .,if you hurry you 'll catch the post .,1,5112
day,day,in the day of the dinosaurs .,he was a successful pianist in his day .,1,5113
range,range,the plains lay just beyond the mountain range .,he dreamed of a home on the range .,0,5114
life,life,he got life for killing the guard .,city life .,0,5115
follow,follow,let 's follow our great helmsman !,the police had been following him for weeks but they could not prove his involvement in the bombing .,0,5116
club,club,to club exertions .,the two men clubbed together .,1,5117
luck,luck,bad luck caused his downfall .,i could n't believe my luck when i found a fifty dollar bill on the street .,1,5118
strike,strike,strike a medal .,she struck her head on the low ceiling .,0,5119
give,give,what will you give her for her birthday ?,she gave a pair of shoes to her husband for their anniversary .,1,5120
breath,breath,the child 's breath came quickly and unevenly .,he was fighting to his last breath .,1,5121
voice,voice,the voice of experience .,the wee small voice of conscience .,1,5122
know,know,i know that the president lied to the people .,i know it 's time .,1,5123
pull,pull,iron fillings drawn by the pull of a magnet .,the spaceship came under the pull of the gas giant .,1,5124
neck,neck,the horse won by a neck .,the bottle had a wide neck .,0,5125
spread,spread,i spread the rice grains evenly over the floor .,he spread fertilizer over the lawn .,1,5126
touch,touch,the two buildings touch .,their hands touched .,1,5127
face,face,an angry face .,why the sad face ?,0,5128
snorter,snorter,"the maths problem is a real snorter , is n't it ?",the batsman succumbed to a snorter of short balls from the bowler and nicked a thin edge to the keeper .,0,5129
neighborhood,neighborhood,my neighborhood voted for bush .,it is a friendly neighborhood .,1,5130
come,come,come down here !,come out of the closet !,1,5131
ear,ear,a good ear for pitch .,he had a keen ear .,1,5132
business,business,they did nearly a million dollars of business over the long weekend .,business is good today .,1,5133
set,set,the film is set in africa .,set the tray down .,0,5134
worry,worry,i 'm afflicted by worry throughout the night .,it is not work but worry that kills .,1,5135
audience,audience,every artist needs an audience .,he saw that he had lost his audience .,0,5136
sex,sex,we had sex in the back seat .,( the believers ... those ... ) who abstain from sex .,1,5137
beat,beat,i beat the traffic .,the drums beat all night .,0,5138
block,block,block a garment .,i blocked the mittens by wetting them and pinning them to a shaped piece of cardboard .,1,5139
confidence,confidence,"confidence is always borrowed , never owned .",after that failure he lost his confidence .,0,5140
point,point,at that point i had to leave .,a row of points .,0,5141
shock,shock,the first shock of the earthquake came shortly after noon while workers were at lunch .,the train hit the buffers with a great shock .,1,5142
time,time,see you another time .,this time he succeeded .,1,5143
fill,fill,the mixer returned to the plant for another fill .,he ate his fill of potatoes .,0,5144
simplify,simplify,this move will simplify our lives .,we had to simplify the instructions .,1,5145
air,air,he threw the ball into the air .,her hand stopped in mid air .,1,5146
feel,feel,i feel that he does n't like me .,i felt my way cautiously through the dangerous business maneuver .,0,5147
take,take,i 'll take that plate off the table .,take these letters to the boss .,1,5148
resistance,resistance,the resistance of bacteria to certain antibiotics .,widespread resistance to the new urban development plans .,1,5149
call,call,after two raises there was a call .,the salesman 's call on a customer .,0,5150
inclination,inclination,the alkaline inclination of the local waters .,her inclination is for classical music .,0,5151
throat,throat,the throat of a chimney .,the throat of the vase .,1,5152
drop,drop,drop him from the republican ticket .,shop til you drop .,0,5153
volume,volume,the gas expanded to twice its original volume .,the volume of ticket sales decreased this week .,1,5154
head,head,the head of the list .,the head of the stairs .,1,5155
head,head,12 head of big cattle and 14 head of branded calves .,they shot 20 head of quail .,1,5156
skin,skin,your skin is the largest organ of your body .,he is so disgusting he makes my skin crawl .,1,5157
knot,knot,the saw buckled when it hit a knot .,a small knot of women listened to his sermon .,0,5158
impact,impact,our choice of concrete will have a tremendous impact on the building 's mechanical performance .,the book had an important impact on my thinking .,1,5159
ride,ride,she loves to ride her new motorcycle through town .,the cab rode him downtown .,1,5160
effect,effect,the new law will come into effect on the first day of next year .,the law is still in effect .,1,5161
head,head,200 head of cattle .,12 head of big cattle and 14 head of branded calves .,1,5162
read,read,i ca n't read his strange behavior .,the fortune teller read his fate in the crystal ball .,1,5163
bum,bum,that mechanic 's a bum - he could n't fix a yo-yo .,that guy keeps interrupting the concert . throw the bum out !,1,5164
wrestle,wrestle,they had a fierce wrestle .,we watched his grappling and wrestling with the bully .,1,5165
trial,trial,a sample for ten days free trial .,candidates must compete in a trial of skill .,0,5166
sound,sound,the sound awakened them .,puget sound .,0,5167
work,work,i will work hard to improve my grades .,they worked at finishing the task .,1,5168
counterfeit,counterfeit,"to counterfeit the signature of another , coins , notes , etc .",they counterfeited dollar bills .,1,5169
avoid,avoid,i try to avoid the company of gamblers .,he avoided going to the area .,1,5170
have,have,i have a house and a car .,have an assistant .,0,5171
pay,pay,crime does n't pay .,he paid me 5000 pounds for the car .,0,5172
skeleton,skeleton,the battalion was a mere skeleton of its former self .,there must be a skeleton somewhere in that family 's closet .,0,5173
touch,touch,i would n't touch her with a ten-foot pole .,she never touched her husband .,0,5174
pack,pack,to pack goods in a box .,crowds packed the stands .,1,5175
call,call,call a runner out .,the mayor likes to call on some of the prominent citizens .,0,5176
recognition,recognition,he looked at her for ten full minutes before recognition dawned .,"molecular recognition drives all of biology , for instance , hormone and receptor or antibody-antigen interactions or the organization of molecules into larger biologically active entities .",0,5177
record,record,the prostitute had a record a mile long .,he ruled that the criminal record of the defendant could not be disclosed to the court .,1,5178
place,place,a place in my heart .,he comes from a place near chicago .,0,5179
session,session,a filming session .,a gossip session .,1,5180
point,point,he missed the point of the joke .,the cannibal 's teeth were filed to sharp points .,0,5181
day,day,he was a successful pianist in his day .,in the days of the roman empire .,1,5182
militate,militate,to militate against the possibility of his election .,to militate in favor of a particular result .,1,5183
catch,catch,catch fire .,the trees caught quickly in the dry wind .,1,5184
drop,drop,a drop of each sample was analyzed .,put three drops of oil into the mixture .,1,5185
field,field,he needs some time in the field before his judgment can be trusted .,this racehorse is the strongest in a weak field .,0,5186
deliver,deliver,deliver a package .,our local super market delivers .,1,5187
come,come,come into the room .,he came through the door .,1,5188
chain,chain,this led to an unfortunate chain of events .,"a chain of ideas , one leading to the next .",1,5189
remember,remember,can you remember her phone number ?,i ca n't remember saying any such thing .,1,5190
grip,grip,it was an old briefcase but it still had a good grip .,there are several good grips on the northern face of this rock .,1,5191
hit,hit,i hit the jackpot .,the temperature could hit 110 f tomorrow .,1,5192
time,time,that 's three times he 's made the same mistake .,when was the last time we went out ? i do n't remember .,1,5193
spot,spot,would you like to come round on sunday for a spot of lunch ?,the leopard is noted for the spots of color in its fur .,0,5194
resign,resign,he had no choice but to resign the game and let his opponent become the champion .,the chairman resigned when he was found to have misappropriated funds .,0,5195
progress,progress,the thick branches overhanging the path made progress difficult .,he listened for the progress of the troops .,1,5196
rub,rub,rub my hands .,i rubbed my hands together for warmth .,1,5197
defense,defense,defense against hurricanes is an urgent problem .,a good boxer needs a good defense .,1,5198
school,school,our children attend a public school in our neighborhood .,harvard university is a famous american postsecondary school .,1,5199
osculate,osculate,these two surfaces osculate .,one curve osculates the other .,1,5200
record,record,"al smith used to say , ` let 's look at the record ' .",his name is in all the record books .,1,5201
shoot,shoot,shoot a golf ball .,shoot craps .,1,5202
performance,performance,we congratulated him on his performance at the rehearsal .,the frequent performances of the symphony testify to its popularity .,0,5203
throw,throw,the horse threw its rider .,she threw herself forwards .,0,5204
pull,pull,you 're going to have to pull harder to get that cork out of the bottle .,he pulled out his gun before she had a chance to scream .,1,5205
trial,trial,he had a fair trial and the jury found him guilty .,the trials for the semifinals began yesterday .,0,5206
seize,seize,the rebels threaten to seize civilian hostages .,the terrorists seized the politicians .,1,5207
orbit,orbit,electrons orbit the nucleus .,the moon orbits around the earth .,1,5208
make,make,make a cake .,make a dress .,1,5209
leak,leak,a leak in a roof .,he had to clean up the leak .,1,5210
scene,scene,"the most moving scene is the final one , where he realizes he has wasted his whole life .","there were some very erotic scenes in the movie , although it was not classified as pornography .",1,5211
baby,baby,this project is his baby .,stand up for yourself - do n't be such a baby !,0,5212
furniture,furniture,a chair is furniture . sofas are also furniture .,there was only one piece of furniture in the room .,1,5213
beat,beat,beat one 's breast .,this beats me !,0,5214
life,life,he appointed himself emperor for life .,while there 's life there 's hope .,0,5215
care,care,i do n't care what he does .,we cared about the opera .,1,5216
plundering,plundering,the plundering of the parthenon .,his plundering of the great authors .,1,5217
substantiate,substantiate,the president 's trip will substantiate good relations with the former enemy country .,the painting substantiates the feelings of the artist .,0,5218
have,have,now we have a fine mess .,what do we have here ?,1,5219
fire,fire,put the kettle on the fire .,fire was one of our ancestors ' first discoveries .,0,5220
unit,unit,a unit of wheat is a bushel .,the word is a basic linguistic unit .,0,5221
stick,stick,to stick an apple on a fork .,he stuck the cloth with the needle .,1,5222
containment,containment,the containment of the rebellion .,the containment of the aids epidemic .,1,5223
stay,stay,you can stay with me while you are in town .,i can only stay for an hour .,0,5224
confidence,confidence,"confidence is always borrowed , never owned .",everyone trusted him with their confidences .,0,5225
appointment,appointment,the appointment had to be approved by the whole committee .,he erred by the appointment of unsuitable men .,1,5226
set,set,the country set .,the smart set goes there .,1,5227
throw,throw,the catcher made a good throw to second base .,he could n't afford $ 50 a throw .,0,5228
throw,throw,throw the car into reverse .,"have , throw , or make a party .",0,5229
connect,connect,can you connect the two loudspeakers ?,this computer will connect well to the network .,1,5230
come,come,come out of the closet !,i was standing on the corner when nick came up and asked for a cigarette .,1,5231
head,head,200 head of cattle and 50 head of horses .,at five years of age this head of cattle is worth perhaps $ 40 .,1,5232
open,open,vermont will open elk hunting season next week .,open a business .,1,5233
theater,theater,his grandfather was in the pacific theater during the war .,he served in the vietnam theater for three years .,1,5234
side,side,he never left my side .,they always sat on the right side of the church .,1,5235
game,game,you need four people to play this game .,games in the classroom can make learning fun .,1,5236
run,run,"a daily run of 100,000 gallons of paint .","yesterday we did a run of 12,000 units .",1,5237
limitation,limitation,it is growing rapidly with no limitation in sight .,statute of limitations .,0,5238
dress,dress,can the child dress by herself ?,marlene dressed herself .,1,5239
quality,quality,a man of quality .,a peasant is not allowed to fall in love with a lady of quality .,1,5240
stick,stick,a stick of dynamite .,cinnamon sticks .,1,5241
center,center,convention center .,it is a center 's responsibility to get the football to the quarterback .,0,5242
lot,lot,has a happy lot .,lots of people think so .,0,5243
accept,accept,accept students for graduate study .,i can not accept your invitation .,0,5244
place,place,he comes from a place near chicago .,he lost his place on the page .,0,5245
shake,shake,shake the salt out of the salt shaker .,i could n't shake the car that was following me .,0,5246
land,land,it can be tricky to land a helicopter .,the plane landed in istanbul .,0,5247
conflict,conflict,this form of conflict is essential to mann 's writing .,a conflict of loyalties .,0,5248
pack,pack,such odd-shaped items do not pack well .,she packs a gun when she goes into the mountains .,0,5249
grate,grate,grate carrots and onions .,grate nutmeg .,1,5250
appointment,appointment,i 'm leaving work early because i have a doctor 's appointment .,he erred by the appointment of unsuitable men .,0,5251
catch,catch,ears open to catch every sound .,catch a glimpse .,1,5252
locate,locate,our sense of sight enables us to locate objects in space .,can you locate your cousins in the midwest ?,0,5253
winnow,winnow,winnow chaff .,winnow the finalists from the long list of applicants .,0,5254
finance,finance,can we finance the addition to our home ?,he financed his home purchase through a local credit union .,1,5255
beat,beat,thugs beat him up when he walked down the street late at night .,agassi beat becker in the tennis championship .,0,5256
enter,enter,enter an agreement .,enter negotiations .,1,5257
run,run,my computer is too old to run the new os .,they ran twenty blood tests on me and they still do n't know what 's wrong .,1,5258
body,body,he felt as if his whole body were on fire .,all bodies are held together by internal forces .,1,5259
floor,floor,the floor of the cave .,the pit floor showed where a ring of post holes had been .,1,5260
waste,waste,much of the waste material is carried off in the sewers .,they collect the waste once a week .,1,5261
start,start,to start a stream of water .,start a new job .,0,5262
approach,approach,to approach the city .,do n't approach that house .,1,5263
tip,tip,tip the screen upward .,tip artichokes .,0,5264
care,care,he does n't care about how / whether she comes .,i do n't care what he does .,1,5265
term,term,a prison term .,he was sentenced to a term of six years in prison .,1,5266
krona,krona,piecas kronas — five krona .,"papīra krona — paper krona ( i.e. , bills , banknotes ) .",1,5267
touch,touch,she did n't touch her food all night .,the two buildings touch .,0,5268
masturbate,masturbate,i find this difficult to masturbate to .,the old man wanted to be masturbated by the prostitute .,1,5269
thing,thing,i could n't tell what the thing was .,to say the same thing in other terms .,0,5270
breath,breath,i could feel the runner 's breath on my shoulder .,his sour breath offended her .,1,5271
connection,connection,there was a connection via the internet .,the connection between overeating and obesity .,0,5272
call,call,he heard the phone ringing but did n't want to take the call .,i received several phone calls today .,1,5273
space,space,it all happened in the space of 10 minutes .,the architect left space in front of the building .,0,5274
range,range,any good golf club will have a range where you can practice .,they used to drive the cattle across the open range every spring .,0,5275
front,front,the japanese were active last week on the diplomatic front .,they advertise on many different fronts .,1,5276
talk,talk,although i do n't speak chinese i managed to talk with the villagers using signs and gestures .,the baby talks already .,1,5277
embody,embody,"as the car salesman approached , wearing a plaid suit and slicked-back hair , he seemed to embody sleaze .",this painting embodies the feelings of the romantic period .,1,5278
hand,hand,give me a hand with the chores .,"on the one hand ... , but on the other hand ...",0,5279
prescription,prescription,i tried to follow her prescription for success .,he told the doctor that he had been taking his prescription regularly .,0,5280
sign,sign,their angry expressions were a clear sign they did n't want to talk .,"signs of disease are objective , whereas symptoms are subjective .",1,5281
snap,snap,snap a football .,the lock snapped shut .,0,5282
mystery,mystery,how it got out is a mystery .,the truth behind the events remains a mystery .,1,5283
get,get,let 's get down to work now .,get working as soon as the sun rises !,1,5284
dip,dip,dip the brush into the paint .,i had to dip into my savings to buy him this present .,0,5285
break,break,we took a 10-minute break .,let 's take a five-minute break .,1,5286
sack,sack,he got the sack for being late all the time .,the boss is gon na give her the sack today .,1,5287
pump,pump,pump bullets into the dummy .,the athlete pumps weights in the gym .,0,5288
carry,carry,i will carry the secret to my grave .,i carry her image in my mind 's eye .,1,5289
add,add,to add numbers .,this paper will add to her reputation .,0,5290
sleep,sleep,he felt better after a little sleep .,they had to put their family pet to sleep .,0,5291
business,business,business is good today .,business has been slow lately .,1,5292
step,step,he wo n't step into his father 's footsteps .,step over to the blackboard .,0,5293
execute,execute,there are certain states where it is lawful to execute prisoners convicted of certain crimes .,"in some states , criminals are executed .",1,5294
shrinkage,shrinkage,the material lost 2 inches per yard in shrinkage .,shrinkage is the retail trade 's euphemism for shoplifting .,0,5295
appearance,appearance,"a person makes his appearance as an historian , an artist , or an orator .",his sudden appearance surprised me .,0,5296
support,support,he does not support his natural children .,the government supports the arts in several ways .,1,5297
undergo,undergo,undergo a strange sensation .,the chemical undergoes a sudden change .,1,5298
strip,strip,strip a wall of its wallpaper .,norm will strip the old varnish before painting the chair .,1,5299
block,block,he held a large block of the company 's stock .,the pyramids were built with large stone blocks .,0,5300
cold,cold,he shivered from the cold .,the cold helped clear his head .,1,5301
pound,pound,pound the roots with a heavy flat stone .,the salesman pounded the door knocker .,0,5302
burn,burn,burn garbage .,the car burns only diesel oil .,1,5303
complexion,complexion,a liberal political complexion .,he altered the complexion of his times .,1,5304
use,use,i ca n't use this tool .,he does n't know how to use a computer .,1,5305
ball,ball,the ball travelled 90 mph on his serve .,the mayor threw out the first ball .,1,5306
bear,bear,bear a heavy load .,bear a resemblance .,0,5307
price,price,the price of success is hard work .,what price glory ?,1,5308
shift,shift,we 'll have to shift these boxes to the downtown office .,shift one 's attention .,1,5309
clarify,clarify,clarify beer .,clarify the butter .,1,5310
clap,clap,"if your dick has "" the drip "" you probably have the clap and need to go to the sex clinic .","off in the distance , he heard the clap of thunder .",0,5311
trend,trend,not openly liberal but that is the trend of the book .,the trend of the stock market .,0,5312
shuffle,shuffle,"you shuffle , i 'll deal .",he shuffled his funds among different accounts in various countries so as to avoid the irs .,0,5313
call,call,we could always call on a friend .,the engineer called round whilst you were away .,0,5314
coverage,coverage,"before laying sod on that clay , the ground needs two inches of coverage with topsoil .",do n't go to lunch if we do n't have enough coverage for the help-desk phones .,1,5315
tell,tell,i want to tell a story .,tell what happened .,1,5316
break,break,did you two break the trolley by racing with it ?,on the hottest day of the year the refrigerator broke .,1,5317
copy,copy,she made a copy of the designer dress .,the clone was a copy of its ancestor .,1,5318
block,block,block the wheels of a car .,block his election .,0,5319
opening,opening,the opening received good critical reviews .,the opening established the basic theme .,0,5320
conflict,conflict,the conflict between the government and the rebels began three years ago .,i wanted to attend the meeting but there 's a conflict in my schedule that day .,0,5321
drive,drive,drive a ball .,what are you driving at ?,0,5322
scene,scene,the crazy lady made a scene in the grocery store .,he painted scenes from everyday life .,0,5323
credit,credit,he was given credit for his work .,give her credit for trying .,1,5324
class,class,she has a lot of class .,the class of all sets is not a set .,0,5325
pack,pack,such odd-shaped items do not pack well .,this singer always packs the concert halls .,0,5326
feeling,feeling,he had a great feeling for music .,the house gave me a feeling of dread .,0,5327
slot,slot,bob dylan occupied the top slot for several weeks .,he put a quarter in the slot .,0,5328
season,season,she always looked forward to the avocado season .,he celebrated his 10th season with the ballet company .,1,5329
start,start,i start my day with a good breakfast .,who started this company ?,1,5330
see,see,you have to be a good observer to see all the details .,can you see the bird in that tree ?,1,5331
pipe,pipe,pipe a tune .,"pipe oil , water , and gas into the desert .",0,5332
mode,mode,their nomadic mode of existence .,switched from keyboard to voice mode .,0,5333
wall,wall,the south wall had a small window .,a wall of prejudice .,0,5334
faith,faith,they broke faith with their investors .,a member of his own faith contradicted him .,0,5335
say,say,i can not say ` zip wire ' .,please say your name slowly and clearly .,1,5336
root,root,the love of money is the root of all evil .,communism 's russian root .,1,5337
point,point,point the letter .,the dancers toes pointed outward .,0,5338
run,run,run a new program on the mac .,they ran twenty blood tests on me and they still do n't know what 's wrong .,1,5339
neighbour,neighbour,my neighbour is very irritable and grumpy at times .,they ′re our neighbours across the street .,1,5340
home,home,home is where the heart is .,he grew up in a good christian home .,1,5341
serve,serve,we serve meals for the homeless .,the entertainers served up a lively show .,1,5342
life,life,he hoped for a new life in australia .,pottery was his life .,0,5343
thrust,thrust,the thrust of the jet engines .,he made a thrusting motion with his fist .,0,5344
be,be,i shall be writing to you soon .,i have been to spain many times .,1,5345
run,run,the ship made its run in record time .,the bus on the cherry street run is always crowded .,1,5346
cut,cut,the coach cut two players from the team .,we cut through the neighbor 's yard to get home sooner .,0,5347
formation,formation,a formation of planes .,a defensive formation .,1,5348
fatigue,fatigue,the soldiers were put on fatigue to teach them a lesson .,they were assigned to kitchen fatigues .,1,5349
strike,strike,we will strike a medal in your honour .,strike coins .,1,5350
stretch,stretch,i was right in the middle of a stretch when the phone rang .,to say crossing the street was brave was quite a stretch .,1,5351
land,land,this may land you in jail .,use the net to land the fish .,1,5352
persuasion,persuasion,i am not of your persuasion .,it is his persuasion that abortion should never be condoned .,1,5353
strangle,strangle,he tried to strangle his opponent .,he strangled his wife and dissolved the body in acid .,1,5354
join,join,many children join a sports club .,he joined the communist party as a young man .,1,5355
strike,strike,strike an arc .,they were struck with fear .,0,5356
stretch,stretch,he did a stretch in the federal penitentiary .,there were stretches of boredom .,1,5357
voice,voice,canst thou thunder with a voice like him ? — job 40:9 .,the noisy voice of the waterfall .,0,5358
charge,charge,charge a conductor .,the speaker charged up the crowd with his inflammatory remarks .,0,5359
gather,gather,gather some stones .,people gathered round as he began to tell his story .,1,5360
be,be,when will the meeting be ?,i shall be writing to you soon .,1,5361
lift,lift,some actresses have more than one face lift .,take the lift to the fourth floor .,0,5362
pack,pack,pack the books into the boxes .,to pack fish .,1,5363
stand,stand,where do you stand on the war ?,standing water .,0,5364
round,round,the round of the seasons .,the story is going the rounds in washington .,0,5365
chain,chain,a chain of mountains .,this led to an unfortunate chain of events .,1,5366
strike,strike,strike coins .,a bullet struck him .,0,5367
comfort,comfort,his friendship was a comfort .,a padded chair was one of the room 's few comforts .,1,5368
loan,loan,he got a loan of five thousand pounds .,"all loans from the library , whether books or audio material , must be returned within two weeks .",1,5369
note,note,there was a note of uncertainty in his voice .,"i did n't have any coins to pay with , so i used a note .",0,5370
train,train,a train of thought .,"unfortunately , the leading bridesmaid stepped on the bride 's train as they were walking down the aisle .",0,5371
do,do,do research .,will $ 100 do ?,0,5372
connect,connect,can you connect the two loudspeakers ?,herman connected the computers .,1,5373
draw,draw,draw on a cigarette .,"she drew $ 2,000 from the account .",0,5374
breath,breath,the child 's breath came quickly and unevenly .,he took a deep breath and dived into the pool .,1,5375
place,place,we thought we would win but only ended up in fourth place .,he comes from a place near chicago .,0,5376
fondle,fondle,mothers fondle their babies .,they fondled in the back seat of the taxi .,1,5377
meet,meet,the company agrees to meet the cost of any repairs .,does this paper meet the requirements for the degree ?,1,5378
field,field,there are several species of wild flowers growing in this field .,gold field .,0,5379
scale,scale,the holocaust was insanity on an enormous scale .,the scale of the model .,1,5380
life,life,he could no longer cope with the complexities of life .,get a life .,0,5381
plane,plane,any line joining two points on a plane lies wholly on that plane .,we will refer to the plane of the graph as the x-y plane .,1,5382
communication,communication,they could not act without official communication from moscow .,some say that communication is a necessary prerequisite for sentience ; others say that it is a result thereof .,1,5383
anger,anger,you anger too easily .,he angers easily .,1,5384
multiplication,multiplication,this multiplication of cells is a natural correlate of growth .,repeated copying leads to a multiplication of errors .,1,5385
admit,admit,the french doors admit onto the yard .,he admitted his errors .,0,5386
exhaust,exhaust,exhaust one 's savings .,this kind of work exhausts me .,0,5387
date,date,"the date of a letter , of a will , of a deed , of a coin , etc .",he tried to memorizes all the dates for his history class .,1,5388
kill,kill,kill the engine .,she was killed in the collision of three cars .,0,5389
admit,admit,to admit a serious thought into the mind .,she admitted us here .,1,5390
face,face,put a big sign on each face of the building that can be seen from the road .,she wanted to wipe him off the face of the earth .,1,5391
life,life,life depends on many chemical and physical processes .,the battery had a short life .,0,5392
piece,piece,i need to rest for a piece .,she bought a lovely piece of china .,0,5393
write,write,how many books did georges simenon write ?,please write to me every week .,0,5394
enable,enable,this skill will enable you to find a job on wall street .,the rope enables you to secure yourself when you climb the mountain .,1,5395
fun,fun,i do it for the fun of it .,he is fun to have around .,1,5396
answer,answer,the man must answer to his employer for the money entrusted to his care .,she must answer for her actions .,1,5397
history,history,a history of france .,a critical time in the school 's history .,0,5398
rate,rate,the rate of production at the factory is skyrocketing .,he works at a great rate .,1,5399
hit,hit,hit the bottle .,he hit a home run .,0,5400
point,point,get to the point .,at that point i had to leave .,0,5401
krona,krona,kronas kurss — the exchange rate of the krona .,grāmata maksā piecas kronas — the book costs five krona .,1,5402
sanitize,sanitize,sanitize the language in a book .,sanitize history .,1,5403
try,try,you are trying my patience .,try the yak butter .,0,5404
classify,classify,how would you classify these pottery shards -- are they prehistoric ?,she classified the works as ' dangerous ' .,1,5405
patch,patch,a patch of clouds .,patches of thin ice .,1,5406
break,break,my daughter 's fancy wedding is going to break me !,he broke the glass plate .,0,5407
misery,misery,the misery and wretchedness of those slums is intolerable .,she was exhausted by her misery and grief .,0,5408
foot,foot,armored from head to foot .,the swiftest of foot .,0,5409
shopping,shopping,women carrying home shopping did n't give me a second glance .,on saturdays we usually do the shopping .,0,5410
quality,quality,"while being impulsive can be great for artists , it is not a desirable quality for engineers .","security , stability , and efficiency are good qualities of an operating system .",1,5411
motion,motion,the cinema relies on apparent motion .,he made a motion to adjourn .,0,5412
render,render,render thanks .,render fat in a casserole .,0,5413
night,night,it vanished into the night .,the cat disappeared into the night .,1,5414
drive,drive,i drive to work every day .,we drove to the university every morning .,1,5415
air,air,he threw the ball into the air .,a smell of chemicals in the air .,0,5416
keep,keep,keep open the possibility of a merger .,"keep my seat , please .",1,5417
sign,sign,those clouds show little sign of raining soon .,"signs of disease are objective , whereas symptoms are subjective .",1,5418
stretch,stretch,cats stretch with equal ease and agility beyond the point that breaks a man on the rack .,stretch your legs !,1,5419
bed,bed,we added a new rosebush to our rose bed .,the gardener planted a bed of roses .,1,5420
state,state,his state of health .,in a weak financial state .,1,5421
drink,drink,likes a drink before dinner .,can i buy you a drink ?,1,5422
krona,krona,piecas kronas — five krona .,kronas kurss — the exchange rate of the krona .,1,5423
conflict,conflict,"the harder the conflict the more glorious the triumph ""-- thomas paine .",the conflict between the government and the rebels began three years ago .,1,5424
answer,answer,answer the riddle .,answer a question .,1,5425
play,play,play the casinos in trouville .,play the races .,1,5426
invasion,invasion,an invasion of bees .,an invasion of mobile phones .,1,5427
